{"filename": "292821506_07-13-2013-XR_CHEST_AP_PORTABLE_for_Douglas_Davidson-46198_1001_000000-37718_1-1.dcm", "annotation": [{"key": {"text": "Institution Name", "bbox": [156, 672, 314, 684]}, "value": {"text": "Scott Community Hospital", "bbox": [318, 672, 554, 687]}}, {"key": {"text": "Study Date", "bbox": [156, 692, 263, 707]}, "value": {"text": "2023 Feb 11", "bbox": [267, 692, 378, 704]}}, {"key": {"text": "Patient ID", "bbox": [156, 712, 252, 724]}, "value": {"text": "292821506", "bbox": [256, 712, 356, 724]}}, {"key": {"text": "Name", "bbox": [156, 732, 214, 744]}, "value": {"text": "Salley Roussos", "bbox": [218, 732, 352, 747]}}, {"key": {"text": "Age", "bbox": [156, 752, 197, 767]}, "value": {"text": "26", "bbox": [201, 752, 223, 764]}}, {"key": {"text": "DOB", "bbox": [156, 772, 202, 784]}, "value": {"text": "04/11/1996", "bbox": [206, 772, 307, 785]}}]}