{"filename": "3209648408_09-23-1999-CT_UROGRAM-31798_3_000000-PARENCHYMAL_PHASE_Sep1999-95798_1-070.dcm", "annotation": [{"key": {"text": "Institution Name", "bbox": [292, 432, 391, 440]}, "value": {"text": "Nielsen, Jimenez and Aguilar Community Hospital", "bbox": [395, 460, 509, 470]}}, {"key": {"text": "Study Date", "bbox": [292, 474, 359, 484]}, "value": {"text": "2023 Jul 28", "bbox": [363, 474, 426, 484]}}, {"key": {"text": "Patient ID", "bbox": [292, 488, 352, 496]}, "value": {"text": "3209648408", "bbox": [356, 489, 426, 496]}}, {"key": {"text": "Name", "bbox": [292, 503, 328, 510]}, "value": {"text": "Elfrieda Valerie", "bbox": [332, 502, 419, 510]}}]}