{"filename": "3209648408_09-23-1999-CT_UROGRAM-31798_3_000000-PARENCHYMAL_PHASE_Sep1999-95798_1-098.dcm", "annotation": [{"key": {"text": "Institution Name", "bbox": [281, 31, 380, 39]}, "value": {"text": "Nielsen, Jimenez and Aguilar Community Hospital", "bbox": [384, 59, 502, 69]}}, {"key": {"text": "Study Date", "bbox": [281, 73, 348, 83]}, "value": {"text": "2023 Mar 10", "bbox": [352, 74, 422, 81]}}, {"key": {"text": "Patient ID", "bbox": [281, 87, 341, 95]}, "value": {"text": "3209648408", "bbox": [345, 88, 415, 95]}}, {"key": {"text": "Name", "bbox": [281, 102, 317, 109]}, "value": {"text": "MICKI KANIPE", "bbox": [321, 102, 399, 109]}}, {"key": {"text": "Age", "bbox": [281, 116, 307, 125]}, "value": {"text": "82", "bbox": [311, 116, 325, 123]}}, {"key": {"text": "DOB", "bbox": [281, 130, 309, 137]}, "value": {"text": "08/19/1940", "bbox": [313, 130, 376, 138]}}]}