{"filename": "3209648408_09-23-1999-CT_UROGRAM-31798_3_000000-PARENCHYMAL_PHASE_Sep1999-95798_1-064.dcm", "annotation": [{"key": {"text": "Institution Name", "bbox": [58, 29, 157, 37]}, "value": {"text": "Nielsen, Jimenez and Aguilar Community Hospital", "bbox": [161, 29, 441, 39]}}, {"key": {"text": "Study Date", "bbox": [58, 43, 125, 53]}, "value": {"text": "2023 Jan 02", "bbox": [129, 44, 195, 53]}}, {"key": {"text": "Patient ID", "bbox": [58, 57, 118, 65]}, "value": {"text": "3209648408", "bbox": [122, 58, 192, 65]}}, {"key": {"text": "Name", "bbox": [58, 72, 94, 79]}, "value": {"text": "ISABELLE BREEN", "bbox": [98, 72, 192, 79]}}, {"key": {"text": "Age", "bbox": [58, 86, 84, 95]}, "value": {"text": "35", "bbox": [88, 86, 102, 93]}}, {"key": {"text": "DOB", "bbox": [58, 100, 86, 107]}, "value": {"text": "03/29/1987", "bbox": [90, 100, 153, 108]}}]}