{"filename": "3209648408_09-23-1999-CT_UROGRAM-31798_3_000000-PARENCHYMAL_PHASE_Sep1999-95798_1-053.dcm", "annotation": [{"key": {"text": "Institution Name", "bbox": [304, 426, 403, 434]}, "value": {"text": "Nielsen, Jimenez and Aguilar Community Hospital", "bbox": [407, 468, 500, 478]}}, {"key": {"text": "Study Date", "bbox": [304, 482, 371, 492]}, "value": {"text": "2023 Sep 06", "bbox": [375, 483, 445, 492]}}, {"key": {"text": "Patient ID", "bbox": [304, 496, 364, 504]}, "value": {"text": "3209648408", "bbox": [368, 497, 438, 504]}}]}