{"filename": "3209648408_09-23-1999-CT_UROGRAM-31798_3_000000-PARENCHYMAL_PHASE_Sep1999-95798_1-148.dcm", "annotation": [{"key": {"text": "Institution Name", "bbox": [284, 45, 383, 53]}, "value": {"text": "Nielsen, Jimenez and Aguilar Community Hospital", "bbox": [387, 73, 505, 83]}}, {"key": {"text": "Study Date", "bbox": [284, 87, 351, 97]}, "value": {"text": "2023 Dec 12", "bbox": [355, 88, 425, 95]}}, {"key": {"text": "Patient ID", "bbox": [284, 101, 344, 109]}, "value": {"text": "3209648408", "bbox": [348, 102, 418, 109]}}, {"key": {"text": "Name", "bbox": [284, 116, 320, 123]}, "value": {"text": "ALLAN SHROCK", "bbox": [324, 116, 412, 123]}}, {"key": {"text": "Age", "bbox": [284, 130, 310, 139]}, "value": {"text": "58", "bbox": [314, 130, 328, 137]}}, {"key": {"text": "DOB", "bbox": [284, 144, 312, 151]}, "value": {"text": "10/18/1965", "bbox": [316, 144, 379, 152]}}]}