{"filename": "3209648408_09-23-1999-CT_UROGRAM-31798_3_000000-PARENCHYMAL_PHASE_Sep1999-95798_1-094.dcm", "annotation": [{"key": {"text": "Institution Name", "bbox": [304, 51, 403, 59]}, "value": {"text": "Nielsen, Jimenez and Aguilar Community Hospital", "bbox": [407, 93, 500, 103]}}, {"key": {"text": "Study Date", "bbox": [304, 107, 371, 117]}, "value": {"text": "2023 Nov 01", "bbox": [375, 108, 446, 115]}}, {"key": {"text": "Patient ID", "bbox": [304, 121, 364, 129]}, "value": {"text": "3209648408", "bbox": [368, 122, 438, 129]}}, {"key": {"text": "Name", "bbox": [304, 136, 340, 143]}, "value": {"text": "Salina Sillas", "bbox": [344, 135, 412, 143]}}, {"key": {"text": "Age", "bbox": [304, 150, 330, 159]}, "value": {"text": "50", "bbox": [334, 150, 348, 157]}}, {"key": {"text": "DOB", "bbox": [304, 164, 332, 171]}, "value": {"text": "05/03/1973", "bbox": [336, 164, 399, 172]}}]}