{"filename": "3209648408_09-23-1999-CT_UROGRAM-31798_3_000000-PARENCHYMAL_PHASE_Sep1999-95798_1-145.dcm", "annotation": [{"key": {"text": "Institution Name", "bbox": [302, 49, 401, 57]}, "value": {"text": "Nielsen, Jimenez and Aguilar Community Hospital", "bbox": [405, 91, 498, 101]}}, {"key": {"text": "Study Date", "bbox": [302, 105, 369, 115]}, "value": {"text": "2023 Jan 06", "bbox": [373, 106, 439, 115]}}, {"key": {"text": "Patient ID", "bbox": [302, 119, 362, 127]}, "value": {"text": "3209648408", "bbox": [366, 120, 436, 127]}}, {"key": {"text": "Name", "bbox": [302, 134, 338, 141]}, "value": {"text": "JAMEE BERNSTROM", "bbox": [341, 134, 451, 143]}}, {"key": {"text": "Age", "bbox": [302, 148, 328, 157]}, "value": {"text": "76", "bbox": [332, 148, 346, 155]}}, {"key": {"text": "DOB", "bbox": [302, 162, 330, 169]}, "value": {"text": "09/18/1946", "bbox": [334, 162, 397, 170]}}]}