{"filename": "3209648408_09-23-1999-CT_UROGRAM-31798_3_000000-PARENCHYMAL_PHASE_Sep1999-95798_1-077.dcm", "annotation": [{"key": {"text": "Institution Name", "bbox": [305, 406, 404, 414]}, "value": {"text": "Nielsen, Jimenez and Aguilar Community Hospital", "bbox": [408, 448, 501, 458]}}, {"key": {"text": "Study Date", "bbox": [305, 462, 372, 472]}, "value": {"text": "2023 Mar 28", "bbox": [376, 463, 446, 470]}}, {"key": {"text": "Patient ID", "bbox": [305, 476, 365, 484]}, "value": {"text": "3209648408", "bbox": [369, 477, 439, 484]}}, {"key": {"text": "Name", "bbox": [305, 491, 341, 498]}, "value": {"text": "ANGELIKA QUATREVINGT", "bbox": [345, 491, 485, 499]}}]}