{"filename": "3209648408_09-23-1999-CT_UROGRAM-31798_3_000000-PARENCHYMAL_PHASE_Sep1999-95798_1-082.dcm", "annotation": [{"key": {"text": "Study Date"}, "value": {"text": "2023 May 13", "bbox": [267, 56, 339, 65]}}, {"key": {"text": "Name"}, "value": {"text": "JONI LATE", "bbox": [342, 56, 398, 65]}}, {"key": {"text": "Patient Sex"}, "value": {"text": "M", "bbox": [402, 56, 412, 63]}}, {"key": {"text": "DOB", "bbox": [267, 70, 295, 77]}, "value": {"text": "08/11/1942", "bbox": [299, 70, 362, 78]}}]}