{"filename": "3209648408_09-23-1999-CT_UROGRAM-31798_3_000000-PARENCHYMAL_PHASE_Sep1999-95798_1-074.dcm", "annotation": [{"key": {"text": "Institution Name", "bbox": [285, 427, 384, 435]}, "value": {"text": "Nielsen, Jimenez and Aguilar Community Hospital", "bbox": [388, 455, 506, 465]}}, {"key": {"text": "Study Date", "bbox": [285, 469, 352, 479]}, "value": {"text": "2023 Feb 08", "bbox": [356, 469, 425, 477]}}, {"key": {"text": "Patient ID", "bbox": [285, 483, 345, 491]}, "value": {"text": "3209648408", "bbox": [349, 484, 419, 491]}}, {"key": {"text": "Name", "bbox": [285, 498, 321, 505]}, "value": {"text": "EWA SALDVIR", "bbox": [325, 498, 403, 505]}}]}