{"filename": "3209648408_09-23-1999-CT_UROGRAM-31798_3_000000-PARENCHYMAL_PHASE_Sep1999-95798_1-108.dcm", "annotation": [{"key": {"text": "Institution Name", "bbox": [289, 31, 388, 39]}, "value": {"text": "Nielsen, Jimenez and Aguilar Community Hospital", "bbox": [392, 59, 510, 69]}}, {"key": {"text": "Study Date", "bbox": [289, 73, 356, 83]}, "value": {"text": "2023 Dec 27", "bbox": [360, 74, 430, 81]}}, {"key": {"text": "Patient ID", "bbox": [289, 87, 349, 95]}, "value": {"text": "3209648408", "bbox": [353, 88, 423, 95]}}, {"key": {"text": "Name", "bbox": [289, 102, 325, 109]}, "value": {"text": "CRISTA VETH", "bbox": [329, 102, 402, 109]}}, {"key": {"text": "Age", "bbox": [289, 116, 315, 125]}, "value": {"text": "26", "bbox": [319, 116, 333, 123]}}, {"key": {"text": "DOB", "bbox": [289, 130, 317, 137]}, "value": {"text": "11/13/1997", "bbox": [321, 130, 384, 138]}}]}