{"filename": "3209648408_09-23-1999-CT_UROGRAM-31798_3_000000-PARENCHYMAL_PHASE_Sep1999-95798_1-010.dcm", "annotation": [{"key": {"text": "Institution Name", "bbox": [261, 436, 360, 444]}, "value": {"text": "Nielsen, Jimenez and Aguilar Community Hospital", "bbox": [364, 464, 482, 474]}}, {"key": {"text": "Study Date", "bbox": [261, 478, 328, 488]}, "value": {"text": "2023 Jun 18", "bbox": [332, 479, 399, 488]}}, {"key": {"text": "Patient ID", "bbox": [261, 492, 321, 500]}, "value": {"text": "3209648408", "bbox": [325, 493, 395, 500]}}]}