{"filename": "3209648408_09-23-1999-CT_UROGRAM-31798_3_000000-PARENCHYMAL_PHASE_Sep1999-95798_1-037.dcm", "annotation": [{"key": {"text": "Study Date"}, "value": {"text": "2023 May 05", "bbox": [54, 29, 126, 38]}}, {"key": {"text": "Name"}, "value": {"text": "JETTIE CHATON", "bbox": [129, 29, 215, 38]}}, {"key": {"text": "Patient Sex"}, "value": {"text": "F", "bbox": [219, 29, 226, 36]}}, {"key": {"text": "DOB", "bbox": [54, 43, 82, 50]}, "value": {"text": "03/19/2002", "bbox": [86, 43, 149, 51]}}]}