{"filename": "3209648408_09-23-1999-CT_UROGRAM-31798_3_000000-PARENCHYMAL_PHASE_Sep1999-95798_1-032.dcm", "annotation": [{"key": {"text": "Institution Name", "bbox": [281, 430, 380, 438]}, "value": {"text": "Nielsen, Jimenez and Aguilar Community Hospital", "bbox": [384, 458, 502, 468]}}, {"key": {"text": "Study Date", "bbox": [281, 472, 348, 482]}, "value": {"text": "2023 Mar 07", "bbox": [352, 473, 422, 480]}}, {"key": {"text": "Patient ID", "bbox": [281, 486, 341, 494]}, "value": {"text": "3209648408", "bbox": [345, 487, 415, 494]}}, {"key": {"text": "Name", "bbox": [281, 501, 317, 508]}, "value": {"text": "Janean Austine", "bbox": [320, 500, 406, 510]}}]}