{"filename": "3209648408_09-23-1999-CT_UROGRAM-31798_3_000000-PARENCHYMAL_PHASE_Sep1999-95798_1-117.dcm", "annotation": [{"key": {"text": "Institution Name", "bbox": [257, 28, 356, 36]}, "value": {"text": "Nielsen, Jimenez and Aguilar Community Hospital", "bbox": [360, 56, 478, 66]}}, {"key": {"text": "Study Date", "bbox": [257, 70, 324, 80]}, "value": {"text": "2023 Feb 17", "bbox": [328, 70, 397, 78]}}, {"key": {"text": "Patient ID", "bbox": [257, 84, 317, 92]}, "value": {"text": "3209648408", "bbox": [321, 85, 391, 92]}}, {"key": {"text": "Name", "bbox": [257, 99, 293, 106]}, "value": {"text": "Marge Malgieri", "bbox": [297, 98, 382, 108]}}, {"key": {"text": "Age", "bbox": [257, 113, 283, 122]}, "value": {"text": "61", "bbox": [287, 113, 301, 120]}}, {"key": {"text": "DOB", "bbox": [257, 127, 285, 134]}, "value": {"text": "09/04/1961", "bbox": [289, 127, 352, 135]}}]}