{"filename": "3209648408_09-23-1999-CT_UROGRAM-31798_3_000000-PARENCHYMAL_PHASE_Sep1999-95798_1-076.dcm", "annotation": [{"key": {"text": "Institution Name", "bbox": [268, 48, 367, 56]}, "value": {"text": "Nielsen, Jimenez and Aguilar Community Hospital", "bbox": [371, 76, 489, 86]}}, {"key": {"text": "Study Date", "bbox": [268, 90, 335, 100]}, "value": {"text": "2023 Apr 10", "bbox": [339, 91, 408, 100]}}, {"key": {"text": "Patient ID", "bbox": [268, 104, 328, 112]}, "value": {"text": "3209648408", "bbox": [332, 105, 402, 112]}}, {"key": {"text": "Name", "bbox": [268, 119, 304, 126]}, "value": {"text": "CHERELLE ANTINORE", "bbox": [308, 119, 426, 126]}}, {"key": {"text": "Age", "bbox": [268, 133, 294, 142]}, "value": {"text": "29", "bbox": [298, 133, 312, 140]}}, {"key": {"text": "DOB", "bbox": [268, 147, 296, 154]}, "value": {"text": "08/08/1993", "bbox": [300, 147, 363, 155]}}]}