{"filename": "3209648408_09-23-1999-CT_UROGRAM-31798_3_000000-PARENCHYMAL_PHASE_Sep1999-95798_1-136.dcm", "annotation": [{"key": {"text": "Institution Name", "bbox": [270, 29, 369, 37]}, "value": {"text": "Nielsen, Jimenez and Aguilar Community Hospital", "bbox": [373, 57, 491, 67]}}, {"key": {"text": "Study Date", "bbox": [270, 71, 337, 81]}, "value": {"text": "2023 Aug 10", "bbox": [341, 72, 412, 81]}}, {"key": {"text": "Patient ID", "bbox": [270, 85, 330, 93]}, "value": {"text": "3209648408", "bbox": [334, 86, 404, 93]}}, {"key": {"text": "Name", "bbox": [270, 100, 306, 107]}, "value": {"text": "Nelle Mongeau", "bbox": [310, 99, 394, 109]}}, {"key": {"text": "Age", "bbox": [270, 114, 296, 123]}, "value": {"text": "30", "bbox": [300, 114, 314, 121]}}, {"key": {"text": "DOB", "bbox": [270, 128, 298, 135]}, "value": {"text": "02/10/1993", "bbox": [302, 128, 365, 136]}}]}