{"filename": "3209648408_09-23-1999-CT_UROGRAM-31798_3_000000-PARENCHYMAL_PHASE_Sep1999-95798_1-028.dcm", "annotation": [{"key": {"text": "Institution Name", "bbox": [271, 399, 370, 407]}, "value": {"text": "Nielsen, Jimenez and Aguilar Community Hospital", "bbox": [374, 427, 492, 437]}}, {"key": {"text": "Study Date", "bbox": [271, 441, 338, 451]}, "value": {"text": "2023 Jul 25", "bbox": [342, 441, 405, 451]}}, {"key": {"text": "Patient ID", "bbox": [271, 455, 331, 463]}, "value": {"text": "3209648408", "bbox": [335, 456, 405, 463]}}, {"key": {"text": "Name", "bbox": [271, 470, 307, 477]}, "value": {"text": "CHARISSE PINZONE", "bbox": [311, 470, 421, 477]}}, {"key": {"text": "Age", "bbox": [271, 484, 297, 493]}, "value": {"text": "25", "bbox": [301, 484, 315, 491]}}, {"key": {"text": "DOB", "bbox": [271, 498, 299, 505]}, "value": {"text": "10/23/1997", "bbox": [303, 498, 366, 506]}}]}