{"filename": "3209648408_09-23-1999-CT_UROGRAM-31798_3_000000-PARENCHYMAL_PHASE_Sep1999-95798_1-101.dcm", "annotation": [{"key": {"text": "Institution Name", "bbox": [261, 417, 360, 425]}, "value": {"text": "Nielsen, Jimenez and Aguilar Community Hospital", "bbox": [364, 445, 482, 455]}}, {"key": {"text": "Study Date", "bbox": [261, 459, 328, 469]}, "value": {"text": "2023 Oct 17", "bbox": [332, 460, 400, 467]}}, {"key": {"text": "Patient ID", "bbox": [261, 473, 321, 481]}, "value": {"text": "3209648408", "bbox": [325, 474, 395, 481]}}, {"key": {"text": "Name", "bbox": [261, 488, 297, 495]}, "value": {"text": "OLA POURNER", "bbox": [301, 488, 382, 495]}}, {"key": {"text": "Age", "bbox": [261, 502, 287, 511]}, "value": {"text": "65", "bbox": [291, 502, 305, 509]}}]}