{"filename": "3209648408_09-23-1999-CT_UROGRAM-31798_3_000000-PARENCHYMAL_PHASE_Sep1999-95798_1-149.dcm", "annotation": [{"key": {"text": "Institution Name", "bbox": [95, 58, 194, 66]}, "value": {"text": "Nielsen, Jimenez and Aguilar Community Hospital", "bbox": [198, 58, 478, 68]}}, {"key": {"text": "Study Date", "bbox": [95, 72, 162, 82]}, "value": {"text": "2023 Nov 28", "bbox": [166, 73, 237, 80]}}, {"key": {"text": "Patient ID", "bbox": [95, 86, 155, 94]}, "value": {"text": "3209648408", "bbox": [159, 87, 229, 94]}}, {"key": {"text": "Name", "bbox": [95, 101, 131, 108]}, "value": {"text": "SHAUNA DUIS", "bbox": [135, 101, 213, 108]}}, {"key": {"text": "Age", "bbox": [95, 115, 121, 124]}, "value": {"text": "42", "bbox": [125, 115, 139, 122]}}, {"key": {"text": "DOB", "bbox": [95, 129, 123, 136]}, "value": {"text": "10/26/1981", "bbox": [127, 129, 190, 137]}}]}