{"filename": "3209648408_09-23-1999-CT_UROGRAM-31798_3_000000-PARENCHYMAL_PHASE_Sep1999-95798_1-128.dcm", "annotation": [{"key": {"text": "Institution Name", "bbox": [291, 31, 390, 39]}, "value": {"text": "Nielsen, Jimenez and Aguilar Community Hospital", "bbox": [394, 59, 512, 69]}}, {"key": {"text": "Study Date", "bbox": [291, 73, 358, 83]}, "value": {"text": "2023 Aug 30", "bbox": [362, 74, 433, 83]}}, {"key": {"text": "Patient ID", "bbox": [291, 87, 351, 95]}, "value": {"text": "3209648408", "bbox": [355, 88, 425, 95]}}, {"key": {"text": "Name", "bbox": [291, 102, 327, 109]}, "value": {"text": "NOHEMI SCHARMER", "bbox": [331, 102, 443, 109]}}, {"key": {"text": "Age", "bbox": [291, 116, 317, 125]}, "value": {"text": "43", "bbox": [321, 116, 335, 123]}}, {"key": {"text": "DOB", "bbox": [291, 130, 319, 137]}, "value": {"text": "09/10/1979", "bbox": [323, 130, 386, 138]}}]}