{"filename": "3209648408_09-23-1999-CT_UROGRAM-31798_3_000000-PARENCHYMAL_PHASE_Sep1999-95798_1-008.dcm", "annotation": [{"key": {"text": "Institution Name", "bbox": [268, 425, 367, 433]}, "value": {"text": "Nielsen, Jimenez and Aguilar Community Hospital", "bbox": [371, 453, 489, 463]}}, {"key": {"text": "Study Date", "bbox": [268, 467, 335, 477]}, "value": {"text": "2023 Apr 28", "bbox": [339, 468, 408, 477]}}, {"key": {"text": "Patient ID", "bbox": [268, 481, 328, 489]}, "value": {"text": "3209648408", "bbox": [332, 482, 402, 489]}}, {"key": {"text": "Name", "bbox": [268, 496, 304, 503]}, "value": {"text": "Juliette Rabena", "bbox": [307, 495, 395, 505]}}]}