{"filename": "3209648408_09-23-1999-CT_UROGRAM-31798_3_000000-PARENCHYMAL_PHASE_Sep1999-95798_1-092.dcm", "annotation": [{"key": {"text": "Institution Name", "bbox": [278, 42, 377, 50]}, "value": {"text": "Nielsen, Jimenez and Aguilar Community Hospital", "bbox": [381, 70, 499, 80]}}, {"key": {"text": "Study Date", "bbox": [278, 84, 345, 94]}, "value": {"text": "2023 Apr 27", "bbox": [349, 85, 418, 94]}}, {"key": {"text": "Patient ID", "bbox": [278, 98, 338, 106]}, "value": {"text": "3209648408", "bbox": [342, 99, 412, 106]}}, {"key": {"text": "Name", "bbox": [278, 113, 314, 120]}, "value": {"text": "Shantelle Herriot", "bbox": [318, 112, 415, 120]}}, {"key": {"text": "Age", "bbox": [278, 127, 304, 136]}, "value": {"text": "12", "bbox": [308, 127, 322, 134]}}, {"key": {"text": "DOB", "bbox": [278, 141, 306, 148]}, "value": {"text": "12/29/2010", "bbox": [310, 141, 373, 149]}}]}