{"filename": "3209648408_09-23-1999-CT_UROGRAM-31798_3_000000-PARENCHYMAL_PHASE_Sep1999-95798_1-079.dcm", "annotation": [{"key": {"text": "Study Date"}, "value": {"text": "2023 Jul 16", "bbox": [77, 422, 140, 432]}}, {"key": {"text": "Name"}, "value": {"text": "LOISE OMOTO", "bbox": [144, 423, 222, 430]}}, {"key": {"text": "Patient Sex"}, "value": {"text": "F", "bbox": [226, 423, 233, 430]}}, {"key": {"text": "DOB", "bbox": [77, 437, 105, 444]}, "value": {"text": "11/24/1951", "bbox": [109, 437, 172, 445]}}]}