{"filename": "3209648408_09-23-1999-CT_UROGRAM-31798_3_000000-PARENCHYMAL_PHASE_Sep1999-95798_1-038.dcm", "annotation": [{"key": {"text": "Institution Name", "bbox": [59, 70, 158, 78]}, "value": {"text": "Nielsen, Jimenez and Aguilar Community Hospital", "bbox": [162, 70, 442, 80]}}, {"key": {"text": "Study Date", "bbox": [59, 84, 126, 94]}, "value": {"text": "2023 Mar 27", "bbox": [130, 85, 200, 92]}}, {"key": {"text": "Patient ID", "bbox": [59, 98, 119, 106]}, "value": {"text": "3209648408", "bbox": [123, 99, 193, 106]}}, {"key": {"text": "Name", "bbox": [59, 113, 95, 120]}, "value": {"text": "KIMBERLY BLUEL", "bbox": [99, 113, 194, 120]}}, {"key": {"text": "Age", "bbox": [59, 127, 85, 136]}, "value": {"text": "43", "bbox": [89, 127, 103, 134]}}, {"key": {"text": "DOB", "bbox": [59, 141, 87, 148]}, "value": {"text": "09/13/1979", "bbox": [91, 141, 154, 149]}}]}