{"filename": "3209648408_09-23-1999-CT_UROGRAM-31798_3_000000-PARENCHYMAL_PHASE_Sep1999-95798_1-123.dcm", "annotation": [{"key": {"text": "Study Date"}, "value": {"text": "2023 Jan 30", "bbox": [303, 35, 369, 44]}}, {"key": {"text": "Name"}, "value": {"text": "Deidre Buttry", "bbox": [373, 34, 450, 44]}}, {"key": {"text": "Patient Sex"}, "value": {"text": "M", "bbox": [454, 35, 464, 42]}}, {"key": {"text": "DOB", "bbox": [303, 49, 331, 56]}, "value": {"text": "02/29/1976", "bbox": [335, 49, 398, 57]}}]}