{"filename": "3209648408_09-23-1999-CT_UROGRAM-31798_3_000000-PARENCHYMAL_PHASE_Sep1999-95798_1-110.dcm", "annotation": [{"key": {"text": "Institution Name", "bbox": [58, 36, 157, 44]}, "value": {"text": "Nielsen, Jimenez and Aguilar Community Hospital", "bbox": [161, 36, 441, 46]}}, {"key": {"text": "Study Date", "bbox": [58, 50, 125, 60]}, "value": {"text": "2023 Nov 28", "bbox": [129, 51, 200, 58]}}, {"key": {"text": "Patient ID", "bbox": [58, 64, 118, 72]}, "value": {"text": "3209648408", "bbox": [122, 65, 192, 72]}}, {"key": {"text": "Name", "bbox": [58, 79, 94, 86]}, "value": {"text": "VINA HODAN", "bbox": [98, 79, 170, 86]}}, {"key": {"text": "Age", "bbox": [58, 93, 84, 102]}, "value": {"text": "37", "bbox": [88, 93, 102, 100]}}, {"key": {"text": "DOB", "bbox": [58, 107, 86, 114]}, "value": {"text": "07/18/1986", "bbox": [90, 107, 153, 115]}}]}