{"filename": "3209648408_09-23-1999-CT_UROGRAM-31798_3_000000-PARENCHYMAL_PHASE_Sep1999-95798_1-137.dcm", "annotation": [{"key": {"text": "Institution Name", "bbox": [98, 29, 197, 37]}, "value": {"text": "Nielsen, Jimenez and Aguilar Community Hospital", "bbox": [201, 29, 481, 39]}}, {"key": {"text": "Study Date", "bbox": [98, 43, 165, 53]}, "value": {"text": "2023 Nov 07", "bbox": [169, 44, 240, 51]}}, {"key": {"text": "Patient ID", "bbox": [98, 57, 158, 65]}, "value": {"text": "3209648408", "bbox": [162, 58, 232, 65]}}, {"key": {"text": "Name", "bbox": [98, 72, 134, 79]}, "value": {"text": "Ricki Matrone", "bbox": [138, 71, 216, 79]}}, {"key": {"text": "Age", "bbox": [98, 86, 124, 95]}, "value": {"text": "42", "bbox": [128, 86, 142, 93]}}, {"key": {"text": "DOB", "bbox": [98, 100, 126, 107]}, "value": {"text": "05/23/1981", "bbox": [130, 100, 193, 108]}}]}