{"filename": "3209648408_09-23-1999-CT_UROGRAM-31798_3_000000-PARENCHYMAL_PHASE_Sep1999-95798_1-084.dcm", "annotation": [{"key": {"text": "Institution Name", "bbox": [265, 43, 364, 51]}, "value": {"text": "Nielsen, Jimenez and Aguilar Community Hospital", "bbox": [368, 71, 486, 81]}}, {"key": {"text": "Study Date", "bbox": [265, 85, 332, 95]}, "value": {"text": "2023 Nov 05", "bbox": [336, 86, 407, 93]}}, {"key": {"text": "Patient ID", "bbox": [265, 99, 325, 107]}, "value": {"text": "3209648408", "bbox": [329, 100, 399, 107]}}, {"key": {"text": "Name", "bbox": [265, 114, 301, 121]}, "value": {"text": "WALDO CLAGGETT", "bbox": [305, 114, 409, 121]}}, {"key": {"text": "Age", "bbox": [265, 128, 291, 137]}, "value": {"text": "62", "bbox": [295, 128, 309, 135]}}, {"key": {"text": "DOB", "bbox": [265, 142, 293, 149]}, "value": {"text": "11/05/1960", "bbox": [297, 142, 360, 150]}}]}