{"filename": "3209648408_09-23-1999-CT_UROGRAM-31798_3_000000-PARENCHYMAL_PHASE_Sep1999-95798_1-099.dcm", "annotation": [{"key": {"text": "Institution Name", "bbox": [259, 59, 358, 67]}, "value": {"text": "Nielsen, Jimenez and Aguilar Community Hospital", "bbox": [362, 87, 480, 97]}}, {"key": {"text": "Study Date", "bbox": [259, 101, 326, 111]}, "value": {"text": "2023 Feb 27", "bbox": [330, 101, 399, 109]}}, {"key": {"text": "Patient ID", "bbox": [259, 115, 319, 123]}, "value": {"text": "3209648408", "bbox": [323, 116, 393, 123]}}, {"key": {"text": "Name", "bbox": [259, 130, 295, 137]}, "value": {"text": "Ollie Altobell", "bbox": [299, 129, 372, 137]}}, {"key": {"text": "Age", "bbox": [259, 144, 285, 153]}, "value": {"text": "56", "bbox": [289, 144, 303, 151]}}, {"key": {"text": "DOB", "bbox": [259, 158, 287, 165]}, "value": {"text": "05/25/1966", "bbox": [291, 158, 354, 166]}}]}