{"filename": "3209648408_09-23-1999-CT_UROGRAM-31798_3_000000-PARENCHYMAL_PHASE_Sep1999-95798_1-048.dcm", "annotation": [{"key": {"text": "Institution Name", "bbox": [264, 402, 363, 410]}, "value": {"text": "Nielsen, Jimenez and Aguilar Community Hospital", "bbox": [367, 430, 485, 440]}}, {"key": {"text": "Study Date", "bbox": [264, 444, 331, 454]}, "value": {"text": "2023 Feb 15", "bbox": [335, 444, 404, 452]}}, {"key": {"text": "Patient ID", "bbox": [264, 458, 324, 466]}, "value": {"text": "3209648408", "bbox": [328, 459, 398, 466]}}, {"key": {"text": "Name", "bbox": [264, 473, 300, 480]}, "value": {"text": "SOMMER HENDERLIGHT", "bbox": [304, 473, 438, 480]}}, {"key": {"text": "Age", "bbox": [264, 487, 290, 496]}, "value": {"text": "82", "bbox": [294, 487, 308, 494]}}, {"key": {"text": "DOB", "bbox": [264, 501, 292, 508]}, "value": {"text": "07/26/1940", "bbox": [296, 501, 359, 509]}}]}