{"filename": "3209648408_09-23-1999-CT_UROGRAM-31798_3_000000-PARENCHYMAL_PHASE_Sep1999-95798_1-002.dcm", "annotation": [{"key": {"text": "Institution Name", "bbox": [97, 56, 196, 64]}, "value": {"text": "Nielsen, Jimenez and Aguilar Community Hospital", "bbox": [200, 56, 480, 66]}}, {"key": {"text": "Study Date", "bbox": [97, 70, 164, 80]}, "value": {"text": "2023 Apr 08", "bbox": [168, 71, 237, 80]}}, {"key": {"text": "Patient ID", "bbox": [97, 84, 157, 92]}, "value": {"text": "3209648408", "bbox": [161, 85, 231, 92]}}, {"key": {"text": "Name", "bbox": [97, 99, 133, 106]}, "value": {"text": "PATTI BURNISON", "bbox": [137, 99, 231, 106]}}, {"key": {"text": "Age", "bbox": [97, 113, 123, 122]}, "value": {"text": "32", "bbox": [127, 113, 141, 120]}}, {"key": {"text": "DOB", "bbox": [97, 127, 125, 134]}, "value": {"text": "12/12/1990", "bbox": [129, 127, 192, 135]}}]}