{"filename": "3209648408_09-23-1999-CT_UROGRAM-31798_3_000000-PARENCHYMAL_PHASE_Sep1999-95798_1-039.dcm", "annotation": [{"key": {"text": "Institution Name", "bbox": [304, 411, 403, 419]}, "value": {"text": "Nielsen, Jimenez and Aguilar Community Hospital", "bbox": [407, 453, 500, 463]}}, {"key": {"text": "Study Date", "bbox": [304, 467, 371, 477]}, "value": {"text": "2023 Sep 30", "bbox": [375, 468, 445, 477]}}, {"key": {"text": "Patient ID", "bbox": [304, 481, 364, 489]}, "value": {"text": "3209648408", "bbox": [368, 482, 438, 489]}}, {"key": {"text": "Name", "bbox": [304, 496, 340, 503]}, "value": {"text": "SUSIE FINIGAN", "bbox": [344, 496, 428, 503]}}]}