{"filename": "3209648408_09-23-1999-CT_UROGRAM-31798_3_000000-PARENCHYMAL_PHASE_Sep1999-95798_1-011.dcm", "annotation": [{"key": {"text": "Institution Name", "bbox": [265, 434, 364, 442]}, "value": {"text": "Nielsen, Jimenez and Aguilar Community Hospital", "bbox": [368, 462, 486, 472]}}, {"key": {"text": "Study Date", "bbox": [265, 476, 332, 486]}, "value": {"text": "2023 Jun 11", "bbox": [336, 477, 403, 486]}}, {"key": {"text": "Patient ID", "bbox": [265, 490, 325, 498]}, "value": {"text": "3209648408", "bbox": [329, 491, 399, 498]}}]}