{"filename": "3209648408_09-23-1999-CT_UROGRAM-31798_3_000000-PARENCHYMAL_PHASE_Sep1999-95798_1-097.dcm", "annotation": [{"key": {"text": "Institution Name", "bbox": [57, 74, 156, 82]}, "value": {"text": "Nielsen, Jimenez and Aguilar Community Hospital", "bbox": [160, 74, 440, 84]}}, {"key": {"text": "Study Date", "bbox": [57, 88, 124, 98]}, "value": {"text": "2023 Oct 24", "bbox": [128, 89, 196, 96]}}, {"key": {"text": "Patient ID", "bbox": [57, 102, 117, 110]}, "value": {"text": "3209648408", "bbox": [121, 103, 191, 110]}}, {"key": {"text": "Name", "bbox": [57, 117, 93, 124]}, "value": {"text": "MOHAMMED LIEDKE", "bbox": [97, 117, 210, 124]}}, {"key": {"text": "Age", "bbox": [57, 131, 83, 140]}, "value": {"text": "54", "bbox": [87, 131, 101, 138]}}, {"key": {"text": "DOB", "bbox": [57, 145, 85, 152]}, "value": {"text": "05/22/1969", "bbox": [89, 145, 152, 153]}}]}