{"filename": "3209648408_09-23-1999-CT_UROGRAM-31798_3_000000-PARENCHYMAL_PHASE_Sep1999-95798_1-030.dcm", "annotation": [{"key": {"text": "Institution Name", "bbox": [77, 59, 176, 67]}, "value": {"text": "Nielsen, Jimenez and Aguilar Community Hospital", "bbox": [180, 59, 460, 69]}}, {"key": {"text": "Study Date", "bbox": [77, 73, 144, 83]}, "value": {"text": "2023 Feb 18", "bbox": [148, 73, 217, 81]}}, {"key": {"text": "Patient ID", "bbox": [77, 87, 137, 95]}, "value": {"text": "3209648408", "bbox": [141, 88, 211, 95]}}, {"key": {"text": "Name", "bbox": [77, 102, 113, 109]}, "value": {"text": "MILLARD TOUSIGNANT", "bbox": [117, 102, 245, 109]}}, {"key": {"text": "Age", "bbox": [77, 116, 103, 125]}, "value": {"text": "69", "bbox": [107, 116, 121, 123]}}, {"key": {"text": "DOB", "bbox": [77, 130, 105, 137]}, "value": {"text": "10/25/1953", "bbox": [109, 130, 172, 138]}}]}