{"filename": "3209648408_09-23-1999-CT_UROGRAM-31798_3_000000-PARENCHYMAL_PHASE_Sep1999-95798_1-066.dcm", "annotation": [{"key": {"text": "Institution Name", "bbox": [267, 422, 366, 430]}, "value": {"text": "Nielsen, Jimenez and Aguilar Community Hospital", "bbox": [370, 450, 488, 460]}}, {"key": {"text": "Study Date", "bbox": [267, 464, 334, 474]}, "value": {"text": "2023 Dec 08", "bbox": [338, 465, 408, 472]}}, {"key": {"text": "Patient ID", "bbox": [267, 478, 327, 486]}, "value": {"text": "3209648408", "bbox": [331, 479, 401, 486]}}, {"key": {"text": "Name", "bbox": [267, 493, 303, 500]}, "value": {"text": "LAMAR PRIVE", "bbox": [307, 493, 383, 500]}}]}