{"filename": "3209648408_09-23-1999-CT_UROGRAM-31798_3_000000-PARENCHYMAL_PHASE_Sep1999-95798_1-087.dcm", "annotation": [{"key": {"text": "Institution Name", "bbox": [285, 66, 384, 74]}, "value": {"text": "Nielsen, Jimenez and Aguilar Community Hospital", "bbox": [388, 94, 506, 104]}}, {"key": {"text": "Study Date", "bbox": [285, 108, 352, 118]}, "value": {"text": "2023 Jul 13", "bbox": [356, 108, 419, 118]}}, {"key": {"text": "Patient ID", "bbox": [285, 122, 345, 130]}, "value": {"text": "3209648408", "bbox": [349, 123, 419, 130]}}, {"key": {"text": "Name", "bbox": [285, 137, 321, 144]}, "value": {"text": "Oralia Inglese", "bbox": [325, 136, 403, 146]}}, {"key": {"text": "Age", "bbox": [285, 151, 311, 160]}, "value": {"text": "58", "bbox": [315, 151, 329, 158]}}, {"key": {"text": "DOB", "bbox": [285, 165, 313, 172]}, "value": {"text": "10/07/1964", "bbox": [317, 165, 380, 173]}}]}