{"filename": "3209648408_09-23-1999-CT_UROGRAM-31798_3_000000-PARENCHYMAL_PHASE_Sep1999-95798_1-029.dcm", "annotation": [{"key": {"text": "Institution Name", "bbox": [83, 51, 182, 59]}, "value": {"text": "Nielsen, Jimenez and Aguilar Community Hospital", "bbox": [186, 51, 466, 61]}}, {"key": {"text": "Study Date", "bbox": [83, 65, 150, 75]}, "value": {"text": "2023 Jul 31", "bbox": [154, 65, 217, 75]}}, {"key": {"text": "Patient ID", "bbox": [83, 79, 143, 87]}, "value": {"text": "3209648408", "bbox": [147, 80, 217, 87]}}, {"key": {"text": "Name", "bbox": [83, 94, 119, 101]}, "value": {"text": "ECHO SEAGERS", "bbox": [123, 94, 209, 101]}}, {"key": {"text": "Age", "bbox": [83, 108, 109, 117]}, "value": {"text": "80", "bbox": [113, 108, 127, 115]}}, {"key": {"text": "DOB", "bbox": [83, 122, 111, 129]}, "value": {"text": "08/19/1942", "bbox": [115, 122, 178, 130]}}]}