{"filename": "3209648408_09-23-1999-CT_UROGRAM-31798_3_000000-PARENCHYMAL_PHASE_Sep1999-95798_1-093.dcm", "annotation": [{"key": {"text": "Institution Name", "bbox": [274, 43, 373, 51]}, "value": {"text": "Nielsen, Jimenez and Aguilar Community Hospital", "bbox": [377, 71, 495, 81]}}, {"key": {"text": "Study Date", "bbox": [274, 85, 341, 95]}, "value": {"text": "2023 Mar 11", "bbox": [345, 86, 415, 93]}}, {"key": {"text": "Patient ID", "bbox": [274, 99, 334, 107]}, "value": {"text": "3209648408", "bbox": [338, 100, 408, 107]}}, {"key": {"text": "Name", "bbox": [274, 114, 310, 121]}, "value": {"text": "ELEANORA AMIDON", "bbox": [314, 114, 424, 121]}}, {"key": {"text": "Age", "bbox": [274, 128, 300, 137]}, "value": {"text": "48", "bbox": [304, 128, 318, 135]}}, {"key": {"text": "DOB", "bbox": [274, 142, 302, 149]}, "value": {"text": "01/15/1975", "bbox": [306, 142, 369, 150]}}]}