{"filename": "3209648408_09-23-1999-CT_UROGRAM-31798_3_000000-PARENCHYMAL_PHASE_Sep1999-95798_1-150.dcm", "annotation": [{"key": {"text": "Study Date"}, "value": {"text": "2023 May 21", "bbox": [303, 37, 375, 46]}}, {"key": {"text": "Name"}, "value": {"text": "Dallas Hernadez", "bbox": [379, 36, 471, 44]}}, {"key": {"text": "Patient Sex"}, "value": {"text": "F", "bbox": [475, 37, 482, 44]}}, {"key": {"text": "DOB", "bbox": [303, 51, 331, 58]}, "value": {"text": "12/12/1965", "bbox": [335, 51, 398, 59]}}]}