{"filename": "3209648408_09-23-1999-CT_UROGRAM-31798_3_000000-PARENCHYMAL_PHASE_Sep1999-95798_1-001.dcm", "annotation": [{"key": {"text": "Institution Name", "bbox": [262, 436, 361, 444]}, "value": {"text": "Nielsen, Jimenez and Aguilar Community Hospital", "bbox": [365, 464, 483, 474]}}, {"key": {"text": "Study Date", "bbox": [262, 478, 329, 488]}, "value": {"text": "2023 May 08", "bbox": [333, 479, 405, 488]}}, {"key": {"text": "Patient ID", "bbox": [262, 492, 322, 500]}, "value": {"text": "3209648408", "bbox": [326, 493, 396, 500]}}]}