{"filename": "3209648408_09-23-1999-CT_UROGRAM-31798_3_000000-PARENCHYMAL_PHASE_Sep1999-95798_1-102.dcm", "annotation": [{"key": {"text": "Study Date"}, "value": {"text": "2023 Jul 01", "bbox": [87, 41, 150, 51]}}, {"key": {"text": "Name"}, "value": {"text": "ARLEAN HARBINSON", "bbox": [154, 42, 270, 49]}}, {"key": {"text": "Patient Sex"}, "value": {"text": "M", "bbox": [274, 42, 284, 49]}}, {"key": {"text": "DOB", "bbox": [87, 56, 115, 63]}, "value": {"text": "02/02/1957", "bbox": [119, 56, 182, 64]}}]}