{"filename": "3209648408_09-23-1999-CT_UROGRAM-31798_3_000000-PARENCHYMAL_PHASE_Sep1999-95798_1-138.dcm", "annotation": [{"key": {"text": "Institution Name", "bbox": [292, 40, 391, 48]}, "value": {"text": "Nielsen, Jimenez and Aguilar Community Hospital", "bbox": [395, 68, 509, 78]}}, {"key": {"text": "Study Date", "bbox": [292, 82, 359, 92]}, "value": {"text": "2023 Nov 12", "bbox": [363, 83, 434, 90]}}, {"key": {"text": "Patient ID", "bbox": [292, 96, 352, 104]}, "value": {"text": "3209648408", "bbox": [356, 97, 426, 104]}}, {"key": {"text": "Name", "bbox": [292, 111, 328, 118]}, "value": {"text": "Alisha Federgreen", "bbox": [332, 110, 435, 120]}}, {"key": {"text": "Age", "bbox": [292, 125, 318, 134]}, "value": {"text": "25", "bbox": [322, 125, 336, 132]}}, {"key": {"text": "DOB", "bbox": [292, 139, 320, 146]}, "value": {"text": "01/23/1998", "bbox": [324, 139, 387, 147]}}]}