{"filename": "3209648408_09-23-1999-CT_UROGRAM-31798_3_000000-PARENCHYMAL_PHASE_Sep1999-95798_1-027.dcm", "annotation": [{"key": {"text": "Institution Name", "bbox": [266, 419, 365, 427]}, "value": {"text": "Nielsen, Jimenez and Aguilar Community Hospital", "bbox": [369, 447, 487, 457]}}, {"key": {"text": "Study Date", "bbox": [266, 461, 333, 471]}, "value": {"text": "2023 Aug 07", "bbox": [337, 462, 408, 471]}}, {"key": {"text": "Patient ID", "bbox": [266, 475, 326, 483]}, "value": {"text": "3209648408", "bbox": [330, 476, 400, 483]}}, {"key": {"text": "Name", "bbox": [266, 490, 302, 497]}, "value": {"text": "ANNICE BOLLAERT", "bbox": [306, 490, 410, 497]}}]}