{"filename": "3209648408_09-23-1999-CT_UROGRAM-31798_3_000000-PARENCHYMAL_PHASE_Sep1999-95798_1-054.dcm", "annotation": [{"key": {"text": "Institution Name", "bbox": [93, 71, 192, 79]}, "value": {"text": "Nielsen, Jimenez and Aguilar Community Hospital", "bbox": [196, 71, 476, 81]}}, {"key": {"text": "Study Date", "bbox": [93, 85, 160, 95]}, "value": {"text": "2023 Jun 05", "bbox": [164, 86, 231, 95]}}, {"key": {"text": "Patient ID", "bbox": [93, 99, 153, 107]}, "value": {"text": "3209648408", "bbox": [157, 100, 227, 107]}}, {"key": {"text": "Name", "bbox": [93, 114, 129, 121]}, "value": {"text": "Loris Cancio", "bbox": [133, 113, 202, 121]}}, {"key": {"text": "Age", "bbox": [93, 128, 119, 137]}, "value": {"text": "52", "bbox": [123, 128, 137, 135]}}, {"key": {"text": "DOB", "bbox": [93, 142, 121, 149]}, "value": {"text": "10/02/1970", "bbox": [125, 142, 188, 150]}}]}