{"filename": "3209648408_09-23-1999-CT_UROGRAM-31798_3_000000-PARENCHYMAL_PHASE_Sep1999-95798_1-085.dcm", "annotation": [{"key": {"text": "Institution Name", "bbox": [305, 44, 404, 52]}, "value": {"text": "Nielsen, Jimenez and Aguilar Community Hospital", "bbox": [408, 86, 501, 96]}}, {"key": {"text": "Study Date", "bbox": [305, 100, 372, 110]}, "value": {"text": "2023 Dec 09", "bbox": [376, 101, 446, 108]}}, {"key": {"text": "Patient ID", "bbox": [305, 114, 365, 122]}, "value": {"text": "3209648408", "bbox": [369, 115, 439, 122]}}, {"key": {"text": "Name", "bbox": [305, 129, 341, 136]}, "value": {"text": "EBONI ISITA", "bbox": [345, 129, 412, 136]}}, {"key": {"text": "Age", "bbox": [305, 143, 331, 152]}, "value": {"text": "83", "bbox": [335, 143, 349, 150]}}, {"key": {"text": "DOB", "bbox": [305, 157, 333, 164]}, "value": {"text": "02/02/1940", "bbox": [337, 157, 400, 165]}}]}