{"filename": "3209648408_09-23-1999-CT_UROGRAM-31798_3_000000-PARENCHYMAL_PHASE_Sep1999-95798_1-013.dcm", "annotation": [{"key": {"text": "Study Date"}, "value": {"text": "2023 Feb 11", "bbox": [77, 427, 146, 435]}}, {"key": {"text": "Name"}, "value": {"text": "Willia Zickler", "bbox": [150, 427, 223, 435]}}, {"key": {"text": "Patient Sex"}, "value": {"text": "M", "bbox": [227, 428, 237, 435]}}, {"key": {"text": "DOB", "bbox": [77, 442, 105, 449]}, "value": {"text": "01/23/1971", "bbox": [109, 442, 172, 450]}}]}