{"filename": "3209648408_09-23-1999-CT_UROGRAM-31798_3_000000-PARENCHYMAL_PHASE_Sep1999-95798_1-116.dcm", "annotation": [{"key": {"text": "Study Date"}, "value": {"text": "2023 Dec 14", "bbox": [57, 388, 127, 395]}}, {"key": {"text": "Name"}, "value": {"text": "ELINORE DOWNIE", "bbox": [131, 388, 230, 395]}}, {"key": {"text": "Patient Sex"}, "value": {"text": "F", "bbox": [234, 388, 241, 395]}}, {"key": {"text": "DOB", "bbox": [57, 402, 85, 409]}, "value": {"text": "05/14/1990", "bbox": [89, 402, 152, 410]}}]}