{"filename": "3209648408_09-23-1999-CT_UROGRAM-31798_3_000000-PARENCHYMAL_PHASE_Sep1999-95798_1-026.dcm", "annotation": [{"key": {"text": "Institution Name", "bbox": [52, 74, 151, 82]}, "value": {"text": "Nielsen, Jimenez and Aguilar Community Hospital", "bbox": [155, 74, 435, 84]}}, {"key": {"text": "Study Date", "bbox": [52, 88, 119, 98]}, "value": {"text": "2023 Apr 13", "bbox": [123, 89, 192, 98]}}, {"key": {"text": "Patient ID", "bbox": [52, 102, 112, 110]}, "value": {"text": "3209648408", "bbox": [116, 103, 186, 110]}}, {"key": {"text": "Name", "bbox": [52, 117, 88, 124]}, "value": {"text": "Renate Betit", "bbox": [92, 116, 163, 124]}}, {"key": {"text": "Age", "bbox": [52, 131, 78, 140]}, "value": {"text": "34", "bbox": [82, 131, 96, 138]}}, {"key": {"text": "DOB", "bbox": [52, 145, 80, 152]}, "value": {"text": "03/22/1989", "bbox": [84, 145, 147, 153]}}]}