{"filename": "3209648408_09-23-1999-CT_UROGRAM-31798_3_000000-PARENCHYMAL_PHASE_Sep1999-95798_1-041.dcm", "annotation": [{"key": {"text": "Study Date"}, "value": {"text": "2023 Dec 14", "bbox": [283, 30, 353, 37]}}, {"key": {"text": "Name"}, "value": {"text": "GARTH EFTHIMIOU", "bbox": [357, 30, 462, 37]}}, {"key": {"text": "Patient Sex"}, "value": {"text": "F", "bbox": [466, 30, 473, 37]}}, {"key": {"text": "DOB", "bbox": [283, 44, 311, 51]}, "value": {"text": "08/02/1940", "bbox": [315, 44, 378, 52]}}]}