{"filename": "3209648408_09-23-1999-CT_UROGRAM-31798_3_000000-PARENCHYMAL_PHASE_Sep1999-95798_1-033.dcm", "annotation": [{"key": {"text": "Institution Name", "bbox": [284, 401, 383, 409]}, "value": {"text": "Nielsen, Jimenez and Aguilar Community Hospital", "bbox": [387, 429, 505, 439]}}, {"key": {"text": "Study Date", "bbox": [284, 443, 351, 453]}, "value": {"text": "2023 May 02", "bbox": [355, 444, 427, 453]}}, {"key": {"text": "Patient ID", "bbox": [284, 457, 344, 465]}, "value": {"text": "3209648408", "bbox": [348, 458, 418, 465]}}, {"key": {"text": "Name", "bbox": [284, 472, 320, 479]}, "value": {"text": "Dollie Toddy", "bbox": [324, 471, 393, 481]}}, {"key": {"text": "Age", "bbox": [284, 486, 310, 495]}, "value": {"text": "46", "bbox": [314, 486, 328, 493]}}, {"key": {"text": "DOB", "bbox": [284, 500, 312, 507]}, "value": {"text": "10/04/1976", "bbox": [316, 500, 379, 508]}}]}