{"filename": "3209648408_09-23-1999-CT_UROGRAM-31798_3_000000-PARENCHYMAL_PHASE_Sep1999-95798_1-069.dcm", "annotation": [{"key": {"text": "Institution Name", "bbox": [290, 32, 389, 40]}, "value": {"text": "Nielsen, Jimenez and Aguilar Community Hospital", "bbox": [393, 60, 511, 70]}}, {"key": {"text": "Study Date", "bbox": [290, 74, 357, 84]}, "value": {"text": "2023 Mar 31", "bbox": [361, 75, 431, 82]}}, {"key": {"text": "Patient ID", "bbox": [290, 88, 350, 96]}, "value": {"text": "3209648408", "bbox": [354, 89, 424, 96]}}, {"key": {"text": "Name", "bbox": [290, 103, 326, 110]}, "value": {"text": "Carri Skillington", "bbox": [330, 102, 421, 112]}}, {"key": {"text": "Age", "bbox": [290, 117, 316, 126]}, "value": {"text": "30", "bbox": [320, 117, 334, 124]}}, {"key": {"text": "DOB", "bbox": [290, 131, 318, 138]}, "value": {"text": "01/02/1993", "bbox": [322, 131, 385, 139]}}]}