{"filename": "3209648408_09-23-1999-CT_UROGRAM-31798_3_000000-PARENCHYMAL_PHASE_Sep1999-95798_1-096.dcm", "annotation": [{"key": {"text": "Institution Name", "bbox": [288, 44, 387, 52]}, "value": {"text": "Nielsen, Jimenez and Aguilar Community Hospital", "bbox": [391, 72, 509, 82]}}, {"key": {"text": "Study Date", "bbox": [288, 86, 355, 96]}, "value": {"text": "2023 Aug 02", "bbox": [359, 87, 430, 96]}}, {"key": {"text": "Patient ID", "bbox": [288, 100, 348, 108]}, "value": {"text": "3209648408", "bbox": [352, 101, 422, 108]}}, {"key": {"text": "Name", "bbox": [288, 115, 324, 122]}, "value": {"text": "Ka Perrotta", "bbox": [328, 115, 393, 122]}}, {"key": {"text": "Age", "bbox": [288, 129, 314, 138]}, "value": {"text": "64", "bbox": [318, 129, 332, 136]}}, {"key": {"text": "DOB", "bbox": [288, 143, 316, 150]}, "value": {"text": "07/02/1959", "bbox": [320, 143, 383, 151]}}]}