{"filename": "3209648408_09-23-1999-CT_UROGRAM-31798_3_000000-PARENCHYMAL_PHASE_Sep1999-95798_1-012.dcm", "annotation": [{"key": {"text": "Institution Name", "bbox": [99, 66, 198, 74]}, "value": {"text": "Nielsen, Jimenez and Aguilar Community Hospital", "bbox": [202, 66, 482, 76]}}, {"key": {"text": "Study Date", "bbox": [99, 80, 166, 90]}, "value": {"text": "2023 Apr 26", "bbox": [170, 81, 239, 90]}}, {"key": {"text": "Patient ID", "bbox": [99, 94, 159, 102]}, "value": {"text": "3209648408", "bbox": [163, 95, 233, 102]}}, {"key": {"text": "Name", "bbox": [99, 109, 135, 116]}, "value": {"text": "JANIE LAMASCOLO", "bbox": [138, 109, 242, 118]}}, {"key": {"text": "Age", "bbox": [99, 123, 125, 132]}, "value": {"text": "63", "bbox": [129, 123, 143, 130]}}, {"key": {"text": "DOB", "bbox": [99, 137, 127, 144]}, "value": {"text": "03/12/1960", "bbox": [131, 137, 194, 145]}}]}