{"filename": "3209648408_09-23-1999-CT_UROGRAM-31798_3_000000-PARENCHYMAL_PHASE_Sep1999-95798_1-063.dcm", "annotation": [{"key": {"text": "Institution Name", "bbox": [290, 434, 389, 442]}, "value": {"text": "Nielsen, Jimenez and Aguilar Community Hospital", "bbox": [393, 462, 511, 472]}}, {"key": {"text": "Study Date", "bbox": [290, 476, 357, 486]}, "value": {"text": "2023 Jun 16", "bbox": [361, 477, 428, 486]}}, {"key": {"text": "Patient ID", "bbox": [290, 490, 350, 498]}, "value": {"text": "3209648408", "bbox": [354, 491, 424, 498]}}]}