{"filename": "3209648408_09-23-1999-CT_UROGRAM-31798_3_000000-PARENCHYMAL_PHASE_Sep1999-95798_1-147.dcm", "annotation": [{"key": {"text": "Study Date"}, "value": {"text": "2023 Feb 10", "bbox": [286, 34, 355, 42]}}, {"key": {"text": "Name"}, "value": {"text": "PAULETTE AMBROSIA", "bbox": [359, 35, 479, 42]}}, {"key": {"text": "Patient Sex"}, "value": {"text": "F", "bbox": [483, 35, 490, 42]}}, {"key": {"text": "DOB", "bbox": [286, 49, 314, 56]}, "value": {"text": "11/10/2010", "bbox": [318, 49, 381, 57]}}]}