{"filename": "3209648408_09-23-1999-CT_UROGRAM-31798_3_000000-PARENCHYMAL_PHASE_Sep1999-95798_1-139.dcm", "annotation": [{"key": {"text": "Institution Name", "bbox": [306, 70, 405, 78]}, "value": {"text": "Nielsen, Jimenez and Aguilar Community Hospital", "bbox": [409, 112, 502, 122]}}, {"key": {"text": "Study Date", "bbox": [306, 126, 373, 136]}, "value": {"text": "2023 May 04", "bbox": [377, 127, 449, 136]}}, {"key": {"text": "Patient ID", "bbox": [306, 140, 366, 148]}, "value": {"text": "3209648408", "bbox": [370, 141, 440, 148]}}, {"key": {"text": "Name", "bbox": [306, 155, 342, 162]}, "value": {"text": "PAT TURICK", "bbox": [346, 155, 412, 162]}}, {"key": {"text": "Age", "bbox": [306, 169, 332, 178]}, "value": {"text": "75", "bbox": [336, 169, 350, 176]}}, {"key": {"text": "DOB", "bbox": [306, 183, 334, 190]}, "value": {"text": "11/18/1947", "bbox": [338, 183, 401, 191]}}]}