{"filename": "3209648408_09-23-1999-CT_UROGRAM-31798_3_000000-PARENCHYMAL_PHASE_Sep1999-95798_1-105.dcm", "annotation": [{"key": {"text": "Institution Name", "bbox": [259, 48, 358, 56]}, "value": {"text": "Nielsen, Jimenez and Aguilar Community Hospital", "bbox": [362, 76, 480, 86]}}, {"key": {"text": "Study Date", "bbox": [259, 90, 326, 100]}, "value": {"text": "2023 Nov 04", "bbox": [330, 91, 401, 98]}}, {"key": {"text": "Patient ID", "bbox": [259, 104, 319, 112]}, "value": {"text": "3209648408", "bbox": [323, 105, 393, 112]}}, {"key": {"text": "Name", "bbox": [259, 119, 295, 126]}, "value": {"text": "Jonathon Knouse", "bbox": [298, 118, 395, 128]}}, {"key": {"text": "Age", "bbox": [259, 133, 285, 142]}, "value": {"text": "15", "bbox": [289, 133, 303, 140]}}, {"key": {"text": "DOB", "bbox": [259, 147, 287, 154]}, "value": {"text": "05/05/2008", "bbox": [291, 147, 354, 155]}}]}