{"filename": "3209648408_09-23-1999-CT_UROGRAM-31798_3_000000-PARENCHYMAL_PHASE_Sep1999-95798_1-083.dcm", "annotation": [{"key": {"text": "Study Date"}, "value": {"text": "2023 Jan 08", "bbox": [73, 59, 139, 68]}}, {"key": {"text": "Name"}, "value": {"text": "RUBEN SHEFFO", "bbox": [143, 59, 230, 66]}}, {"key": {"text": "Patient Sex"}, "value": {"text": "M", "bbox": [234, 59, 244, 66]}}, {"key": {"text": "DOB", "bbox": [73, 73, 101, 80]}, "value": {"text": "03/29/1965", "bbox": [105, 73, 168, 81]}}]}