{"filename": "3209648408_09-23-1999-CT_UROGRAM-31798_3_000000-PARENCHYMAL_PHASE_Sep1999-95798_1-042.dcm", "annotation": [{"key": {"text": "Institution Name", "bbox": [288, 29, 387, 37]}, "value": {"text": "Nielsen, Jimenez and Aguilar Community Hospital", "bbox": [391, 57, 509, 67]}}, {"key": {"text": "Study Date", "bbox": [288, 71, 355, 81]}, "value": {"text": "2023 Oct 30", "bbox": [359, 72, 427, 79]}}, {"key": {"text": "Patient ID", "bbox": [288, 85, 348, 93]}, "value": {"text": "3209648408", "bbox": [352, 86, 422, 93]}}, {"key": {"text": "Name", "bbox": [288, 100, 324, 107]}, "value": {"text": "LILIA HEWLETT", "bbox": [328, 100, 413, 107]}}, {"key": {"text": "Age", "bbox": [288, 114, 314, 123]}, "value": {"text": "64", "bbox": [318, 114, 332, 121]}}, {"key": {"text": "DOB", "bbox": [288, 128, 316, 135]}, "value": {"text": "06/19/1959", "bbox": [320, 128, 383, 136]}}]}