{"filename": "3209648408_09-23-1999-CT_UROGRAM-31798_3_000000-PARENCHYMAL_PHASE_Sep1999-95798_1-140.dcm", "annotation": [{"key": {"text": "Institution Name", "bbox": [300, 76, 399, 84]}, "value": {"text": "Nielsen, Jimenez and Aguilar Community Hospital", "bbox": [403, 118, 496, 128]}}, {"key": {"text": "Study Date", "bbox": [300, 132, 367, 142]}, "value": {"text": "2023 Apr 02", "bbox": [371, 133, 440, 142]}}, {"key": {"text": "Patient ID", "bbox": [300, 146, 360, 154]}, "value": {"text": "3209648408", "bbox": [364, 147, 434, 154]}}, {"key": {"text": "Name", "bbox": [300, 161, 336, 168]}, "value": {"text": "Oda Lewey", "bbox": [340, 160, 402, 170]}}, {"key": {"text": "Age", "bbox": [300, 175, 326, 184]}, "value": {"text": "29", "bbox": [330, 175, 344, 182]}}, {"key": {"text": "DOB", "bbox": [300, 189, 328, 196]}, "value": {"text": "06/24/1993", "bbox": [332, 189, 395, 197]}}]}