{"filename": "3209648408_09-23-1999-CT_UROGRAM-31798_3_000000-PARENCHYMAL_PHASE_Sep1999-95798_1-044.dcm", "annotation": [{"key": {"text": "Institution Name", "bbox": [273, 429, 372, 437]}, "value": {"text": "Nielsen, Jimenez and Aguilar Community Hospital", "bbox": [376, 457, 494, 467]}}, {"key": {"text": "Study Date", "bbox": [273, 471, 340, 481]}, "value": {"text": "2023 Sep 07", "bbox": [344, 472, 414, 481]}}, {"key": {"text": "Patient ID", "bbox": [273, 485, 333, 493]}, "value": {"text": "3209648408", "bbox": [337, 486, 407, 493]}}, {"key": {"text": "Name", "bbox": [273, 500, 309, 507]}, "value": {"text": "BERT ZBRANEK", "bbox": [313, 500, 400, 507]}}]}