{"filename": "3209648408_09-23-1999-CT_UROGRAM-31798_3_000000-PARENCHYMAL_PHASE_Sep1999-95798_1-056.dcm", "annotation": [{"key": {"text": "Institution Name", "bbox": [283, 38, 382, 46]}, "value": {"text": "Nielsen, Jimenez and Aguilar Community Hospital", "bbox": [386, 66, 504, 76]}}, {"key": {"text": "Study Date", "bbox": [283, 80, 350, 90]}, "value": {"text": "2023 Feb 14", "bbox": [354, 80, 423, 88]}}, {"key": {"text": "Patient ID", "bbox": [283, 94, 343, 102]}, "value": {"text": "3209648408", "bbox": [347, 95, 417, 102]}}, {"key": {"text": "Name", "bbox": [283, 109, 319, 116]}, "value": {"text": "KELSIE SAPP", "bbox": [323, 109, 395, 116]}}, {"key": {"text": "Age", "bbox": [283, 123, 309, 132]}, "value": {"text": "51", "bbox": [313, 123, 327, 130]}}, {"key": {"text": "DOB", "bbox": [283, 137, 311, 144]}, "value": {"text": "07/13/1971", "bbox": [315, 137, 378, 145]}}]}