{"filename": "3209648408_09-23-1999-CT_UROGRAM-31798_3_000000-PARENCHYMAL_PHASE_Sep1999-95798_1-051.dcm", "annotation": [{"key": {"text": "Institution Name", "bbox": [265, 416, 364, 424]}, "value": {"text": "Nielsen, Jimenez and Aguilar Community Hospital", "bbox": [368, 444, 486, 454]}}, {"key": {"text": "Study Date", "bbox": [265, 458, 332, 468]}, "value": {"text": "2023 Jan 03", "bbox": [336, 459, 402, 468]}}, {"key": {"text": "Patient ID", "bbox": [265, 472, 325, 480]}, "value": {"text": "3209648408", "bbox": [329, 473, 399, 480]}}, {"key": {"text": "Name", "bbox": [265, 487, 301, 494]}, "value": {"text": "Quintin Popec", "bbox": [305, 486, 384, 496]}}, {"key": {"text": "Age", "bbox": [265, 501, 291, 510]}, "value": {"text": "40", "bbox": [295, 501, 309, 508]}}]}