{"filename": "3209648408_09-23-1999-CT_UROGRAM-31798_3_000000-PARENCHYMAL_PHASE_Sep1999-95798_1-062.dcm", "annotation": [{"key": {"text": "Institution Name", "bbox": [289, 416, 388, 424]}, "value": {"text": "Nielsen, Jimenez and Aguilar Community Hospital", "bbox": [392, 444, 510, 454]}}, {"key": {"text": "Study Date", "bbox": [289, 458, 356, 468]}, "value": {"text": "2023 Apr 02", "bbox": [360, 459, 429, 468]}}, {"key": {"text": "Patient ID", "bbox": [289, 472, 349, 480]}, "value": {"text": "3209648408", "bbox": [353, 473, 423, 480]}}, {"key": {"text": "Name", "bbox": [289, 487, 325, 494]}, "value": {"text": "Dewayne Sourwine", "bbox": [329, 486, 437, 496]}}, {"key": {"text": "Age", "bbox": [289, 501, 315, 510]}, "value": {"text": "43", "bbox": [319, 501, 333, 508]}}]}