{"filename": "3209648408_09-23-1999-CT_UROGRAM-31798_3_000000-PARENCHYMAL_PHASE_Sep1999-95798_1-120.dcm", "annotation": [{"key": {"text": "Study Date"}, "value": {"text": "2023 May 29", "bbox": [300, 433, 372, 442]}}, {"key": {"text": "Name"}, "value": {"text": "Dawna Gervasi", "bbox": [376, 432, 460, 440]}}, {"key": {"text": "Patient Sex"}, "value": {"text": "F", "bbox": [464, 433, 471, 440]}}, {"key": {"text": "DOB", "bbox": [300, 447, 328, 454]}, "value": {"text": "10/03/1968", "bbox": [332, 447, 395, 455]}}]}