{"filename": "3209648408_09-23-1999-CT_UROGRAM-31798_3_000000-PARENCHYMAL_PHASE_Sep1999-95798_1-021.dcm", "annotation": [{"key": {"text": "Institution Name", "bbox": [101, 75, 200, 83]}, "value": {"text": "Nielsen, Jimenez and Aguilar Community Hospital", "bbox": [204, 75, 484, 85]}}, {"key": {"text": "Study Date", "bbox": [101, 89, 168, 99]}, "value": {"text": "2023 Sep 06", "bbox": [172, 90, 242, 99]}}, {"key": {"text": "Patient ID", "bbox": [101, 103, 161, 111]}, "value": {"text": "3209648408", "bbox": [165, 104, 235, 111]}}, {"key": {"text": "Name", "bbox": [101, 118, 137, 125]}, "value": {"text": "MICHA SCOGGINS", "bbox": [141, 118, 240, 125]}}, {"key": {"text": "Age", "bbox": [101, 132, 127, 141]}, "value": {"text": "40", "bbox": [131, 132, 145, 139]}}, {"key": {"text": "DOB", "bbox": [101, 146, 129, 153]}, "value": {"text": "03/24/1983", "bbox": [133, 146, 196, 154]}}]}