{"filename": "3209648408_09-23-1999-CT_UROGRAM-31798_3_000000-PARENCHYMAL_PHASE_Sep1999-95798_1-122.dcm", "annotation": [{"key": {"text": "Study Date"}, "value": {"text": "2023 Jan 23", "bbox": [77, 417, 143, 426]}}, {"key": {"text": "Name"}, "value": {"text": "Anastacia Kufel", "bbox": [147, 416, 235, 424]}}, {"key": {"text": "Patient Sex"}, "value": {"text": "M", "bbox": [239, 417, 249, 424]}}, {"key": {"text": "DOB", "bbox": [77, 431, 105, 438]}, "value": {"text": "08/15/1974", "bbox": [109, 431, 172, 439]}}]}