{"filename": "3209648408_09-23-1999-CT_UROGRAM-31798_3_000000-PARENCHYMAL_PHASE_Sep1999-95798_1-015.dcm", "annotation": [{"key": {"text": "Study Date"}, "value": {"text": "2023 Dec 15", "bbox": [83, 394, 153, 401]}}, {"key": {"text": "Name"}, "value": {"text": "Chastity Waychoff", "bbox": [157, 393, 260, 403]}}, {"key": {"text": "Patient Sex"}, "value": {"text": "F", "bbox": [264, 394, 271, 401]}}, {"key": {"text": "DOB", "bbox": [83, 408, 111, 415]}, "value": {"text": "10/13/1981", "bbox": [115, 408, 178, 416]}}]}