{"filename": "3209648408_09-23-1999-CT_UROGRAM-31798_3_000000-PARENCHYMAL_PHASE_Sep1999-95798_1-023.dcm", "annotation": [{"key": {"text": "Institution Name", "bbox": [283, 410, 382, 418]}, "value": {"text": "Nielsen, Jimenez and Aguilar Community Hospital", "bbox": [386, 438, 504, 448]}}, {"key": {"text": "Study Date", "bbox": [283, 452, 350, 462]}, "value": {"text": "2023 Jan 04", "bbox": [354, 453, 420, 462]}}, {"key": {"text": "Patient ID", "bbox": [283, 466, 343, 474]}, "value": {"text": "3209648408", "bbox": [347, 467, 417, 474]}}, {"key": {"text": "Name", "bbox": [283, 481, 319, 488]}, "value": {"text": "DEETTA ORZALLI", "bbox": [323, 481, 417, 488]}}, {"key": {"text": "Age", "bbox": [283, 495, 309, 504]}, "value": {"text": "60", "bbox": [313, 495, 327, 502]}}]}