{"filename": "3209648408_09-23-1999-CT_UROGRAM-31798_3_000000-PARENCHYMAL_PHASE_Sep1999-95798_1-090.dcm", "annotation": [{"key": {"text": "Institution Name", "bbox": [256, 433, 355, 441]}, "value": {"text": "Nielsen, Jimenez and Aguilar Community Hospital", "bbox": [359, 461, 477, 471]}}, {"key": {"text": "Study Date", "bbox": [256, 475, 323, 485]}, "value": {"text": "2023 Nov 06", "bbox": [327, 476, 398, 483]}}, {"key": {"text": "Patient ID", "bbox": [256, 489, 316, 497]}, "value": {"text": "3209648408", "bbox": [320, 490, 390, 497]}}, {"key": {"text": "Name", "bbox": [256, 504, 292, 511]}, "value": {"text": "Maisha Parriott", "bbox": [296, 503, 383, 511]}}]}