{"filename": "3209648408_09-23-1999-CT_UROGRAM-31798_3_000000-PARENCHYMAL_PHASE_Sep1999-95798_1-043.dcm", "annotation": [{"key": {"text": "Institution Name", "bbox": [100, 68, 199, 76]}, "value": {"text": "Nielsen, Jimenez and Aguilar Community Hospital", "bbox": [203, 68, 483, 78]}}, {"key": {"text": "Study Date", "bbox": [100, 82, 167, 92]}, "value": {"text": "2023 Jun 05", "bbox": [171, 83, 238, 92]}}, {"key": {"text": "Patient ID", "bbox": [100, 96, 160, 104]}, "value": {"text": "3209648408", "bbox": [164, 97, 234, 104]}}, {"key": {"text": "Name", "bbox": [100, 111, 136, 118]}, "value": {"text": "Daniel Nafziger", "bbox": [140, 110, 227, 120]}}, {"key": {"text": "Age", "bbox": [100, 125, 126, 134]}, "value": {"text": "27", "bbox": [130, 125, 144, 132]}}, {"key": {"text": "DOB", "bbox": [100, 139, 128, 146]}, "value": {"text": "08/15/1995", "bbox": [132, 139, 195, 147]}}]}