{"filename": "3209648408_09-23-1999-CT_UROGRAM-31798_3_000000-PARENCHYMAL_PHASE_Sep1999-95798_1-088.dcm", "annotation": [{"key": {"text": "Institution Name", "bbox": [276, 410, 375, 418]}, "value": {"text": "Nielsen, Jimenez and Aguilar Community Hospital", "bbox": [379, 438, 497, 448]}}, {"key": {"text": "Study Date", "bbox": [276, 452, 343, 462]}, "value": {"text": "2023 Nov 18", "bbox": [347, 453, 418, 460]}}, {"key": {"text": "Patient ID", "bbox": [276, 466, 336, 474]}, "value": {"text": "3209648408", "bbox": [340, 467, 410, 474]}}, {"key": {"text": "Name", "bbox": [276, 481, 312, 488]}, "value": {"text": "Louetta Widdoes", "bbox": [316, 480, 411, 488]}}, {"key": {"text": "Age", "bbox": [276, 495, 302, 504]}, "value": {"text": "70", "bbox": [306, 495, 320, 502]}}]}