{"filename": "3209648408_09-23-1999-CT_UROGRAM-31798_3_000000-PARENCHYMAL_PHASE_Sep1999-95798_1-073.dcm", "annotation": [{"key": {"text": "Institution Name", "bbox": [269, 406, 368, 414]}, "value": {"text": "Nielsen, Jimenez and Aguilar Community Hospital", "bbox": [372, 434, 490, 444]}}, {"key": {"text": "Study Date", "bbox": [269, 448, 336, 458]}, "value": {"text": "2023 Dec 05", "bbox": [340, 449, 410, 456]}}, {"key": {"text": "Patient ID", "bbox": [269, 462, 329, 470]}, "value": {"text": "3209648408", "bbox": [333, 463, 403, 470]}}, {"key": {"text": "Name", "bbox": [269, 477, 305, 484]}, "value": {"text": "Eileen Tenzer", "bbox": [309, 476, 384, 484]}}, {"key": {"text": "Age", "bbox": [269, 491, 295, 500]}, "value": {"text": "76", "bbox": [299, 491, 313, 498]}}]}