{"filename": "3209648408_09-23-1999-CT_UROGRAM-31798_3_000000-PARENCHYMAL_PHASE_Sep1999-95798_1-034.dcm", "annotation": [{"key": {"text": "Study Date"}, "value": {"text": "2023 Jan 26", "bbox": [102, 60, 168, 69]}}, {"key": {"text": "Name"}, "value": {"text": "STEPHNIE CRITTENDON", "bbox": [172, 60, 304, 67]}}, {"key": {"text": "Patient Sex"}, "value": {"text": "M", "bbox": [308, 60, 318, 67]}}, {"key": {"text": "DOB", "bbox": [102, 74, 130, 81]}, "value": {"text": "11/14/1992", "bbox": [134, 74, 197, 82]}}]}