{"filename": "3209648408_09-23-1999-CT_UROGRAM-31798_3_000000-PARENCHYMAL_PHASE_Sep1999-95798_1-052.dcm", "annotation": [{"key": {"text": "Institution Name", "bbox": [270, 416, 369, 424]}, "value": {"text": "Nielsen, Jimenez and Aguilar Community Hospital", "bbox": [373, 444, 491, 454]}}, {"key": {"text": "Study Date", "bbox": [270, 458, 337, 468]}, "value": {"text": "2023 Jul 01", "bbox": [341, 458, 404, 468]}}, {"key": {"text": "Patient ID", "bbox": [270, 472, 330, 480]}, "value": {"text": "3209648408", "bbox": [334, 473, 404, 480]}}, {"key": {"text": "Name", "bbox": [270, 487, 306, 494]}, "value": {"text": "Bud Parlet", "bbox": [310, 486, 369, 494]}}, {"key": {"text": "Age", "bbox": [270, 501, 296, 510]}, "value": {"text": "52", "bbox": [300, 501, 314, 508]}}]}