{"filename": "3209648408_09-23-1999-CT_UROGRAM-31798_3_000000-PARENCHYMAL_PHASE_Sep1999-95798_1-089.dcm", "annotation": [{"key": {"text": "Study Date"}, "value": {"text": "2023 Sep 07", "bbox": [94, 50, 164, 59]}}, {"key": {"text": "Name"}, "value": {"text": "Yoshie Balford", "bbox": [167, 49, 249, 57]}}, {"key": {"text": "Patient Sex"}, "value": {"text": "F", "bbox": [253, 50, 260, 57]}}, {"key": {"text": "DOB", "bbox": [94, 64, 122, 71]}, "value": {"text": "12/02/1984", "bbox": [126, 64, 189, 72]}}]}