{"filename": "3209648408_09-23-1999-CT_UROGRAM-31798_3_000000-PARENCHYMAL_PHASE_Sep1999-95798_1-006.dcm", "annotation": [{"key": {"text": "Study Date"}, "value": {"text": "2023 Mar 18", "bbox": [100, 57, 170, 64]}}, {"key": {"text": "Name"}, "value": {"text": "TIFFANEY MCSHAN", "bbox": [174, 57, 280, 64]}}, {"key": {"text": "Patient Sex"}, "value": {"text": "F", "bbox": [284, 57, 291, 64]}}, {"key": {"text": "DOB", "bbox": [100, 71, 128, 78]}, "value": {"text": "01/11/1960", "bbox": [132, 71, 195, 79]}}]}