{"filename": "3209648408_09-23-1999-CT_UROGRAM-31798_3_000000-PARENCHYMAL_PHASE_Sep1999-95798_1-078.dcm", "annotation": [{"key": {"text": "Institution Name", "bbox": [272, 411, 371, 419]}, "value": {"text": "Nielsen, Jimenez and Aguilar Community Hospital", "bbox": [375, 439, 493, 449]}}, {"key": {"text": "Study Date", "bbox": [272, 453, 339, 463]}, "value": {"text": "2023 Dec 22", "bbox": [343, 454, 413, 461]}}, {"key": {"text": "Patient ID", "bbox": [272, 467, 332, 475]}, "value": {"text": "3209648408", "bbox": [336, 468, 406, 475]}}, {"key": {"text": "Name", "bbox": [272, 482, 308, 489]}, "value": {"text": "AUDRY BANDEMER", "bbox": [312, 482, 417, 489]}}, {"key": {"text": "Age", "bbox": [272, 496, 298, 505]}, "value": {"text": "33", "bbox": [302, 496, 316, 503]}}]}