{"filename": "3209648408_09-23-1999-CT_UROGRAM-31798_3_000000-PARENCHYMAL_PHASE_Sep1999-95798_1-058.dcm", "annotation": [{"key": {"text": "Institution Name", "bbox": [301, 430, 400, 438]}, "value": {"text": "Nielsen, Jimenez and Aguilar Community Hospital", "bbox": [404, 472, 497, 482]}}, {"key": {"text": "Study Date", "bbox": [301, 486, 368, 496]}, "value": {"text": "2023 Jun 08", "bbox": [372, 487, 439, 496]}}, {"key": {"text": "Patient ID", "bbox": [301, 500, 361, 508]}, "value": {"text": "3209648408", "bbox": [365, 501, 435, 508]}}]}