{"filename": "3209648408_09-23-1999-CT_UROGRAM-31798_3_000000-PARENCHYMAL_PHASE_Sep1999-95798_1-124.dcm", "annotation": [{"key": {"text": "Institution Name", "bbox": [78, 59, 177, 67]}, "value": {"text": "Nielsen, Jimenez and Aguilar Community Hospital", "bbox": [181, 59, 461, 69]}}, {"key": {"text": "Study Date", "bbox": [78, 73, 145, 83]}, "value": {"text": "2023 Jun 22", "bbox": [149, 74, 216, 83]}}, {"key": {"text": "Patient ID", "bbox": [78, 87, 138, 95]}, "value": {"text": "3209648408", "bbox": [142, 88, 212, 95]}}, {"key": {"text": "Name", "bbox": [78, 102, 114, 109]}, "value": {"text": "Nydia Amsden", "bbox": [118, 101, 199, 111]}}, {"key": {"text": "Age", "bbox": [78, 116, 104, 125]}, "value": {"text": "74", "bbox": [108, 116, 122, 123]}}, {"key": {"text": "DOB", "bbox": [78, 130, 106, 137]}, "value": {"text": "09/13/1948", "bbox": [110, 130, 173, 138]}}]}