{"filename": "3209648408_09-23-1999-CT_UROGRAM-31798_3_000000-PARENCHYMAL_PHASE_Sep1999-95798_1-106.dcm", "annotation": [{"key": {"text": "Institution Name", "bbox": [291, 47, 390, 55]}, "value": {"text": "Nielsen, Jimenez and Aguilar Community Hospital", "bbox": [394, 75, 512, 85]}}, {"key": {"text": "Study Date", "bbox": [291, 89, 358, 99]}, "value": {"text": "2023 Jun 20", "bbox": [362, 90, 429, 99]}}, {"key": {"text": "Patient ID", "bbox": [291, 103, 351, 111]}, "value": {"text": "3209648408", "bbox": [355, 104, 425, 111]}}, {"key": {"text": "Name", "bbox": [291, 118, 327, 125]}, "value": {"text": "Junko Magnotta", "bbox": [330, 117, 420, 127]}}, {"key": {"text": "Age", "bbox": [291, 132, 317, 141]}, "value": {"text": "52", "bbox": [321, 132, 335, 139]}}, {"key": {"text": "DOB", "bbox": [291, 146, 319, 153]}, "value": {"text": "08/07/1970", "bbox": [323, 146, 386, 154]}}]}