{"filename": "3209648408_09-23-1999-CT_UROGRAM-31798_3_000000-PARENCHYMAL_PHASE_Sep1999-95798_1-072.dcm", "annotation": [{"key": {"text": "Institution Name", "bbox": [290, 35, 389, 43]}, "value": {"text": "Nielsen, Jimenez and Aguilar Community Hospital", "bbox": [393, 63, 511, 73]}}, {"key": {"text": "Study Date", "bbox": [290, 77, 357, 87]}, "value": {"text": "2023 Apr 16", "bbox": [361, 78, 430, 87]}}, {"key": {"text": "Patient ID", "bbox": [290, 91, 350, 99]}, "value": {"text": "3209648408", "bbox": [354, 92, 424, 99]}}, {"key": {"text": "Name", "bbox": [290, 106, 326, 113]}, "value": {"text": "LUCIE DEMIRCHYAN", "bbox": [330, 106, 440, 113]}}, {"key": {"text": "Age", "bbox": [290, 120, 316, 129]}, "value": {"text": "34", "bbox": [320, 120, 334, 127]}}, {"key": {"text": "DOB", "bbox": [290, 134, 318, 141]}, "value": {"text": "07/16/1988", "bbox": [322, 134, 385, 142]}}]}