{"filename": "3209648408_09-23-1999-CT_UROGRAM-31798_3_000000-PARENCHYMAL_PHASE_Sep1999-95798_1-095.dcm", "annotation": [{"key": {"text": "Study Date"}, "value": {"text": "2023 Sep 23", "bbox": [86, 45, 156, 54]}}, {"key": {"text": "Name"}, "value": {"text": "SAU BAROODY", "bbox": [160, 45, 242, 52]}}, {"key": {"text": "Patient Sex"}, "value": {"text": "F", "bbox": [246, 45, 253, 52]}}, {"key": {"text": "DOB", "bbox": [86, 59, 114, 66]}, "value": {"text": "04/08/1989", "bbox": [118, 59, 181, 67]}}]}