{"filename": "3209648408_09-23-1999-CT_UROGRAM-31798_3_000000-PARENCHYMAL_PHASE_Sep1999-95798_1-091.dcm", "annotation": [{"key": {"text": "Institution Name", "bbox": [60, 37, 159, 45]}, "value": {"text": "Nielsen, Jimenez and Aguilar Community Hospital", "bbox": [163, 37, 443, 47]}}, {"key": {"text": "Study Date", "bbox": [60, 51, 127, 61]}, "value": {"text": "2023 Oct 16", "bbox": [131, 52, 199, 59]}}, {"key": {"text": "Patient ID", "bbox": [60, 65, 120, 73]}, "value": {"text": "3209648408", "bbox": [124, 66, 194, 73]}}, {"key": {"text": "Name", "bbox": [60, 80, 96, 87]}, "value": {"text": "JESUS DULAC", "bbox": [99, 80, 174, 89]}}, {"key": {"text": "Age", "bbox": [60, 94, 86, 103]}, "value": {"text": "18", "bbox": [90, 94, 104, 101]}}, {"key": {"text": "DOB", "bbox": [60, 108, 88, 115]}, "value": {"text": "05/09/2005", "bbox": [92, 108, 155, 116]}}]}