{"filename": "3209648408_09-23-1999-CT_UROGRAM-31798_3_000000-PARENCHYMAL_PHASE_Sep1999-95798_1-131.dcm", "annotation": [{"key": {"text": "Institution Name", "bbox": [95, 35, 194, 43]}, "value": {"text": "Nielsen, Jimenez and Aguilar Community Hospital", "bbox": [198, 35, 478, 45]}}, {"key": {"text": "Study Date", "bbox": [95, 49, 162, 59]}, "value": {"text": "2023 Jul 25", "bbox": [166, 49, 229, 59]}}, {"key": {"text": "Patient ID", "bbox": [95, 63, 155, 71]}, "value": {"text": "3209648408", "bbox": [159, 64, 229, 71]}}, {"key": {"text": "Name", "bbox": [95, 78, 131, 85]}, "value": {"text": "JACQUETTA KUTIL", "bbox": [134, 78, 235, 87]}}, {"key": {"text": "Age", "bbox": [95, 92, 121, 101]}, "value": {"text": "62", "bbox": [125, 92, 139, 99]}}, {"key": {"text": "DOB", "bbox": [95, 106, 123, 113]}, "value": {"text": "04/09/1961", "bbox": [127, 106, 190, 114]}}]}