{"filename": "3209648408_09-23-1999-CT_UROGRAM-31798_3_000000-PARENCHYMAL_PHASE_Sep1999-95798_1-081.dcm", "annotation": [{"key": {"text": "Institution Name", "bbox": [76, 38, 175, 46]}, "value": {"text": "Nielsen, Jimenez and Aguilar Community Hospital", "bbox": [179, 38, 459, 48]}}, {"key": {"text": "Study Date", "bbox": [76, 52, 143, 62]}, "value": {"text": "2023 Dec 11", "bbox": [147, 53, 217, 60]}}, {"key": {"text": "Patient ID", "bbox": [76, 66, 136, 74]}, "value": {"text": "3209648408", "bbox": [140, 67, 210, 74]}}, {"key": {"text": "Name", "bbox": [76, 81, 112, 88]}, "value": {"text": "Frederic Morante", "bbox": [116, 80, 213, 88]}}, {"key": {"text": "Age", "bbox": [76, 95, 102, 104]}, "value": {"text": "18", "bbox": [106, 95, 120, 102]}}, {"key": {"text": "DOB", "bbox": [76, 109, 104, 116]}, "value": {"text": "02/25/2005", "bbox": [108, 109, 171, 117]}}]}