{"filename": "3209648408_09-23-1999-CT_UROGRAM-31798_3_000000-PARENCHYMAL_PHASE_Sep1999-95798_1-144.dcm", "annotation": [{"key": {"text": "Institution Name", "bbox": [75, 73, 174, 81]}, "value": {"text": "Nielsen, Jimenez and Aguilar Community Hospital", "bbox": [178, 73, 458, 83]}}, {"key": {"text": "Study Date", "bbox": [75, 87, 142, 97]}, "value": {"text": "2023 Oct 23", "bbox": [146, 88, 214, 95]}}, {"key": {"text": "Patient ID", "bbox": [75, 101, 135, 109]}, "value": {"text": "3209648408", "bbox": [139, 102, 209, 109]}}, {"key": {"text": "Name", "bbox": [75, 116, 111, 123]}, "value": {"text": "RICKEY SOLINA", "bbox": [115, 116, 201, 123]}}, {"key": {"text": "Age", "bbox": [75, 130, 101, 139]}, "value": {"text": "25", "bbox": [105, 130, 119, 137]}}, {"key": {"text": "DOB", "bbox": [75, 144, 103, 151]}, "value": {"text": "10/18/1998", "bbox": [107, 144, 170, 152]}}]}