{"filename": "3209648408_09-23-1999-CT_UROGRAM-31798_3_000000-PARENCHYMAL_PHASE_Sep1999-95798_1-151.dcm", "annotation": [{"key": {"text": "Institution Name", "bbox": [273, 75, 372, 83]}, "value": {"text": "Nielsen, Jimenez and Aguilar Community Hospital", "bbox": [376, 103, 494, 113]}}, {"key": {"text": "Study Date", "bbox": [273, 117, 340, 127]}, "value": {"text": "2023 Jan 09", "bbox": [344, 118, 410, 127]}}, {"key": {"text": "Patient ID", "bbox": [273, 131, 333, 139]}, "value": {"text": "3209648408", "bbox": [337, 132, 407, 139]}}, {"key": {"text": "Name", "bbox": [273, 146, 309, 153]}, "value": {"text": "LAURINE TURCIO", "bbox": [313, 146, 407, 153]}}, {"key": {"text": "Age", "bbox": [273, 160, 299, 169]}, "value": {"text": "20", "bbox": [303, 160, 317, 167]}}, {"key": {"text": "DOB", "bbox": [273, 174, 301, 181]}, "value": {"text": "01/11/2002", "bbox": [305, 174, 368, 182]}}]}