{"filename": "3209648408_09-23-1999-CT_UROGRAM-31798_3_000000-PARENCHYMAL_PHASE_Sep1999-95798_1-130.dcm", "annotation": [{"key": {"text": "Institution Name", "bbox": [284, 56, 383, 64]}, "value": {"text": "Nielsen, Jimenez and Aguilar Community Hospital", "bbox": [387, 84, 505, 94]}}, {"key": {"text": "Study Date", "bbox": [284, 98, 351, 108]}, "value": {"text": "2023 May 02", "bbox": [355, 99, 427, 108]}}, {"key": {"text": "Patient ID", "bbox": [284, 112, 344, 120]}, "value": {"text": "3209648408", "bbox": [348, 113, 418, 120]}}, {"key": {"text": "Name", "bbox": [284, 127, 320, 134]}, "value": {"text": "Flora Minicucci", "bbox": [324, 126, 409, 134]}}, {"key": {"text": "Age", "bbox": [284, 141, 310, 150]}, "value": {"text": "79", "bbox": [314, 141, 328, 148]}}, {"key": {"text": "DOB", "bbox": [284, 155, 312, 162]}, "value": {"text": "04/16/1944", "bbox": [316, 155, 379, 163]}}]}