{"filename": "3209648408_09-23-1999-CT_UROGRAM-31798_3_000000-PARENCHYMAL_PHASE_Sep1999-95798_1-055.dcm", "annotation": [{"key": {"text": "Study Date"}, "value": {"text": "2023 Jun 29", "bbox": [84, 409, 151, 418]}}, {"key": {"text": "Name"}, "value": {"text": "CHARLINE BAETZ", "bbox": [155, 409, 251, 416]}}, {"key": {"text": "Patient Sex"}, "value": {"text": "M", "bbox": [255, 409, 265, 416]}}, {"key": {"text": "DOB", "bbox": [84, 423, 112, 430]}, "value": {"text": "04/19/1957", "bbox": [116, 423, 179, 431]}}]}