{"filename": "3209648408_09-23-1999-CT_UROGRAM-31798_3_000000-PARENCHYMAL_PHASE_Sep1999-95798_1-047.dcm", "annotation": [{"key": {"text": "Institution Name", "bbox": [264, 420, 363, 428]}, "value": {"text": "Nielsen, Jimenez and Aguilar Community Hospital", "bbox": [367, 448, 485, 458]}}, {"key": {"text": "Study Date", "bbox": [264, 462, 331, 472]}, "value": {"text": "2023 Aug 15", "bbox": [335, 463, 406, 472]}}, {"key": {"text": "Patient ID", "bbox": [264, 476, 324, 484]}, "value": {"text": "3209648408", "bbox": [328, 477, 398, 484]}}, {"key": {"text": "Name", "bbox": [264, 491, 300, 498]}, "value": {"text": "ALDO WHITTIER", "bbox": [304, 491, 394, 498]}}]}