{"filename": "3209648408_09-23-1999-CT_UROGRAM-31798_3_000000-PARENCHYMAL_PHASE_Sep1999-95798_1-049.dcm", "annotation": [{"key": {"text": "Institution Name", "bbox": [279, 416, 378, 424]}, "value": {"text": "Nielsen, Jimenez and Aguilar Community Hospital", "bbox": [382, 444, 500, 454]}}, {"key": {"text": "Study Date", "bbox": [279, 458, 346, 468]}, "value": {"text": "2023 Nov 05", "bbox": [350, 459, 421, 466]}}, {"key": {"text": "Patient ID", "bbox": [279, 472, 339, 480]}, "value": {"text": "3209648408", "bbox": [343, 473, 413, 480]}}, {"key": {"text": "Name", "bbox": [279, 487, 315, 494]}, "value": {"text": "Meridith Teekasingh", "bbox": [319, 486, 433, 496]}}, {"key": {"text": "Age", "bbox": [279, 501, 305, 510]}, "value": {"text": "80", "bbox": [309, 501, 323, 508]}}]}