{"filename": "3209648408_09-23-1999-CT_UROGRAM-31798_3_000000-PARENCHYMAL_PHASE_Sep1999-95798_1-141.dcm", "annotation": [{"key": {"text": "Institution Name", "bbox": [95, 28, 194, 36]}, "value": {"text": "Nielsen, Jimenez and Aguilar Community Hospital", "bbox": [198, 28, 478, 38]}}, {"key": {"text": "Study Date", "bbox": [95, 42, 162, 52]}, "value": {"text": "1999 Sep 23", "bbox": [166, 43, 236, 52]}}, {"key": {"text": "Patient ID", "bbox": [95, 56, 155, 64]}, "value": {"text": "3209648408", "bbox": [159, 57, 229, 64]}}, {"key": {"text": "Name", "bbox": [95, 71, 131, 78]}, "value": {"text": "SEXTON CARMEN", "bbox": [135, 71, 232, 78]}}, {"key": {"text": "Age", "bbox": [95, 85, 121, 94]}, "value": {"text": "67", "bbox": [125, 85, 139, 92]}}, {"key": {"text": "DOB", "bbox": [95, 99, 123, 106]}, "value": {"text": "08/04/1932", "bbox": [127, 99, 190, 107]}}]}