{"filename": "3209648408_09-23-1999-CT_UROGRAM-31798_3_000000-PARENCHYMAL_PHASE_Sep1999-95798_1-019.dcm", "annotation": [{"key": {"text": "Institution Name", "bbox": [276, 393, 375, 401]}, "value": {"text": "Nielsen, Jimenez and Aguilar Community Hospital", "bbox": [379, 421, 497, 431]}}, {"key": {"text": "Study Date", "bbox": [276, 435, 343, 445]}, "value": {"text": "2023 Feb 09", "bbox": [347, 435, 416, 443]}}, {"key": {"text": "Patient ID", "bbox": [276, 449, 336, 457]}, "value": {"text": "3209648408", "bbox": [340, 450, 410, 457]}}, {"key": {"text": "Name", "bbox": [276, 464, 312, 471]}, "value": {"text": "Stanley Arend", "bbox": [316, 463, 396, 473]}}, {"key": {"text": "Age", "bbox": [276, 478, 302, 487]}, "value": {"text": "79", "bbox": [306, 478, 320, 485]}}, {"key": {"text": "DOB", "bbox": [276, 492, 304, 499]}, "value": {"text": "02/18/1943", "bbox": [308, 492, 371, 500]}}]}