{"filename": "3209648408_09-23-1999-CT_UROGRAM-31798_3_000000-PARENCHYMAL_PHASE_Sep1999-95798_1-126.dcm", "annotation": [{"key": {"text": "Study Date"}, "value": {"text": "1999 Sep 23", "bbox": [56, 37, 126, 46]}}, {"key": {"text": "Name"}, "value": {"text": "SEXTON CARMEN", "bbox": [130, 37, 227, 44]}}, {"key": {"text": "Patient Sex"}, "value": {"text": "F", "bbox": [231, 37, 238, 44]}}, {"key": {"text": "DOB", "bbox": [56, 51, 84, 58]}, "value": {"text": "08/04/1932", "bbox": [88, 51, 151, 59]}}]}