{"filename": "3209648408_09-23-1999-CT_UROGRAM-31798_3_000000-PARENCHYMAL_PHASE_Sep1999-95798_1-067.dcm", "annotation": [{"key": {"text": "Institution Name", "bbox": [282, 431, 381, 439]}, "value": {"text": "Nielsen, Jimenez and Aguilar Community Hospital", "bbox": [385, 459, 503, 469]}}, {"key": {"text": "Study Date", "bbox": [282, 473, 349, 483]}, "value": {"text": "2023 Jul 30", "bbox": [353, 473, 416, 483]}}, {"key": {"text": "Patient ID", "bbox": [282, 487, 342, 495]}, "value": {"text": "3209648408", "bbox": [346, 488, 416, 495]}}, {"key": {"text": "Name", "bbox": [282, 502, 318, 509]}, "value": {"text": "MOLLY SMYNTEK", "bbox": [322, 502, 418, 509]}}]}