{"filename": "3209648408_09-23-1999-CT_UROGRAM-31798_3_000000-PARENCHYMAL_PHASE_Sep1999-95798_1-132.dcm", "annotation": [{"key": {"text": "Institution Name", "bbox": [292, 33, 391, 41]}, "value": {"text": "Nielsen, Jimenez and Aguilar Community Hospital", "bbox": [395, 61, 509, 71]}}, {"key": {"text": "Study Date", "bbox": [292, 75, 359, 85]}, "value": {"text": "2023 May 01", "bbox": [363, 76, 435, 85]}}, {"key": {"text": "Patient ID", "bbox": [292, 89, 352, 97]}, "value": {"text": "3209648408", "bbox": [356, 90, 426, 97]}}, {"key": {"text": "Name", "bbox": [292, 104, 328, 111]}, "value": {"text": "JENAE VAIR", "bbox": [331, 104, 395, 113]}}, {"key": {"text": "Age", "bbox": [292, 118, 318, 127]}, "value": {"text": "65", "bbox": [322, 118, 336, 125]}}, {"key": {"text": "DOB", "bbox": [292, 132, 320, 139]}, "value": {"text": "08/20/1957", "bbox": [324, 132, 387, 140]}}]}