{"filename": "3209648408_09-23-1999-CT_UROGRAM-31798_3_000000-PARENCHYMAL_PHASE_Sep1999-95798_1-036.dcm", "annotation": [{"key": {"text": "Institution Name", "bbox": [291, 400, 390, 408]}, "value": {"text": "Nielsen, Jimenez and Aguilar Community Hospital", "bbox": [394, 428, 512, 438]}}, {"key": {"text": "Study Date", "bbox": [291, 442, 358, 452]}, "value": {"text": "2023 Apr 05", "bbox": [362, 443, 431, 452]}}, {"key": {"text": "Patient ID", "bbox": [291, 456, 351, 464]}, "value": {"text": "3209648408", "bbox": [355, 457, 425, 464]}}, {"key": {"text": "Name", "bbox": [291, 471, 327, 478]}, "value": {"text": "MANY GROB", "bbox": [331, 471, 400, 478]}}, {"key": {"text": "Age", "bbox": [291, 485, 317, 494]}, "value": {"text": "32", "bbox": [321, 485, 335, 492]}}, {"key": {"text": "DOB", "bbox": [291, 499, 319, 506]}, "value": {"text": "05/03/1990", "bbox": [323, 499, 386, 507]}}]}