{"filename": "3209648408_09-23-1999-CT_UROGRAM-31798_3_000000-PARENCHYMAL_PHASE_Sep1999-95798_1-126.dcm", "annotation": [{"key": {"text": "Institution Name", "bbox": [295, 424, 394, 432]}, "value": {"text": "Nielsen, Jimenez and Aguilar Community Hospital", "bbox": [398, 452, 512, 462]}}, {"key": {"text": "Study Date", "bbox": [295, 466, 362, 476]}, "value": {"text": "2023 Dec 05", "bbox": [366, 467, 436, 474]}}, {"key": {"text": "Patient ID", "bbox": [295, 480, 355, 488]}, "value": {"text": "3209648408", "bbox": [359, 481, 429, 488]}}, {"key": {"text": "Name", "bbox": [295, 495, 331, 502]}, "value": {"text": "CELESTE GALI", "bbox": [335, 495, 413, 502]}}]}