{"filename": "3209648408_09-23-1999-CT_UROGRAM-31798_3_000000-PARENCHYMAL_PHASE_Sep1999-95798_1-112.dcm", "annotation": [{"key": {"text": "Institution Name", "bbox": [257, 53, 356, 61]}, "value": {"text": "Nielsen, Jimenez and Aguilar Community Hospital", "bbox": [360, 81, 478, 91]}}, {"key": {"text": "Study Date", "bbox": [257, 95, 324, 105]}, "value": {"text": "2023 Jul 28", "bbox": [328, 95, 391, 105]}}, {"key": {"text": "Patient ID", "bbox": [257, 109, 317, 117]}, "value": {"text": "3209648408", "bbox": [321, 110, 391, 117]}}, {"key": {"text": "Name", "bbox": [257, 124, 293, 131]}, "value": {"text": "JASMIN DEVEY", "bbox": [296, 124, 379, 133]}}, {"key": {"text": "Age", "bbox": [257, 138, 283, 147]}, "value": {"text": "70", "bbox": [287, 138, 301, 145]}}, {"key": {"text": "DOB", "bbox": [257, 152, 285, 159]}, "value": {"text": "03/26/1953", "bbox": [289, 152, 352, 160]}}]}