{"filename": "3209648408_09-23-1999-CT_UROGRAM-31798_3_000000-PARENCHYMAL_PHASE_Sep1999-95798_1-022.dcm", "annotation": [{"key": {"text": "Institution Name", "bbox": [281, 421, 380, 429]}, "value": {"text": "Nielsen, Jimenez and Aguilar Community Hospital", "bbox": [384, 449, 502, 459]}}, {"key": {"text": "Study Date", "bbox": [281, 463, 348, 473]}, "value": {"text": "2023 Mar 28", "bbox": [352, 464, 422, 471]}}, {"key": {"text": "Patient ID", "bbox": [281, 477, 341, 485]}, "value": {"text": "3209648408", "bbox": [345, 478, 415, 485]}}, {"key": {"text": "Name", "bbox": [281, 492, 317, 499]}, "value": {"text": "GRICELDA SGROI", "bbox": [321, 492, 416, 499]}}]}