{"filename": "3209648408_09-23-1999-CT_UROGRAM-31798_3_000000-PARENCHYMAL_PHASE_Sep1999-95798_1-071.dcm", "annotation": [{"key": {"text": "Institution Name", "bbox": [89, 33, 188, 41]}, "value": {"text": "Nielsen, Jimenez and Aguilar Community Hospital", "bbox": [192, 33, 472, 43]}}, {"key": {"text": "Study Date", "bbox": [89, 47, 156, 57]}, "value": {"text": "2023 Oct 20", "bbox": [160, 48, 228, 55]}}, {"key": {"text": "Patient ID", "bbox": [89, 61, 149, 69]}, "value": {"text": "3209648408", "bbox": [153, 62, 223, 69]}}, {"key": {"text": "Name", "bbox": [89, 76, 125, 83]}, "value": {"text": "RYANN NICHOLES", "bbox": [129, 76, 227, 83]}}, {"key": {"text": "Age", "bbox": [89, 90, 115, 99]}, "value": {"text": "31", "bbox": [119, 90, 133, 97]}}, {"key": {"text": "DOB", "bbox": [89, 104, 117, 111]}, "value": {"text": "03/27/1992", "bbox": [121, 104, 184, 112]}}]}