{"filename": "3209648408_09-23-1999-CT_UROGRAM-31798_3_000000-PARENCHYMAL_PHASE_Sep1999-95798_1-146.dcm", "annotation": [{"key": {"text": "Institution Name", "bbox": [74, 52, 173, 60]}, "value": {"text": "Nielsen, Jimenez and Aguilar Community Hospital", "bbox": [177, 52, 457, 62]}}, {"key": {"text": "Study Date", "bbox": [74, 66, 141, 76]}, "value": {"text": "2023 Nov 28", "bbox": [145, 67, 216, 74]}}, {"key": {"text": "Patient ID", "bbox": [74, 80, 134, 88]}, "value": {"text": "3209648408", "bbox": [138, 81, 208, 88]}}, {"key": {"text": "Name", "bbox": [74, 95, 110, 102]}, "value": {"text": "AL ZICHERMAN", "bbox": [114, 95, 199, 102]}}, {"key": {"text": "Age", "bbox": [74, 109, 100, 118]}, "value": {"text": "32", "bbox": [104, 109, 118, 116]}}, {"key": {"text": "DOB", "bbox": [74, 123, 102, 130]}, "value": {"text": "07/15/1991", "bbox": [106, 123, 169, 131]}}]}