{"filename": "3209648408_09-23-1999-CT_UROGRAM-31798_3_000000-PARENCHYMAL_PHASE_Sep1999-95798_1-080.dcm", "annotation": [{"key": {"text": "Institution Name", "bbox": [291, 63, 390, 71]}, "value": {"text": "Nielsen, Jimenez and Aguilar Community Hospital", "bbox": [394, 91, 512, 101]}}, {"key": {"text": "Study Date", "bbox": [291, 105, 358, 115]}, "value": {"text": "2023 May 03", "bbox": [362, 106, 434, 115]}}, {"key": {"text": "Patient ID", "bbox": [291, 119, 351, 127]}, "value": {"text": "3209648408", "bbox": [355, 120, 425, 127]}}, {"key": {"text": "Name", "bbox": [291, 134, 327, 141]}, "value": {"text": "Larisa Mulhollen", "bbox": [331, 133, 424, 141]}}, {"key": {"text": "Age", "bbox": [291, 148, 317, 157]}, "value": {"text": "59", "bbox": [321, 148, 335, 155]}}, {"key": {"text": "DOB", "bbox": [291, 162, 319, 169]}, "value": {"text": "10/01/1963", "bbox": [323, 162, 386, 170]}}]}