{"filename": "3209648408_09-23-1999-CT_UROGRAM-31798_3_000000-PARENCHYMAL_PHASE_Sep1999-95798_1-115.dcm", "annotation": [{"key": {"text": "Institution Name", "bbox": [266, 37, 365, 45]}, "value": {"text": "Nielsen, Jimenez and Aguilar Community Hospital", "bbox": [369, 65, 487, 75]}}, {"key": {"text": "Study Date", "bbox": [266, 79, 333, 89]}, "value": {"text": "2023 Nov 04", "bbox": [337, 80, 408, 87]}}, {"key": {"text": "Patient ID", "bbox": [266, 93, 326, 101]}, "value": {"text": "3209648408", "bbox": [330, 94, 400, 101]}}, {"key": {"text": "Name", "bbox": [266, 108, 302, 115]}, "value": {"text": "Maragaret Lorino", "bbox": [306, 107, 404, 117]}}, {"key": {"text": "Age", "bbox": [266, 122, 292, 131]}, "value": {"text": "68", "bbox": [296, 122, 310, 129]}}, {"key": {"text": "DOB", "bbox": [266, 136, 294, 143]}, "value": {"text": "01/08/1955", "bbox": [298, 136, 361, 144]}}]}