{"filename": "3209648408_09-23-1999-CT_UROGRAM-31798_3_000000-PARENCHYMAL_PHASE_Sep1999-95798_1-018.dcm", "annotation": [{"key": {"text": "Institution Name", "bbox": [289, 430, 388, 438]}, "value": {"text": "Nielsen, Jimenez and Aguilar Community Hospital", "bbox": [392, 458, 510, 468]}}, {"key": {"text": "Study Date", "bbox": [289, 472, 356, 482]}, "value": {"text": "2023 Feb 01", "bbox": [360, 472, 429, 480]}}, {"key": {"text": "Patient ID", "bbox": [289, 486, 349, 494]}, "value": {"text": "3209648408", "bbox": [353, 487, 423, 494]}}, {"key": {"text": "Name", "bbox": [289, 501, 325, 508]}, "value": {"text": "Luna Behunin", "bbox": [329, 500, 406, 508]}}]}