{"filename": "3209648408_09-23-1999-CT_UROGRAM-31798_3_000000-PARENCHYMAL_PHASE_Sep1999-95798_1-061.dcm", "annotation": [{"key": {"text": "Institution Name", "bbox": [296, 410, 395, 418]}, "value": {"text": "Nielsen, Jimenez and Aguilar Community Hospital", "bbox": [399, 452, 492, 462]}}, {"key": {"text": "Study Date", "bbox": [296, 466, 363, 476]}, "value": {"text": "2023 May 20", "bbox": [367, 467, 439, 476]}}, {"key": {"text": "Patient ID", "bbox": [296, 480, 356, 488]}, "value": {"text": "3209648408", "bbox": [360, 481, 430, 488]}}, {"key": {"text": "Name", "bbox": [296, 495, 332, 502]}, "value": {"text": "JOHNSON CABALLES", "bbox": [335, 495, 450, 504]}}]}