{"filename": "3209648408_09-23-1999-CT_UROGRAM-31798_3_000000-PARENCHYMAL_PHASE_Sep1999-95798_1-003.dcm", "annotation": [{"key": {"text": "Study Date"}, "value": {"text": "2023 Mar 20", "bbox": [296, 397, 366, 404]}}, {"key": {"text": "Name"}, "value": {"text": "Kerstin Decook", "bbox": [370, 396, 456, 404]}}, {"key": {"text": "Patient Sex"}, "value": {"text": "F", "bbox": [460, 397, 467, 404]}}, {"key": {"text": "DOB", "bbox": [296, 411, 324, 418]}, "value": {"text": "08/24/1961", "bbox": [328, 411, 391, 419]}}]}