{"filename": "3209648408_09-23-1999-CT_UROGRAM-31798_3_000000-PARENCHYMAL_PHASE_Sep1999-95798_1-035.dcm", "annotation": [{"key": {"text": "Institution Name", "bbox": [259, 395, 358, 403]}, "value": {"text": "Nielsen, Jimenez and Aguilar Community Hospital", "bbox": [362, 423, 480, 433]}}, {"key": {"text": "Study Date", "bbox": [259, 437, 326, 447]}, "value": {"text": "2023 Aug 07", "bbox": [330, 438, 401, 447]}}, {"key": {"text": "Patient ID", "bbox": [259, 451, 319, 459]}, "value": {"text": "3209648408", "bbox": [323, 452, 393, 459]}}, {"key": {"text": "Name", "bbox": [259, 466, 295, 473]}, "value": {"text": "MELODI REPPERT", "bbox": [299, 466, 396, 473]}}, {"key": {"text": "Age", "bbox": [259, 480, 285, 489]}, "value": {"text": "25", "bbox": [289, 480, 303, 487]}}, {"key": {"text": "DOB", "bbox": [259, 494, 287, 501]}, "value": {"text": "12/24/1997", "bbox": [291, 494, 354, 502]}}]}