{"filename": "3209648408_09-23-1999-CT_UROGRAM-31798_3_000000-PARENCHYMAL_PHASE_Sep1999-95798_1-075.dcm", "annotation": [{"key": {"text": "Study Date"}, "value": {"text": "2023 Jul 13", "bbox": [296, 38, 359, 48]}}, {"key": {"text": "Name"}, "value": {"text": "Janise Spafford", "bbox": [362, 38, 448, 48]}}, {"key": {"text": "Patient Sex"}, "value": {"text": "M", "bbox": [452, 39, 462, 46]}}, {"key": {"text": "DOB", "bbox": [296, 53, 324, 60]}, "value": {"text": "06/01/1945", "bbox": [328, 53, 391, 61]}}]}