{"filename": "3209648408_09-23-1999-CT_UROGRAM-31798_3_000000-PARENCHYMAL_PHASE_Sep1999-95798_1-050.dcm", "annotation": [{"key": {"text": "Institution Name", "bbox": [256, 386, 355, 394]}, "value": {"text": "Nielsen, Jimenez and Aguilar Community Hospital", "bbox": [359, 414, 477, 424]}}, {"key": {"text": "Study Date", "bbox": [256, 428, 323, 438]}, "value": {"text": "2023 May 01", "bbox": [327, 429, 399, 438]}}, {"key": {"text": "Patient ID", "bbox": [256, 442, 316, 450]}, "value": {"text": "3209648408", "bbox": [320, 443, 390, 450]}}, {"key": {"text": "Name", "bbox": [256, 457, 292, 464]}, "value": {"text": "Shirlene Tallerico", "bbox": [296, 456, 393, 464]}}, {"key": {"text": "Age", "bbox": [256, 471, 282, 480]}, "value": {"text": "27", "bbox": [286, 471, 300, 478]}}, {"key": {"text": "DOB", "bbox": [256, 485, 284, 492]}, "value": {"text": "09/23/1995", "bbox": [288, 485, 351, 493]}}]}