{"filename": "3209648408_09-23-1999-CT_UROGRAM-31798_3_000000-PARENCHYMAL_PHASE_Sep1999-95798_1-111.dcm", "annotation": [{"key": {"text": "Institution Name", "bbox": [266, 29, 365, 37]}, "value": {"text": "Nielsen, Jimenez and Aguilar Community Hospital", "bbox": [369, 57, 487, 67]}}, {"key": {"text": "Study Date", "bbox": [266, 71, 333, 81]}, "value": {"text": "2023 Dec 17", "bbox": [337, 72, 407, 79]}}, {"key": {"text": "Patient ID", "bbox": [266, 85, 326, 93]}, "value": {"text": "3209648408", "bbox": [330, 86, 400, 93]}}, {"key": {"text": "Name", "bbox": [266, 100, 302, 107]}, "value": {"text": "ELDORA IVERS", "bbox": [306, 100, 388, 107]}}, {"key": {"text": "Age", "bbox": [266, 114, 292, 123]}, "value": {"text": "72", "bbox": [296, 114, 310, 121]}}, {"key": {"text": "DOB", "bbox": [266, 128, 294, 135]}, "value": {"text": "11/07/1951", "bbox": [298, 128, 361, 136]}}]}