{"filename": "3209648408_09-23-1999-CT_UROGRAM-31798_3_000000-PARENCHYMAL_PHASE_Sep1999-95798_1-005.dcm", "annotation": [{"key": {"text": "Institution Name", "bbox": [269, 397, 368, 405]}, "value": {"text": "Nielsen, Jimenez and Aguilar Community Hospital", "bbox": [372, 425, 490, 435]}}, {"key": {"text": "Study Date", "bbox": [269, 439, 336, 449]}, "value": {"text": "2023 Feb 13", "bbox": [340, 439, 409, 447]}}, {"key": {"text": "Patient ID", "bbox": [269, 453, 329, 461]}, "value": {"text": "3209648408", "bbox": [333, 454, 403, 461]}}, {"key": {"text": "Name", "bbox": [269, 468, 305, 475]}, "value": {"text": "Rayna Mendler", "bbox": [309, 467, 393, 477]}}, {"key": {"text": "Age", "bbox": [269, 482, 295, 491]}, "value": {"text": "62", "bbox": [299, 482, 313, 489]}}, {"key": {"text": "DOB", "bbox": [269, 496, 297, 503]}, "value": {"text": "08/09/1960", "bbox": [301, 496, 364, 504]}}]}