{"filename": "3209648408_09-23-1999-CT_UROGRAM-31798_3_000000-PARENCHYMAL_PHASE_Sep1999-95798_1-129.dcm", "annotation": [{"key": {"text": "Institution Name", "bbox": [269, 418, 368, 426]}, "value": {"text": "Nielsen, Jimenez and Aguilar Community Hospital", "bbox": [372, 446, 490, 456]}}, {"key": {"text": "Study Date", "bbox": [269, 460, 336, 470]}, "value": {"text": "2023 Apr 06", "bbox": [340, 461, 409, 470]}}, {"key": {"text": "Patient ID", "bbox": [269, 474, 329, 482]}, "value": {"text": "3209648408", "bbox": [333, 475, 403, 482]}}, {"key": {"text": "Name", "bbox": [269, 489, 305, 496]}, "value": {"text": "GORDON SEIFRIED", "bbox": [309, 489, 413, 496]}}]}