{"filename": "3209648408_09-23-1999-CT_UROGRAM-31798_3_000000-PARENCHYMAL_PHASE_Sep1999-95798_1-045.dcm", "annotation": [{"key": {"text": "Institution Name", "bbox": [280, 32, 379, 40]}, "value": {"text": "Nielsen, Jimenez and Aguilar Community Hospital", "bbox": [383, 60, 501, 70]}}, {"key": {"text": "Study Date", "bbox": [280, 74, 347, 84]}, "value": {"text": "2023 Mar 07", "bbox": [351, 75, 421, 82]}}, {"key": {"text": "Patient ID", "bbox": [280, 88, 340, 96]}, "value": {"text": "3209648408", "bbox": [344, 89, 414, 96]}}, {"key": {"text": "Name", "bbox": [280, 103, 316, 110]}, "value": {"text": "Aurora Mou", "bbox": [320, 103, 386, 110]}}, {"key": {"text": "Age", "bbox": [280, 117, 306, 126]}, "value": {"text": "70", "bbox": [310, 117, 324, 124]}}, {"key": {"text": "DOB", "bbox": [280, 131, 308, 138]}, "value": {"text": "10/09/1952", "bbox": [312, 131, 375, 139]}}]}