{"filename": "3209648408_09-23-1999-CT_UROGRAM-31798_3_000000-PARENCHYMAL_PHASE_Sep1999-95798_1-009.dcm", "annotation": [{"key": {"text": "Institution Name", "bbox": [272, 401, 371, 409]}, "value": {"text": "Nielsen, Jimenez and Aguilar Community Hospital", "bbox": [375, 429, 493, 439]}}, {"key": {"text": "Study Date", "bbox": [272, 443, 339, 453]}, "value": {"text": "2023 Jul 14", "bbox": [343, 443, 406, 453]}}, {"key": {"text": "Patient ID", "bbox": [272, 457, 332, 465]}, "value": {"text": "3209648408", "bbox": [336, 458, 406, 465]}}, {"key": {"text": "Name", "bbox": [272, 472, 308, 479]}, "value": {"text": "Archie Soho", "bbox": [312, 471, 380, 479]}}, {"key": {"text": "Age", "bbox": [272, 486, 298, 495]}, "value": {"text": "67", "bbox": [302, 486, 316, 493]}}, {"key": {"text": "DOB", "bbox": [272, 500, 300, 507]}, "value": {"text": "07/09/1956", "bbox": [304, 500, 367, 508]}}]}