{"filename": "3209648408_09-23-1999-CT_UROGRAM-31798_3_000000-PARENCHYMAL_PHASE_Sep1999-95798_1-065.dcm", "annotation": [{"key": {"text": "Institution Name", "bbox": [298, 431, 397, 439]}, "value": {"text": "Nielsen, Jimenez and Aguilar Community Hospital", "bbox": [401, 473, 494, 483]}}, {"key": {"text": "Study Date", "bbox": [298, 487, 365, 497]}, "value": {"text": "2023 Aug 03", "bbox": [369, 488, 440, 497]}}, {"key": {"text": "Patient ID", "bbox": [298, 501, 358, 509]}, "value": {"text": "3209648408", "bbox": [362, 502, 432, 509]}}]}