{"filename": "3209648408_09-23-1999-CT_UROGRAM-31798_3_000000-PARENCHYMAL_PHASE_Sep1999-95798_1-104.dcm", "annotation": [{"key": {"text": "Institution Name", "bbox": [278, 433, 377, 441]}, "value": {"text": "Nielsen, Jimenez and Aguilar Community Hospital", "bbox": [381, 461, 499, 471]}}, {"key": {"text": "Study Date", "bbox": [278, 475, 345, 485]}, "value": {"text": "2023 Jul 06", "bbox": [349, 475, 412, 485]}}, {"key": {"text": "Patient ID", "bbox": [278, 489, 338, 497]}, "value": {"text": "3209648408", "bbox": [342, 490, 412, 497]}}, {"key": {"text": "Name", "bbox": [278, 504, 314, 511]}, "value": {"text": "CHERYLL SMALLIN", "bbox": [318, 504, 421, 511]}}]}