{"filename": "3209648408_09-23-1999-CT_UROGRAM-31798_3_000000-PARENCHYMAL_PHASE_Sep1999-95798_1-141.dcm", "annotation": [{"key": {"text": "Study Date"}, "value": {"text": "2023 Nov 11", "bbox": [302, 46, 373, 53]}}, {"key": {"text": "Name"}, "value": {"text": "Ila Dearden", "bbox": [377, 45, 442, 53]}}, {"key": {"text": "Patient Sex"}, "value": {"text": "M", "bbox": [446, 46, 456, 53]}}, {"key": {"text": "DOB", "bbox": [302, 60, 330, 67]}, "value": {"text": "01/22/1971", "bbox": [334, 60, 397, 68]}}]}