{"filename": "3209648408_09-23-1999-CT_UROGRAM-31798_3_000000-PARENCHYMAL_PHASE_Sep1999-95798_1-014.dcm", "annotation": [{"key": {"text": "Institution Name", "bbox": [69, 46, 168, 54]}, "value": {"text": "Nielsen, Jimenez and Aguilar Community Hospital", "bbox": [172, 46, 452, 56]}}, {"key": {"text": "Study Date", "bbox": [69, 60, 136, 70]}, "value": {"text": "2023 Nov 29", "bbox": [140, 61, 211, 68]}}, {"key": {"text": "Patient ID", "bbox": [69, 74, 129, 82]}, "value": {"text": "3209648408", "bbox": [133, 75, 203, 82]}}, {"key": {"text": "Name", "bbox": [69, 89, 105, 96]}, "value": {"text": "Ramon Palay", "bbox": [109, 88, 182, 98]}}, {"key": {"text": "Age", "bbox": [69, 103, 95, 112]}, "value": {"text": "21", "bbox": [99, 103, 113, 110]}}, {"key": {"text": "DOB", "bbox": [69, 117, 97, 124]}, "value": {"text": "02/04/2002", "bbox": [101, 117, 164, 125]}}]}