{"filename": "3209648408_09-23-1999-CT_UROGRAM-31798_3_000000-PARENCHYMAL_PHASE_Sep1999-95798_1-135.dcm", "annotation": [{"key": {"text": "Institution Name", "bbox": [292, 57, 391, 65]}, "value": {"text": "Nielsen, Jimenez and Aguilar Community Hospital", "bbox": [395, 85, 509, 95]}}, {"key": {"text": "Study Date", "bbox": [292, 99, 359, 109]}, "value": {"text": "2023 Jul 26", "bbox": [363, 99, 426, 109]}}, {"key": {"text": "Patient ID", "bbox": [292, 113, 352, 121]}, "value": {"text": "3209648408", "bbox": [356, 114, 426, 121]}}, {"key": {"text": "Name", "bbox": [292, 128, 328, 135]}, "value": {"text": "BRAD LONGIE", "bbox": [332, 128, 409, 135]}}, {"key": {"text": "Age", "bbox": [292, 142, 318, 151]}, "value": {"text": "81", "bbox": [322, 142, 336, 149]}}, {"key": {"text": "DOB", "bbox": [292, 156, 320, 163]}, "value": {"text": "06/04/1942", "bbox": [324, 156, 387, 164]}}]}