{"filename": "3209648408_09-23-1999-CT_UROGRAM-31798_3_000000-PARENCHYMAL_PHASE_Sep1999-95798_1-059.dcm", "annotation": [{"key": {"text": "Institution Name", "bbox": [279, 389, 378, 397]}, "value": {"text": "Nielsen, Jimenez and Aguilar Community Hospital", "bbox": [382, 417, 500, 427]}}, {"key": {"text": "Study Date", "bbox": [279, 431, 346, 441]}, "value": {"text": "2023 Aug 17", "bbox": [350, 432, 421, 441]}}, {"key": {"text": "Patient ID", "bbox": [279, 445, 339, 453]}, "value": {"text": "3209648408", "bbox": [343, 446, 413, 453]}}, {"key": {"text": "Name", "bbox": [279, 460, 315, 467]}, "value": {"text": "ALYCE FLUHARTY", "bbox": [319, 460, 415, 467]}}, {"key": {"text": "Age", "bbox": [279, 474, 305, 483]}, "value": {"text": "82", "bbox": [309, 474, 323, 481]}}, {"key": {"text": "DOB", "bbox": [279, 488, 307, 495]}, "value": {"text": "05/27/1941", "bbox": [311, 488, 374, 496]}}]}