{"filename": "3209648408_09-23-1999-CT_UROGRAM-31798_3_000000-PARENCHYMAL_PHASE_Sep1999-95798_1-100.dcm", "annotation": [{"key": {"text": "Institution Name", "bbox": [270, 59, 369, 67]}, "value": {"text": "Nielsen, Jimenez and Aguilar Community Hospital", "bbox": [373, 87, 491, 97]}}, {"key": {"text": "Study Date", "bbox": [270, 101, 337, 111]}, "value": {"text": "2023 Jul 09", "bbox": [341, 101, 404, 111]}}, {"key": {"text": "Patient ID", "bbox": [270, 115, 330, 123]}, "value": {"text": "3209648408", "bbox": [334, 116, 404, 123]}}, {"key": {"text": "Name", "bbox": [270, 130, 306, 137]}, "value": {"text": "Brianne Leverton", "bbox": [310, 129, 407, 137]}}, {"key": {"text": "Age", "bbox": [270, 144, 296, 153]}, "value": {"text": "23", "bbox": [300, 144, 314, 151]}}, {"key": {"text": "DOB", "bbox": [270, 158, 298, 165]}, "value": {"text": "11/26/1999", "bbox": [302, 158, 365, 166]}}]}