{"filename": "3209648408_09-23-1999-CT_UROGRAM-31798_3_000000-PARENCHYMAL_PHASE_Sep1999-95798_1-107.dcm", "annotation": [{"key": {"text": "Institution Name", "bbox": [283, 43, 382, 51]}, "value": {"text": "Nielsen, Jimenez and Aguilar Community Hospital", "bbox": [386, 71, 504, 81]}}, {"key": {"text": "Study Date", "bbox": [283, 85, 350, 95]}, "value": {"text": "2023 Apr 17", "bbox": [354, 86, 423, 95]}}, {"key": {"text": "Patient ID", "bbox": [283, 99, 343, 107]}, "value": {"text": "3209648408", "bbox": [347, 100, 417, 107]}}, {"key": {"text": "Name", "bbox": [283, 114, 319, 121]}, "value": {"text": "Candi Vanhoesen", "bbox": [323, 113, 420, 121]}}, {"key": {"text": "Age", "bbox": [283, 128, 309, 137]}, "value": {"text": "37", "bbox": [313, 128, 327, 135]}}, {"key": {"text": "DOB", "bbox": [283, 142, 311, 149]}, "value": {"text": "12/02/1985", "bbox": [315, 142, 378, 150]}}]}