{"filename": "3209648408_09-23-1999-CT_UROGRAM-31798_3_000000-PARENCHYMAL_PHASE_Sep1999-95798_1-109.dcm", "annotation": [{"key": {"text": "Institution Name", "bbox": [276, 414, 375, 422]}, "value": {"text": "Nielsen, Jimenez and Aguilar Community Hospital", "bbox": [379, 442, 497, 452]}}, {"key": {"text": "Study Date", "bbox": [276, 456, 343, 466]}, "value": {"text": "2023 Oct 01", "bbox": [347, 457, 415, 464]}}, {"key": {"text": "Patient ID", "bbox": [276, 470, 336, 478]}, "value": {"text": "3209648408", "bbox": [340, 471, 410, 478]}}, {"key": {"text": "Name", "bbox": [276, 485, 312, 492]}, "value": {"text": "CAROLINA WEBBS", "bbox": [316, 485, 417, 492]}}, {"key": {"text": "Age", "bbox": [276, 499, 302, 508]}, "value": {"text": "23", "bbox": [306, 499, 320, 506]}}]}