{"filename": "3209648408_09-23-1999-CT_UROGRAM-31798_3_000000-PARENCHYMAL_PHASE_Sep1999-95798_1-133.dcm", "annotation": [{"key": {"text": "Institution Name", "bbox": [296, 75, 395, 83]}, "value": {"text": "Nielsen, Jimenez and Aguilar Community Hospital", "bbox": [399, 117, 492, 127]}}, {"key": {"text": "Study Date", "bbox": [296, 131, 363, 141]}, "value": {"text": "2023 Sep 30", "bbox": [367, 132, 437, 141]}}, {"key": {"text": "Patient ID", "bbox": [296, 145, 356, 153]}, "value": {"text": "3209648408", "bbox": [360, 146, 430, 153]}}, {"key": {"text": "Name", "bbox": [296, 160, 332, 167]}, "value": {"text": "DEREK TURNEY", "bbox": [336, 160, 423, 167]}}, {"key": {"text": "Age", "bbox": [296, 174, 322, 183]}, "value": {"text": "83", "bbox": [326, 174, 340, 181]}}, {"key": {"text": "DOB", "bbox": [296, 188, 324, 195]}, "value": {"text": "04/16/1940", "bbox": [328, 188, 391, 196]}}]}