{"filename": "3209648408_09-23-1999-CT_UROGRAM-31798_3_000000-PARENCHYMAL_PHASE_Sep1999-95798_1-142.dcm", "annotation": [{"key": {"text": "Institution Name", "bbox": [296, 52, 395, 60]}, "value": {"text": "Nielsen, Jimenez and Aguilar Community Hospital", "bbox": [399, 94, 492, 104]}}, {"key": {"text": "Study Date", "bbox": [296, 108, 363, 118]}, "value": {"text": "2023 Apr 09", "bbox": [367, 109, 436, 118]}}, {"key": {"text": "Patient ID", "bbox": [296, 122, 356, 130]}, "value": {"text": "3209648408", "bbox": [360, 123, 430, 130]}}, {"key": {"text": "Name", "bbox": [296, 137, 332, 144]}, "value": {"text": "Abraham Sarrett", "bbox": [336, 136, 431, 144]}}, {"key": {"text": "Age", "bbox": [296, 151, 322, 160]}, "value": {"text": "41", "bbox": [326, 151, 340, 158]}}, {"key": {"text": "DOB", "bbox": [296, 165, 324, 172]}, "value": {"text": "04/04/1982", "bbox": [328, 165, 391, 173]}}]}