{"filename": "3209648408_09-23-1999-CT_UROGRAM-31798_3_000000-PARENCHYMAL_PHASE_Sep1999-95798_1-152.dcm", "annotation": [{"key": {"text": "Institution Name", "bbox": [266, 39, 365, 47]}, "value": {"text": "Nielsen, Jimenez and Aguilar Community Hospital", "bbox": [369, 67, 487, 77]}}, {"key": {"text": "Study Date", "bbox": [266, 81, 333, 91]}, "value": {"text": "2023 Oct 04", "bbox": [337, 82, 405, 89]}}, {"key": {"text": "Patient ID", "bbox": [266, 95, 326, 103]}, "value": {"text": "3209648408", "bbox": [330, 96, 400, 103]}}, {"key": {"text": "Name", "bbox": [266, 110, 302, 117]}, "value": {"text": "AURELIO HIRSHBERG", "bbox": [306, 110, 424, 117]}}, {"key": {"text": "Age", "bbox": [266, 124, 292, 133]}, "value": {"text": "55", "bbox": [296, 124, 310, 131]}}, {"key": {"text": "DOB", "bbox": [266, 138, 294, 145]}, "value": {"text": "04/24/1968", "bbox": [298, 138, 361, 146]}}]}