{"filename": "3209648408_09-23-1999-CT_UROGRAM-31798_3_000000-PARENCHYMAL_PHASE_Sep1999-95798_1-057.dcm", "annotation": [{"key": {"text": "Institution Name", "bbox": [84, 67, 183, 75]}, "value": {"text": "Nielsen, Jimenez and Aguilar Community Hospital", "bbox": [187, 67, 467, 77]}}, {"key": {"text": "Study Date", "bbox": [84, 81, 151, 91]}, "value": {"text": "2023 Aug 13", "bbox": [155, 82, 226, 91]}}, {"key": {"text": "Patient ID", "bbox": [84, 95, 144, 103]}, "value": {"text": "3209648408", "bbox": [148, 96, 218, 103]}}, {"key": {"text": "Name", "bbox": [84, 110, 120, 117]}, "value": {"text": "TOMIKO STANDERWICK", "bbox": [124, 110, 256, 117]}}, {"key": {"text": "Age", "bbox": [84, 124, 110, 133]}, "value": {"text": "25", "bbox": [114, 124, 128, 131]}}, {"key": {"text": "DOB", "bbox": [84, 138, 112, 145]}, "value": {"text": "07/31/1998", "bbox": [116, 138, 179, 146]}}]}