{"filename": "3209648408_09-23-1999-CT_UROGRAM-31798_3_000000-PARENCHYMAL_PHASE_Sep1999-95798_1-127.dcm", "annotation": [{"key": {"text": "Institution Name", "bbox": [64, 53, 163, 61]}, "value": {"text": "Nielsen, Jimenez and Aguilar Community Hospital", "bbox": [167, 53, 447, 63]}}, {"key": {"text": "Study Date", "bbox": [64, 67, 131, 77]}, "value": {"text": "2023 Apr 18", "bbox": [135, 68, 204, 77]}}, {"key": {"text": "Patient ID", "bbox": [64, 81, 124, 89]}, "value": {"text": "3209648408", "bbox": [128, 82, 198, 89]}}, {"key": {"text": "Name", "bbox": [64, 96, 100, 103]}, "value": {"text": "Suellen Wanat", "bbox": [104, 95, 186, 103]}}, {"key": {"text": "Age", "bbox": [64, 110, 90, 119]}, "value": {"text": "76", "bbox": [94, 110, 108, 117]}}, {"key": {"text": "DOB", "bbox": [64, 124, 92, 131]}, "value": {"text": "04/08/1947", "bbox": [96, 124, 159, 132]}}]}