{"filename": "3209648408_09-23-1999-CT_UROGRAM-31798_3_000000-PARENCHYMAL_PHASE_Sep1999-95798_1-119.dcm", "annotation": [{"key": {"text": "Institution Name", "bbox": [274, 415, 373, 423]}, "value": {"text": "Nielsen, Jimenez and Aguilar Community Hospital", "bbox": [377, 443, 495, 453]}}, {"key": {"text": "Study Date", "bbox": [274, 457, 341, 467]}, "value": {"text": "2023 Dec 12", "bbox": [345, 458, 415, 465]}}, {"key": {"text": "Patient ID", "bbox": [274, 471, 334, 479]}, "value": {"text": "3209648408", "bbox": [338, 472, 408, 479]}}, {"key": {"text": "Name", "bbox": [274, 486, 310, 493]}, "value": {"text": "ZANDRA LOOBY", "bbox": [314, 486, 403, 493]}}, {"key": {"text": "Age", "bbox": [274, 500, 300, 509]}, "value": {"text": "24", "bbox": [304, 500, 318, 507]}}]}