{"filename": "3209648408_09-23-1999-CT_UROGRAM-31798_3_000000-PARENCHYMAL_PHASE_Sep1999-95798_1-004.dcm", "annotation": [{"key": {"text": "Study Date"}, "value": {"text": "2023 Jan 09", "bbox": [295, 73, 361, 82]}}, {"key": {"text": "Name"}, "value": {"text": "Carl Turbin", "bbox": [365, 72, 426, 80]}}, {"key": {"text": "Patient Sex"}, "value": {"text": "F", "bbox": [430, 73, 437, 80]}}, {"key": {"text": "DOB", "bbox": [295, 87, 323, 94]}, "value": {"text": "11/18/1989", "bbox": [327, 87, 390, 95]}}]}