{"filename": "3209648408_09-23-1999-CT_UROGRAM-31798_3_000000-PARENCHYMAL_PHASE_Sep1999-95798_1-086.dcm", "annotation": [{"key": {"text": "Study Date"}, "value": {"text": "2023 May 06", "bbox": [278, 68, 350, 77]}}, {"key": {"text": "Name"}, "value": {"text": "Ettie Keto", "bbox": [354, 67, 410, 75]}}, {"key": {"text": "Patient Sex"}, "value": {"text": "F", "bbox": [414, 68, 421, 75]}}, {"key": {"text": "DOB", "bbox": [278, 82, 306, 89]}, "value": {"text": "11/04/1982", "bbox": [310, 82, 373, 90]}}]}