{"filename": "3209648408_09-23-1999-CT_UROGRAM-31798_3_000000-PARENCHYMAL_PHASE_Sep1999-95798_1-031.dcm", "annotation": [{"key": {"text": "Institution Name", "bbox": [285, 409, 384, 417]}, "value": {"text": "Nielsen, Jimenez and Aguilar Community Hospital", "bbox": [388, 437, 506, 447]}}, {"key": {"text": "Study Date", "bbox": [285, 451, 352, 461]}, "value": {"text": "2023 Aug 08", "bbox": [356, 452, 427, 461]}}, {"key": {"text": "Patient ID", "bbox": [285, 465, 345, 473]}, "value": {"text": "3209648408", "bbox": [349, 466, 419, 473]}}, {"key": {"text": "Name", "bbox": [285, 480, 321, 487]}, "value": {"text": "CHERLY SIEGERS", "bbox": [325, 480, 418, 487]}}, {"key": {"text": "Age", "bbox": [285, 494, 311, 503]}, "value": {"text": "78", "bbox": [315, 494, 329, 501]}}]}