{"filename": "3209648408_09-23-1999-CT_UROGRAM-31798_3_000000-PARENCHYMAL_PHASE_Sep1999-95798_1-060.dcm", "annotation": [{"key": {"text": "Institution Name", "bbox": [260, 414, 359, 422]}, "value": {"text": "Nielsen, Jimenez and Aguilar Community Hospital", "bbox": [363, 442, 481, 452]}}, {"key": {"text": "Study Date", "bbox": [260, 456, 327, 466]}, "value": {"text": "2023 Aug 15", "bbox": [331, 457, 402, 466]}}, {"key": {"text": "Patient ID", "bbox": [260, 470, 320, 478]}, "value": {"text": "3209648408", "bbox": [324, 471, 394, 478]}}, {"key": {"text": "Name", "bbox": [260, 485, 296, 492]}, "value": {"text": "MORGAN KILLAY", "bbox": [300, 485, 393, 492]}}, {"key": {"text": "Age", "bbox": [260, 499, 286, 508]}, "value": {"text": "16", "bbox": [290, 499, 304, 506]}}]}