{"filename": "3209648408_09-23-1999-CT_UROGRAM-31798_3_000000-PARENCHYMAL_PHASE_Sep1999-95798_1-113.dcm", "annotation": [{"key": {"text": "Institution Name", "bbox": [265, 39, 364, 47]}, "value": {"text": "Nielsen, Jimenez and Aguilar Community Hospital", "bbox": [368, 67, 486, 77]}}, {"key": {"text": "Study Date", "bbox": [265, 81, 332, 91]}, "value": {"text": "2023 Aug 05", "bbox": [336, 82, 407, 91]}}, {"key": {"text": "Patient ID", "bbox": [265, 95, 325, 103]}, "value": {"text": "3209648408", "bbox": [329, 96, 399, 103]}}, {"key": {"text": "Name", "bbox": [265, 110, 301, 117]}, "value": {"text": "Gaye Hepperly", "bbox": [305, 109, 388, 119]}}, {"key": {"text": "Age", "bbox": [265, 124, 291, 133]}, "value": {"text": "27", "bbox": [295, 124, 309, 131]}}, {"key": {"text": "DOB", "bbox": [265, 138, 293, 145]}, "value": {"text": "02/15/1996", "bbox": [297, 138, 360, 146]}}]}