{"filename": "3209648408_09-23-1999-CT_UROGRAM-31798_3_000000-PARENCHYMAL_PHASE_Sep1999-95798_1-114.dcm", "annotation": [{"key": {"text": "Institution Name", "bbox": [276, 431, 375, 439]}, "value": {"text": "Nielsen, Jimenez and Aguilar Community Hospital", "bbox": [379, 459, 497, 469]}}, {"key": {"text": "Study Date", "bbox": [276, 473, 343, 483]}, "value": {"text": "2023 Apr 16", "bbox": [347, 474, 416, 483]}}, {"key": {"text": "Patient ID", "bbox": [276, 487, 336, 495]}, "value": {"text": "3209648408", "bbox": [340, 488, 410, 495]}}, {"key": {"text": "Name", "bbox": [276, 502, 312, 509]}, "value": {"text": "GLENN HERRIOTT", "bbox": [316, 502, 415, 509]}}]}