{"filename": "3209648408_09-23-1999-CT_UROGRAM-31798_3_000000-PARENCHYMAL_PHASE_Sep1999-95798_1-118.dcm", "annotation": [{"key": {"text": "Institution Name", "bbox": [292, 29, 391, 37]}, "value": {"text": "Nielsen, Jimenez and Aguilar Community Hospital", "bbox": [395, 57, 509, 67]}}, {"key": {"text": "Study Date", "bbox": [292, 71, 359, 81]}, "value": {"text": "2023 Apr 09", "bbox": [363, 72, 432, 81]}}, {"key": {"text": "Patient ID", "bbox": [292, 85, 352, 93]}, "value": {"text": "3209648408", "bbox": [356, 86, 426, 93]}}, {"key": {"text": "Name", "bbox": [292, 100, 328, 107]}, "value": {"text": "SHANTAY SYDNES", "bbox": [332, 100, 432, 107]}}, {"key": {"text": "Age", "bbox": [292, 114, 318, 123]}, "value": {"text": "38", "bbox": [322, 114, 336, 121]}}, {"key": {"text": "DOB", "bbox": [292, 128, 320, 135]}, "value": {"text": "01/15/1985", "bbox": [324, 128, 387, 136]}}]}