{"filename": "3209648408_09-23-1999-CT_UROGRAM-31798_3_000000-PARENCHYMAL_PHASE_Sep1999-95798_1-017.dcm", "annotation": [{"key": {"text": "Institution Name", "bbox": [266, 411, 365, 419]}, "value": {"text": "Nielsen, Jimenez and Aguilar Community Hospital", "bbox": [369, 439, 487, 449]}}, {"key": {"text": "Study Date", "bbox": [266, 453, 333, 463]}, "value": {"text": "2023 Mar 15", "bbox": [337, 454, 407, 461]}}, {"key": {"text": "Patient ID", "bbox": [266, 467, 326, 475]}, "value": {"text": "3209648408", "bbox": [330, 468, 400, 475]}}, {"key": {"text": "Name", "bbox": [266, 482, 302, 489]}, "value": {"text": "DIMPLE LIKE", "bbox": [306, 482, 377, 489]}}, {"key": {"text": "Age", "bbox": [266, 496, 292, 505]}, "value": {"text": "23", "bbox": [296, 496, 310, 503]}}]}