{"filename": "3209648408_09-23-1999-CT_UROGRAM-31798_3_000000-PARENCHYMAL_PHASE_Sep1999-95798_1-040.dcm", "annotation": [{"key": {"text": "Institution Name", "bbox": [286, 427, 385, 435]}, "value": {"text": "Nielsen, Jimenez and Aguilar Community Hospital", "bbox": [389, 455, 507, 465]}}, {"key": {"text": "Study Date", "bbox": [286, 469, 353, 479]}, "value": {"text": "2023 Dec 13", "bbox": [357, 470, 427, 477]}}, {"key": {"text": "Patient ID", "bbox": [286, 483, 346, 491]}, "value": {"text": "3209648408", "bbox": [350, 484, 420, 491]}}, {"key": {"text": "Name", "bbox": [286, 498, 322, 505]}, "value": {"text": "HARRIETT FAZEKAS", "bbox": [326, 498, 436, 505]}}]}