{"filename": "3209648408_09-23-1999-CT_UROGRAM-31798_3_000000-PARENCHYMAL_PHASE_Sep1999-95798_1-121.dcm", "annotation": [{"key": {"text": "Institution Name", "bbox": [100, 30, 199, 38]}, "value": {"text": "Nielsen, Jimenez and Aguilar Community Hospital", "bbox": [203, 30, 483, 40]}}, {"key": {"text": "Study Date", "bbox": [100, 44, 167, 54]}, "value": {"text": "2023 Aug 20", "bbox": [171, 45, 242, 54]}}, {"key": {"text": "Patient ID", "bbox": [100, 58, 160, 66]}, "value": {"text": "3209648408", "bbox": [164, 59, 234, 66]}}, {"key": {"text": "Name", "bbox": [100, 73, 136, 80]}, "value": {"text": "ALDEN FONCECA", "bbox": [140, 73, 234, 80]}}, {"key": {"text": "Age", "bbox": [100, 87, 126, 96]}, "value": {"text": "66", "bbox": [130, 87, 144, 94]}}, {"key": {"text": "DOB", "bbox": [100, 101, 128, 108]}, "value": {"text": "01/02/1957", "bbox": [132, 101, 195, 109]}}]}