{"filename": "3209648408_09-23-1999-CT_UROGRAM-31798_3_000000-PARENCHYMAL_PHASE_Sep1999-95798_1-134.dcm", "annotation": [{"key": {"text": "Institution Name", "bbox": [98, 58, 197, 66]}, "value": {"text": "Nielsen, Jimenez and Aguilar Community Hospital", "bbox": [201, 58, 481, 68]}}, {"key": {"text": "Study Date", "bbox": [98, 72, 165, 82]}, "value": {"text": "2023 Jun 20", "bbox": [169, 73, 236, 82]}}, {"key": {"text": "Patient ID", "bbox": [98, 86, 158, 94]}, "value": {"text": "3209648408", "bbox": [162, 87, 232, 94]}}, {"key": {"text": "Name", "bbox": [98, 101, 134, 108]}, "value": {"text": "VANESA HANNAN", "bbox": [138, 101, 235, 108]}}, {"key": {"text": "Age", "bbox": [98, 115, 124, 124]}, "value": {"text": "59", "bbox": [128, 115, 142, 122]}}, {"key": {"text": "DOB", "bbox": [98, 129, 126, 136]}, "value": {"text": "08/12/1963", "bbox": [130, 129, 193, 137]}}]}