{"filename": "3209648408_09-23-1999-CT_UROGRAM-31798_3_000000-PARENCHYMAL_PHASE_Sep1999-95798_1-025.dcm", "annotation": [{"key": {"text": "Institution Name", "bbox": [67, 387, 166, 395]}, "value": {"text": "Nielsen, Jimenez and Aguilar Community Hospital", "bbox": [170, 387, 450, 397]}}, {"key": {"text": "Study Date", "bbox": [67, 401, 134, 411]}, "value": {"text": "2023 Jun 27", "bbox": [138, 402, 205, 411]}}, {"key": {"text": "Patient ID", "bbox": [67, 415, 127, 423]}, "value": {"text": "3209648408", "bbox": [131, 416, 201, 423]}}, {"key": {"text": "Name", "bbox": [67, 430, 103, 437]}, "value": {"text": "BRANDON LINEBARGER", "bbox": [107, 430, 238, 437]}}, {"key": {"text": "Age", "bbox": [67, 444, 93, 453]}, "value": {"text": "61", "bbox": [97, 444, 111, 451]}}, {"key": {"text": "DOB", "bbox": [67, 458, 95, 465]}, "value": {"text": "10/14/1961", "bbox": [99, 458, 162, 466]}}]}