{"filename": "3209648408_09-23-1999-CT_UROGRAM-31798_3_000000-PARENCHYMAL_PHASE_Sep1999-95798_1-125.dcm", "annotation": [{"key": {"text": "Institution Name", "bbox": [66, 56, 165, 64]}, "value": {"text": "Nielsen, Jimenez and Aguilar Community Hospital", "bbox": [169, 56, 449, 66]}}, {"key": {"text": "Study Date", "bbox": [66, 70, 133, 80]}, "value": {"text": "2023 Oct 16", "bbox": [137, 71, 205, 78]}}, {"key": {"text": "Patient ID", "bbox": [66, 84, 126, 92]}, "value": {"text": "3209648408", "bbox": [130, 85, 200, 92]}}, {"key": {"text": "Name", "bbox": [66, 99, 102, 106]}, "value": {"text": "Wilburn Otte", "bbox": [106, 98, 179, 106]}}, {"key": {"text": "Age", "bbox": [66, 113, 92, 122]}, "value": {"text": "31", "bbox": [96, 113, 110, 120]}}, {"key": {"text": "DOB", "bbox": [66, 127, 94, 134]}, "value": {"text": "07/29/1992", "bbox": [98, 127, 161, 135]}}]}