{"filename": "3209648408_09-23-1999-CT_UROGRAM-31798_3_000000-PARENCHYMAL_PHASE_Sep1999-95798_1-103.dcm", "annotation": [{"key": {"text": "Institution Name", "bbox": [295, 60, 394, 68]}, "value": {"text": "Nielsen, Jimenez and Aguilar Community Hospital", "bbox": [398, 88, 512, 98]}}, {"key": {"text": "Study Date", "bbox": [295, 102, 362, 112]}, "value": {"text": "2023 Sep 30", "bbox": [366, 103, 436, 112]}}, {"key": {"text": "Patient ID", "bbox": [295, 116, 355, 124]}, "value": {"text": "3209648408", "bbox": [359, 117, 429, 124]}}, {"key": {"text": "Name", "bbox": [295, 131, 331, 138]}, "value": {"text": "BEE CABLES", "bbox": [335, 131, 403, 138]}}, {"key": {"text": "Age", "bbox": [295, 145, 321, 154]}, "value": {"text": "25", "bbox": [325, 145, 339, 152]}}, {"key": {"text": "DOB", "bbox": [295, 159, 323, 166]}, "value": {"text": "05/10/1998", "bbox": [327, 159, 390, 167]}}]}