{"filename": "3209648408_09-23-1999-CT_UROGRAM-31798_3_000000-PARENCHYMAL_PHASE_Sep1999-95798_1-016.dcm", "annotation": [{"key": {"text": "Institution Name", "bbox": [271, 429, 370, 437]}, "value": {"text": "Nielsen, Jimenez and Aguilar Community Hospital", "bbox": [374, 457, 492, 467]}}, {"key": {"text": "Study Date", "bbox": [271, 471, 338, 481]}, "value": {"text": "2023 Jan 18", "bbox": [342, 472, 408, 481]}}, {"key": {"text": "Patient ID", "bbox": [271, 485, 331, 493]}, "value": {"text": "3209648408", "bbox": [335, 486, 405, 493]}}, {"key": {"text": "Name", "bbox": [271, 500, 307, 507]}, "value": {"text": "MARYELLEN YANOSKY", "bbox": [311, 500, 435, 507]}}]}