{"filename": "3209648408_09-23-1999-CT_UROGRAM-31798_3_000000-PARENCHYMAL_PHASE_Sep1999-95798_1-143.dcm", "annotation": [{"key": {"text": "Institution Name", "bbox": [296, 31, 395, 39]}, "value": {"text": "Nielsen, Jimenez and Aguilar Community Hospital", "bbox": [399, 73, 492, 83]}}, {"key": {"text": "Study Date", "bbox": [296, 87, 363, 97]}, "value": {"text": "2023 Sep 14", "bbox": [367, 88, 437, 97]}}, {"key": {"text": "Patient ID", "bbox": [296, 101, 356, 109]}, "value": {"text": "3209648408", "bbox": [360, 102, 430, 109]}}, {"key": {"text": "Name", "bbox": [296, 116, 332, 123]}, "value": {"text": "Adina Cullivan", "bbox": [336, 115, 417, 123]}}, {"key": {"text": "Age", "bbox": [296, 130, 322, 139]}, "value": {"text": "72", "bbox": [326, 130, 340, 137]}}, {"key": {"text": "DOB", "bbox": [296, 144, 324, 151]}, "value": {"text": "08/11/1951", "bbox": [328, 144, 391, 152]}}]}