{"filename": "3209648408_09-23-1999-CT_UROGRAM-31798_3_000000-PARENCHYMAL_PHASE_Sep1999-95798_1-046.dcm", "annotation": [{"key": {"text": "Study Date"}, "value": {"text": "2023 Sep 02", "bbox": [84, 429, 154, 438]}}, {"key": {"text": "Name"}, "value": {"text": "WINNIE CARRIZO", "bbox": [158, 429, 253, 436]}}, {"key": {"text": "Patient Sex"}, "value": {"text": "M", "bbox": [257, 429, 267, 436]}}, {"key": {"text": "DOB", "bbox": [84, 443, 112, 450]}, "value": {"text": "01/28/1942", "bbox": [116, 443, 179, 451]}}]}