{"filename": "3209648408_09-23-1999-CT_UROGRAM-31798_3_000000-PARENCHYMAL_PHASE_Sep1999-95798_1-068.dcm", "annotation": [{"key": {"text": "Institution Name", "bbox": [291, 429, 390, 437]}, "value": {"text": "Nielsen, Jimenez and Aguilar Community Hospital", "bbox": [394, 457, 512, 467]}}, {"key": {"text": "Study Date", "bbox": [291, 471, 358, 481]}, "value": {"text": "2023 Apr 26", "bbox": [362, 472, 431, 481]}}, {"key": {"text": "Patient ID", "bbox": [291, 485, 351, 493]}, "value": {"text": "3209648408", "bbox": [355, 486, 425, 493]}}, {"key": {"text": "Name", "bbox": [291, 500, 327, 507]}, "value": {"text": "Ross Penhollow", "bbox": [331, 499, 419, 507]}}]}