{"filename": "339833062_07-05-2001-19638_3001578_000000-60758_1-7.dcm", "annotation": [{"key": {"text": "Institution Name", "bbox": [91, 95, 249, 107]}, "value": {"text": "Mccoy Medical Clinic", "bbox": [253, 95, 439, 110]}}, {"key": {"text": "Study Date", "bbox": [91, 115, 198, 130]}, "value": {"text": "2001 Jul 05", "bbox": [202, 115, 303, 130]}}, {"key": {"text": "Patient ID", "bbox": [91, 135, 187, 147]}, "value": {"text": "339833062", "bbox": [191, 135, 291, 147]}}, {"key": {"text": "Name", "bbox": [91, 155, 149, 167]}, "value": {"text": "MARTIN CHAD", "bbox": [153, 155, 280, 167]}}]}