{"filename": "339833062_07-05-2001-19638_3001578_000000-60758_1-3.dcm", "annotation": [{"key": {"text": "Institution Name", "bbox": [409, 59, 567, 71]}, "value": {"text": "Mccoy Medical Clinic", "bbox": [571, 59, 757, 74]}}, {"key": {"text": "Study Date", "bbox": [409, 79, 516, 94]}, "value": {"text": "2023 Jul 31", "bbox": [520, 79, 621, 94]}}, {"key": {"text": "Patient ID", "bbox": [409, 99, 505, 111]}, "value": {"text": "339833062", "bbox": [509, 99, 609, 111]}}, {"key": {"text": "Name", "bbox": [409, 119, 467, 131]}, "value": {"text": "Tonette Cleghorn", "bbox": [471, 119, 626, 134]}}, {"key": {"text": "Age", "bbox": [409, 139, 450, 154]}, "value": {"text": "23", "bbox": [454, 139, 476, 151]}}, {"key": {"text": "DOB", "bbox": [409, 159, 455, 171]}, "value": {"text": "12/26/1999", "bbox": [459, 159, 560, 172]}}]}