{"filename": "339833062_07-05-2001-19638_3001578_000000-60758_1-2.dcm", "annotation": [{"key": {"text": "Institution Name", "bbox": [100, 89, 258, 101]}, "value": {"text": "Mccoy Medical Clinic", "bbox": [262, 89, 448, 104]}}, {"key": {"text": "Study Date", "bbox": [100, 109, 207, 124]}, "value": {"text": "2023 Aug 28", "bbox": [211, 109, 324, 124]}}, {"key": {"text": "Patient ID", "bbox": [100, 129, 196, 141]}, "value": {"text": "339833062", "bbox": [200, 129, 300, 141]}}, {"key": {"text": "Name", "bbox": [100, 149, 158, 161]}, "value": {"text": "CARINA BROST", "bbox": [162, 149, 296, 161]}}, {"key": {"text": "Age", "bbox": [100, 169, 141, 184]}, "value": {"text": "32", "bbox": [145, 169, 167, 181]}}, {"key": {"text": "DOB", "bbox": [100, 189, 146, 201]}, "value": {"text": "03/02/1991", "bbox": [150, 189, 251, 202]}}]}