{"filename": "339833062_07-05-2001-19638_3001578_000000-60758_1-6.dcm", "annotation": [{"key": {"text": "Institution Name", "bbox": [401, 79, 559, 91]}, "value": {"text": "Mccoy Medical Clinic", "bbox": [563, 79, 749, 94]}}, {"key": {"text": "Study Date", "bbox": [401, 99, 508, 114]}, "value": {"text": "2023 Feb 27", "bbox": [512, 99, 623, 111]}}, {"key": {"text": "Patient ID", "bbox": [401, 119, 497, 131]}, "value": {"text": "339833062", "bbox": [501, 119, 601, 131]}}, {"key": {"text": "Name", "bbox": [401, 139, 459, 151]}, "value": {"text": "ORA THIMMES", "bbox": [463, 139, 591, 151]}}, {"key": {"text": "Age", "bbox": [401, 159, 442, 174]}, "value": {"text": "37", "bbox": [446, 159, 468, 171]}}, {"key": {"text": "DOB", "bbox": [401, 179, 447, 191]}, "value": {"text": "09/20/1985", "bbox": [451, 179, 552, 192]}}]}