{"filename": "339833062_07-05-2001-19638_3001578_000000-60758_1-4.dcm", "annotation": [{"key": {"text": "Institution Name", "bbox": [400, 75, 558, 87]}, "value": {"text": "Mccoy Medical Clinic", "bbox": [562, 75, 748, 90]}}, {"key": {"text": "Study Date", "bbox": [400, 95, 507, 110]}, "value": {"text": "2023 Sep 30", "bbox": [511, 95, 623, 110]}}, {"key": {"text": "Patient ID", "bbox": [400, 115, 496, 127]}, "value": {"text": "339833062", "bbox": [500, 115, 600, 127]}}, {"key": {"text": "Name", "bbox": [400, 135, 458, 147]}, "value": {"text": "SELENA SACHES", "bbox": [462, 135, 609, 147]}}, {"key": {"text": "Age", "bbox": [400, 155, 441, 170]}, "value": {"text": "45", "bbox": [445, 155, 467, 167]}}, {"key": {"text": "DOB", "bbox": [400, 175, 446, 187]}, "value": {"text": "02/14/1978", "bbox": [450, 175, 551, 188]}}]}