{"filename": "339833062_07-05-2001-19638_3001578_000000-60758_1-5.dcm", "annotation": [{"key": {"text": "Institution Name", "bbox": [90, 85, 248, 97]}, "value": {"text": "Mccoy Medical Clinic", "bbox": [252, 85, 438, 100]}}, {"key": {"text": "Study Date", "bbox": [90, 105, 197, 120]}, "value": {"text": "2023 Jul 02", "bbox": [201, 105, 302, 120]}}, {"key": {"text": "Patient ID", "bbox": [90, 125, 186, 137]}, "value": {"text": "339833062", "bbox": [190, 125, 290, 137]}}, {"key": {"text": "Name", "bbox": [90, 145, 148, 157]}, "value": {"text": "Lura Scrobola", "bbox": [152, 145, 277, 157]}}, {"key": {"text": "Age", "bbox": [90, 165, 131, 180]}, "value": {"text": "30", "bbox": [135, 165, 157, 177]}}, {"key": {"text": "DOB", "bbox": [90, 185, 136, 197]}, "value": {"text": "10/08/1992", "bbox": [140, 185, 241, 198]}}]}