{"filename": "4025360156_10-25-1993-CT_Urogram_w_3D-08438_1002_000000-_NONE_-72758_1-1.dcm", "annotation": [{"key": {"text": "Institution Name", "bbox": [427, 46, 585, 58]}, "value": {"text": "Kim, Jones and Frazier Medical Center", "bbox": [589, 66, 791, 78]}}, {"key": {"text": "Study Date", "bbox": [427, 86, 534, 101]}, "value": {"text": "2023 Jan 23", "bbox": [538, 86, 644, 101]}}, {"key": {"text": "Patient ID", "bbox": [427, 106, 523, 118]}, "value": {"text": "4025360156", "bbox": [527, 106, 638, 118]}}, {"key": {"text": "Name", "bbox": [427, 126, 485, 138]}, "value": {"text": "FABIAN CAGUIMBAL", "bbox": [489, 126, 667, 138]}}, {"key": {"text": "Age", "bbox": [427, 146, 468, 161]}, "value": {"text": "52", "bbox": [472, 146, 494, 158]}}, {"key": {"text": "DOB", "bbox": [427, 166, 473, 178]}, "value": {"text": "07/10/1970", "bbox": [477, 166, 578, 179]}}]}