{"filename": "571403367_07-11-2019-DBT_Reconstructed_Volume-37558_DBT_slices-78838_10-01.dcm", "annotation": [{"key": {"text": "Institution Name", "bbox": [331, 73, 426, 85]}, "value": {"text": "Ball, Hendrix and Johnson Community Clinic", "bbox": [430, 113, 547, 125]}}, {"key": {"text": "Study Date", "bbox": [331, 133, 438, 148]}, "value": {"text": "2023 Jul 28", "bbox": [442, 133, 543, 148]}}, {"key": {"text": "Patient ID", "bbox": [331, 153, 427, 165]}, "value": {"text": "571403367", "bbox": [431, 153, 531, 165]}}, {"key": {"text": "Name", "bbox": [331, 173, 389, 185]}, "value": {"text": "MILA SPLETZER", "bbox": [393, 173, 533, 185]}}, {"key": {"text": "Age", "bbox": [331, 193, 372, 208]}, "value": {"text": "15", "bbox": [376, 193, 398, 205]}}, {"key": {"text": "DOB", "bbox": [331, 213, 377, 225]}, "value": {"text": "08/24/2007", "bbox": [381, 213, 482, 226]}}]}