{"filename": "571403367_07-11-2019-DBT_Reconstructed_Volume-37558_DBT_slices-78838_40-01.dcm", "annotation": [{"key": {"text": "Institution Name", "bbox": [113, 621, 271, 633]}, "value": {"text": "Ball, Hendrix and Johnson Community Clinic", "bbox": [275, 641, 508, 656]}}, {"key": {"text": "Study Date", "bbox": [113, 661, 220, 676]}, "value": {"text": "2023 Oct 14", "bbox": [224, 661, 333, 673]}}, {"key": {"text": "Patient ID", "bbox": [113, 681, 209, 693]}, "value": {"text": "571403367", "bbox": [213, 681, 313, 693]}}, {"key": {"text": "Name", "bbox": [113, 701, 171, 713]}, "value": {"text": "Kyung Mccurley", "bbox": [175, 701, 318, 716]}}, {"key": {"text": "Age", "bbox": [113, 721, 154, 736]}, "value": {"text": "71", "bbox": [158, 721, 180, 733]}}, {"key": {"text": "DOB", "bbox": [113, 741, 159, 753]}, "value": {"text": "11/05/1951", "bbox": [163, 741, 264, 754]}}]}