{"filename": "571403367_07-11-2019-DBT_Reconstructed_Volume-37558_DBT_slices-78838_35-01.dcm", "annotation": [{"key": {"text": "Study Date"}, "value": {"text": "2023 Mar 10", "bbox": [333, 90, 446, 102]}}, {"key": {"text": "Name"}, "value": {"text": "GUSTAVO WEEGE", "bbox": [450, 110, 534, 122]}}, {"key": {"text": "Patient Sex"}, "value": {"text": "F", "bbox": [538, 90, 549, 102]}}, {"key": {"text": "DOB", "bbox": [333, 130, 379, 142]}, "value": {"text": "12/10/1969", "bbox": [383, 130, 484, 143]}}]}