{"filename": "571403367_07-11-2019-DBT_Reconstructed_Volume-37558_DBT_slices-78838_31-01.dcm", "annotation": [{"key": {"text": "Study Date"}, "value": {"text": "2023 Apr 15", "bbox": [289, 72, 399, 87]}}, {"key": {"text": "Name"}, "value": {"text": "REGINALD ZISSLER", "bbox": [403, 72, 574, 84]}}, {"key": {"text": "Patient Sex"}, "value": {"text": "M", "bbox": [578, 72, 594, 84]}}, {"key": {"text": "DOB", "bbox": [289, 92, 335, 104]}, "value": {"text": "07/10/2010", "bbox": [339, 92, 440, 105]}}]}