{"filename": "571403367_07-11-2019-DBT_Reconstructed_Volume-37558_DBT_slices-78838_51-01.dcm", "annotation": [{"key": {"text": "Institution Name", "bbox": [76, 109, 234, 121]}, "value": {"text": "Ball, Hendrix and Johnson Community Clinic", "bbox": [238, 129, 471, 144]}}, {"key": {"text": "Study Date", "bbox": [76, 149, 183, 164]}, "value": {"text": "2019 Jul 11", "bbox": [187, 149, 288, 164]}}, {"key": {"text": "Patient ID", "bbox": [76, 169, 172, 181]}, "value": {"text": "571403367", "bbox": [176, 169, 276, 181]}}, {"key": {"text": "Name", "bbox": [76, 189, 134, 201]}, "value": {"text": "HENRY NICOLE", "bbox": [138, 189, 270, 201]}}]}