{"filename": "571403367_07-11-2019-DBT_Reconstructed_Volume-37558_DBT_slices-78838_34-01.dcm", "annotation": [{"key": {"text": "Study Date"}, "value": {"text": "2023 Jun 04", "bbox": [312, 92, 419, 107]}}, {"key": {"text": "Name"}, "value": {"text": "Stasia Lomonaco", "bbox": [423, 92, 576, 104]}}, {"key": {"text": "Patient Sex"}, "value": {"text": "M", "bbox": [580, 92, 596, 104]}}, {"key": {"text": "DOB", "bbox": [312, 112, 358, 124]}, "value": {"text": "01/10/1974", "bbox": [362, 112, 463, 125]}}]}