{"filename": "571403367_07-11-2019-DBT_Reconstructed_Volume-37558_DBT_slices-78838_08-01.dcm", "annotation": [{"key": {"text": "Institution Name", "bbox": [326, 74, 421, 86]}, "value": {"text": "Ball, Hendrix and Johnson Community Clinic", "bbox": [425, 114, 542, 126]}}, {"key": {"text": "Study Date", "bbox": [326, 134, 433, 149]}, "value": {"text": "2023 Mar 27", "bbox": [437, 134, 550, 146]}}, {"key": {"text": "Patient ID", "bbox": [326, 154, 422, 166]}, "value": {"text": "571403367", "bbox": [426, 154, 526, 166]}}, {"key": {"text": "Name", "bbox": [326, 174, 384, 186]}, "value": {"text": "LINSEY TANNA", "bbox": [388, 174, 519, 186]}}, {"key": {"text": "Age", "bbox": [326, 194, 367, 209]}, "value": {"text": "75", "bbox": [371, 194, 393, 206]}}, {"key": {"text": "DOB", "bbox": [326, 214, 372, 226]}, "value": {"text": "03/11/1948", "bbox": [376, 214, 477, 227]}}]}