{"filename": "571403367_07-11-2019-DBT_Reconstructed_Volume-37558_DBT_slices-78838_18-01.dcm", "annotation": [{"key": {"text": "Institution Name", "bbox": [297, 662, 392, 674]}, "value": {"text": "Ball, Hendrix and Johnson Community Clinic", "bbox": [396, 682, 553, 697]}}, {"key": {"text": "Study Date", "bbox": [297, 702, 404, 717]}, "value": {"text": "2023 Feb 18", "bbox": [408, 702, 519, 714]}}, {"key": {"text": "Patient ID", "bbox": [297, 722, 393, 734]}, "value": {"text": "571403367", "bbox": [397, 722, 497, 734]}}, {"key": {"text": "Name", "bbox": [297, 742, 355, 754]}, "value": {"text": "Drusilla Shollenbarger", "bbox": [359, 742, 562, 757]}}, {"key": {"text": "Age", "bbox": [297, 762, 338, 777]}, "value": {"text": "69", "bbox": [342, 762, 364, 774]}}, {"key": {"text": "DOB", "bbox": [297, 782, 343, 794]}, "value": {"text": "05/18/1953", "bbox": [347, 782, 448, 795]}}]}