{"filename": "571403367_07-11-2019-DBT_Reconstructed_Volume-37558_DBT_slices-78838_46-01.dcm", "annotation": [{"key": {"text": "Institution Name", "bbox": [84, 630, 242, 642]}, "value": {"text": "Ball, Hendrix and Johnson Community Clinic", "bbox": [246, 650, 479, 665]}}, {"key": {"text": "Study Date", "bbox": [84, 670, 191, 685]}, "value": {"text": "2023 Sep 30", "bbox": [195, 670, 307, 685]}}, {"key": {"text": "Patient ID", "bbox": [84, 690, 180, 702]}, "value": {"text": "571403367", "bbox": [184, 690, 284, 702]}}, {"key": {"text": "Name", "bbox": [84, 710, 142, 722]}, "value": {"text": "MISTY CANTRALL", "bbox": [146, 710, 301, 722]}}, {"key": {"text": "Age", "bbox": [84, 730, 125, 745]}, "value": {"text": "18", "bbox": [129, 730, 151, 742]}}, {"key": {"text": "DOB", "bbox": [84, 750, 130, 762]}, "value": {"text": "11/16/2004", "bbox": [134, 750, 235, 763]}}]}