{"filename": "571403367_07-11-2019-DBT_Reconstructed_Volume-37558_DBT_slices-78838_32-01.dcm", "annotation": [{"key": {"text": "Study Date"}, "value": {"text": "2023 Jul 12", "bbox": [311, 678, 412, 693]}}, {"key": {"text": "Name"}, "value": {"text": "Justin Gryniuk", "bbox": [415, 678, 544, 693]}}, {"key": {"text": "Patient Sex"}, "value": {"text": "F", "bbox": [548, 678, 559, 690]}}, {"key": {"text": "DOB", "bbox": [311, 698, 357, 710]}, "value": {"text": "11/02/1969", "bbox": [361, 698, 462, 711]}}]}