{"filename": "571403367_07-11-2019-DBT_Reconstructed_Volume-37558_DBT_slices-78838_41-01.dcm", "annotation": [{"key": {"text": "Institution Name", "bbox": [321, 86, 416, 98]}, "value": {"text": "Ball, Hendrix and Johnson Community Clinic", "bbox": [420, 126, 576, 138]}}, {"key": {"text": "Study Date", "bbox": [321, 146, 428, 161]}, "value": {"text": "2023 Dec 06", "bbox": [432, 146, 544, 158]}}, {"key": {"text": "Patient ID", "bbox": [321, 166, 417, 178]}, "value": {"text": "571403367", "bbox": [421, 166, 521, 178]}}, {"key": {"text": "Name", "bbox": [321, 186, 379, 198]}, "value": {"text": "RICKEY KIRKENDOLL", "bbox": [383, 186, 568, 198]}}, {"key": {"text": "Age", "bbox": [321, 206, 362, 221]}, "value": {"text": "68", "bbox": [366, 206, 388, 218]}}, {"key": {"text": "DOB", "bbox": [321, 226, 367, 238]}, "value": {"text": "01/23/1955", "bbox": [371, 226, 472, 239]}}]}