{"filename": "571403367_07-11-2019-DBT_Reconstructed_Volume-37558_DBT_slices-78838_20-01.dcm", "annotation": [{"key": {"text": "Study Date"}, "value": {"text": "2023 May 29", "bbox": [107, 667, 222, 682]}}, {"key": {"text": "Name"}, "value": {"text": "CAMI GERATHY", "bbox": [226, 667, 361, 679]}}, {"key": {"text": "Patient Sex"}, "value": {"text": "M", "bbox": [365, 667, 381, 679]}}, {"key": {"text": "DOB", "bbox": [107, 687, 153, 699]}, "value": {"text": "12/23/1942", "bbox": [157, 687, 258, 700]}}]}