{"filename": "571403367_07-11-2019-DBT_Reconstructed_Volume-37558_DBT_slices-78838_07-01.dcm", "annotation": [{"key": {"text": "Institution Name", "bbox": [67, 608, 225, 620]}, "value": {"text": "Ball, Hendrix and Johnson Community Clinic", "bbox": [229, 628, 570, 640]}}, {"key": {"text": "Study Date", "bbox": [67, 648, 174, 663]}, "value": {"text": "2023 Jun 14", "bbox": [178, 648, 285, 663]}}, {"key": {"text": "Patient ID", "bbox": [67, 668, 163, 680]}, "value": {"text": "571403367", "bbox": [167, 668, 267, 680]}}, {"key": {"text": "Name", "bbox": [67, 688, 125, 700]}, "value": {"text": "Berenice Mcquirter", "bbox": [129, 688, 302, 703]}}, {"key": {"text": "Age", "bbox": [67, 708, 108, 723]}, "value": {"text": "54", "bbox": [112, 708, 134, 720]}}, {"key": {"text": "DOB", "bbox": [67, 728, 113, 740]}, "value": {"text": "12/02/1968", "bbox": [117, 728, 218, 741]}}]}