{"filename": "571403367_07-11-2019-DBT_Reconstructed_Volume-37558_DBT_slices-78838_52-01.dcm", "annotation": [{"key": {"text": "Institution Name", "bbox": [113, 605, 271, 617]}, "value": {"text": "Ball, Hendrix and Johnson Community Clinic", "bbox": [275, 625, 508, 640]}}, {"key": {"text": "Study Date", "bbox": [113, 645, 220, 660]}, "value": {"text": "2023 May 28", "bbox": [224, 645, 339, 660]}}, {"key": {"text": "Patient ID", "bbox": [113, 665, 209, 677]}, "value": {"text": "571403367", "bbox": [213, 665, 313, 677]}}, {"key": {"text": "Name", "bbox": [113, 685, 171, 697]}, "value": {"text": "Rachel Maclin", "bbox": [175, 685, 299, 697]}}, {"key": {"text": "Age", "bbox": [113, 705, 154, 720]}, "value": {"text": "66", "bbox": [158, 705, 180, 717]}}, {"key": {"text": "DOB", "bbox": [113, 725, 159, 737]}, "value": {"text": "12/21/1956", "bbox": [163, 725, 264, 738]}}]}