{"filename": "571403367_07-11-2019-DBT_Reconstructed_Volume-37558_DBT_slices-78838_15-01.dcm", "annotation": [{"key": {"text": "Institution Name", "bbox": [307, 104, 402, 116]}, "value": {"text": "Ball, Hendrix and Johnson Community Clinic", "bbox": [406, 124, 563, 139]}}, {"key": {"text": "Study Date", "bbox": [307, 144, 414, 159]}, "value": {"text": "2023 Nov 02", "bbox": [418, 144, 531, 156]}}, {"key": {"text": "Patient ID", "bbox": [307, 164, 403, 176]}, "value": {"text": "571403367", "bbox": [407, 164, 507, 176]}}, {"key": {"text": "Name", "bbox": [307, 184, 365, 196]}, "value": {"text": "RAEANN PROPER", "bbox": [369, 184, 522, 196]}}, {"key": {"text": "Age", "bbox": [307, 204, 348, 219]}, "value": {"text": "60", "bbox": [352, 204, 374, 216]}}, {"key": {"text": "DOB", "bbox": [307, 224, 353, 236]}, "value": {"text": "08/13/1963", "bbox": [357, 224, 458, 237]}}]}