{"filename": "571403367_07-11-2019-DBT_Reconstructed_Volume-37558_DBT_slices-78838_02-01.dcm", "annotation": [{"key": {"text": "Study Date"}, "value": {"text": "2023 Jan 02", "bbox": [341, 116, 447, 131]}}, {"key": {"text": "Name"}, "value": {"text": "Phillip Ahlbrecht", "bbox": [451, 136, 539, 148]}}, {"key": {"text": "Patient Sex"}, "value": {"text": "M", "bbox": [543, 116, 559, 128]}}, {"key": {"text": "DOB", "bbox": [341, 156, 387, 168]}, "value": {"text": "10/04/1942", "bbox": [391, 156, 492, 169]}}]}