{"filename": "571403367_07-11-2019-DBT_Reconstructed_Volume-37558_DBT_slices-78838_14-01.dcm", "annotation": [{"key": {"text": "Institution Name", "bbox": [86, 117, 244, 129]}, "value": {"text": "Ball, Hendrix and Johnson Community Clinic", "bbox": [248, 137, 481, 152]}}, {"key": {"text": "Study Date", "bbox": [86, 157, 193, 172]}, "value": {"text": "2023 Feb 13", "bbox": [197, 157, 308, 169]}}, {"key": {"text": "Patient ID", "bbox": [86, 177, 182, 189]}, "value": {"text": "571403367", "bbox": [186, 177, 286, 189]}}, {"key": {"text": "Name", "bbox": [86, 197, 144, 209]}, "value": {"text": "Audrey Law", "bbox": [148, 197, 254, 212]}}, {"key": {"text": "Age", "bbox": [86, 217, 127, 232]}, "value": {"text": "32", "bbox": [131, 217, 153, 229]}}, {"key": {"text": "DOB", "bbox": [86, 237, 132, 249]}, "value": {"text": "09/03/1990", "bbox": [136, 237, 237, 250]}}]}