{"filename": "571403367_07-11-2019-DBT_Reconstructed_Volume-37558_DBT_slices-78838_16-01.dcm", "annotation": [{"key": {"text": "Institution Name", "bbox": [330, 647, 425, 659]}, "value": {"text": "Ball, Hendrix and Johnson Community Clinic", "bbox": [429, 687, 546, 699]}}, {"key": {"text": "Study Date", "bbox": [330, 707, 437, 722]}, "value": {"text": "2023 Sep 18", "bbox": [441, 707, 553, 722]}}, {"key": {"text": "Patient ID", "bbox": [330, 727, 426, 739]}, "value": {"text": "571403367", "bbox": [430, 727, 530, 739]}}, {"key": {"text": "Name", "bbox": [330, 747, 388, 759]}, "value": {"text": "Racheal Currin", "bbox": [392, 747, 525, 759]}}, {"key": {"text": "Age", "bbox": [330, 767, 371, 782]}, "value": {"text": "17", "bbox": [375, 767, 397, 779]}}, {"key": {"text": "DOB", "bbox": [330, 787, 376, 799]}}]}