{"filename": "571403367_07-11-2019-DBT_Reconstructed_Volume-37558_DBT_slices-78838_28-01.dcm", "annotation": [{"key": {"text": "Institution Name", "bbox": [85, 606, 243, 618]}, "value": {"text": "Ball, Hendrix and Johnson Community Clinic", "bbox": [247, 626, 480, 641]}}, {"key": {"text": "Study Date", "bbox": [85, 646, 192, 661]}, "value": {"text": "2023 Jan 24", "bbox": [196, 646, 302, 661]}}, {"key": {"text": "Patient ID", "bbox": [85, 666, 181, 678]}, "value": {"text": "571403367", "bbox": [185, 666, 285, 678]}}, {"key": {"text": "Name", "bbox": [85, 686, 143, 698]}, "value": {"text": "HAYDEE GLASSETT", "bbox": [147, 686, 315, 698]}}, {"key": {"text": "Age", "bbox": [85, 706, 126, 721]}, "value": {"text": "73", "bbox": [130, 706, 152, 718]}}, {"key": {"text": "DOB", "bbox": [85, 726, 131, 738]}, "value": {"text": "06/06/1949", "bbox": [135, 726, 236, 739]}}]}