{"filename": "571403367_07-11-2019-DBT_Reconstructed_Volume-37558_DBT_slices-78838_57-01.dcm", "annotation": [{"key": {"text": "Institution Name", "bbox": [91, 55, 249, 67]}, "value": {"text": "Ball, Hendrix and Johnson Community Clinic", "bbox": [253, 75, 486, 90]}}, {"key": {"text": "Study Date", "bbox": [91, 95, 198, 110]}, "value": {"text": "2023 Aug 21", "bbox": [202, 95, 315, 110]}}, {"key": {"text": "Patient ID", "bbox": [91, 115, 187, 127]}, "value": {"text": "571403367", "bbox": [191, 115, 291, 127]}}, {"key": {"text": "Name", "bbox": [91, 135, 149, 147]}, "value": {"text": "Margo Bolden", "bbox": [153, 135, 278, 150]}}, {"key": {"text": "Age", "bbox": [91, 155, 132, 170]}, "value": {"text": "30", "bbox": [136, 155, 158, 167]}}, {"key": {"text": "DOB", "bbox": [91, 175, 137, 187]}, "value": {"text": "06/06/1993", "bbox": [141, 175, 242, 188]}}]}