{"filename": "571403367_07-11-2019-DBT_Reconstructed_Volume-37558_DBT_slices-78838_29-01.dcm", "annotation": [{"key": {"text": "Institution Name", "bbox": [294, 97, 389, 109]}, "value": {"text": "Ball, Hendrix and Johnson Community Clinic", "bbox": [393, 117, 573, 129]}}, {"key": {"text": "Study Date", "bbox": [294, 137, 401, 152]}, "value": {"text": "2023 Feb 20", "bbox": [405, 137, 516, 149]}}, {"key": {"text": "Patient ID", "bbox": [294, 157, 390, 169]}, "value": {"text": "571403367", "bbox": [394, 157, 494, 169]}}, {"key": {"text": "Name", "bbox": [294, 177, 352, 189]}, "value": {"text": "FELIPE SULLIVAN", "bbox": [356, 177, 510, 189]}}, {"key": {"text": "Age", "bbox": [294, 197, 335, 212]}, "value": {"text": "47", "bbox": [339, 197, 361, 209]}}, {"key": {"text": "DOB", "bbox": [294, 217, 340, 229]}, "value": {"text": "02/22/1975", "bbox": [344, 217, 445, 230]}}]}