{"filename": "571403367_07-11-2019-DBT_Reconstructed_Volume-37558_DBT_slices-78838_56-01.dcm", "annotation": [{"key": {"text": "Institution Name", "bbox": [314, 74, 409, 86]}, "value": {"text": "Ball, Hendrix and Johnson Community Clinic", "bbox": [413, 94, 570, 109]}}, {"key": {"text": "Study Date", "bbox": [314, 114, 421, 129]}, "value": {"text": "2023 Nov 25", "bbox": [425, 114, 538, 126]}}, {"key": {"text": "Patient ID", "bbox": [314, 134, 410, 146]}, "value": {"text": "571403367", "bbox": [414, 134, 514, 146]}}, {"key": {"text": "Name", "bbox": [314, 154, 372, 166]}, "value": {"text": "DUNCAN KIYABU", "bbox": [376, 154, 525, 166]}}, {"key": {"text": "Age", "bbox": [314, 174, 355, 189]}, "value": {"text": "33", "bbox": [359, 174, 381, 186]}}, {"key": {"text": "DOB", "bbox": [314, 194, 360, 206]}, "value": {"text": "07/22/1990", "bbox": [364, 194, 465, 207]}}]}