{"filename": "571403367_07-11-2019-DBT_Reconstructed_Volume-37558_DBT_slices-78838_17-01.dcm", "annotation": [{"key": {"text": "Institution Name", "bbox": [82, 62, 240, 74]}, "value": {"text": "Ball, Hendrix and Johnson Community Clinic", "bbox": [244, 82, 477, 97]}}, {"key": {"text": "Study Date", "bbox": [82, 102, 189, 117]}, "value": {"text": "2023 Jan 30", "bbox": [193, 102, 299, 117]}}, {"key": {"text": "Patient ID", "bbox": [82, 122, 178, 134]}, "value": {"text": "571403367", "bbox": [182, 122, 282, 134]}}, {"key": {"text": "Name", "bbox": [82, 142, 140, 154]}, "value": {"text": "JARVIS JAMMER", "bbox": [143, 142, 284, 157]}}, {"key": {"text": "Age", "bbox": [82, 162, 123, 177]}, "value": {"text": "65", "bbox": [127, 162, 149, 174]}}, {"key": {"text": "DOB", "bbox": [82, 182, 128, 194]}, "value": {"text": "09/25/1957", "bbox": [132, 182, 233, 195]}}]}