{"filename": "571403367_07-11-2019-DBT_Reconstructed_Volume-37558_DBT_slices-78838_11-01.dcm", "annotation": [{"key": {"text": "Institution Name", "bbox": [337, 79, 432, 91]}, "value": {"text": "Ball, Hendrix and Johnson Community Clinic", "bbox": [436, 119, 553, 131]}}, {"key": {"text": "Study Date", "bbox": [337, 139, 444, 154]}, "value": {"text": "2023 Oct 12", "bbox": [448, 139, 557, 151]}}, {"key": {"text": "Patient ID", "bbox": [337, 159, 433, 171]}, "value": {"text": "571403367", "bbox": [437, 159, 537, 171]}}, {"key": {"text": "Name", "bbox": [337, 179, 395, 191]}, "value": {"text": "BETH MARSHALSEA", "bbox": [399, 179, 576, 191]}}, {"key": {"text": "Age", "bbox": [337, 199, 378, 214]}, "value": {"text": "21", "bbox": [382, 199, 404, 211]}}, {"key": {"text": "DOB", "bbox": [337, 219, 383, 231]}, "value": {"text": "02/11/2002", "bbox": [387, 219, 488, 232]}}]}