{"filename": "571403367_07-11-2019-DBT_Reconstructed_Volume-37558_DBT_slices-78838_22-01.dcm", "annotation": [{"key": {"text": "Study Date"}, "value": {"text": "2023 Jul 21", "bbox": [316, 682, 417, 697]}}, {"key": {"text": "Name"}, "value": {"text": "VALERIE PINEDA", "bbox": [421, 682, 569, 694]}}, {"key": {"text": "Patient Sex"}, "value": {"text": "F", "bbox": [573, 682, 584, 694]}}, {"key": {"text": "DOB", "bbox": [316, 702, 362, 714]}, "value": {"text": "08/17/2003", "bbox": [366, 702, 467, 715]}}]}