{"filename": "571403367_07-11-2019-DBT_Reconstructed_Volume-37558_DBT_slices-78838_42-01.dcm", "annotation": [{"key": {"text": "Study Date"}, "value": {"text": "2023 May 27", "bbox": [107, 72, 222, 87]}}, {"key": {"text": "Name"}, "value": {"text": "ANNALEE SLADER", "bbox": [226, 72, 386, 84]}}, {"key": {"text": "Patient Sex"}, "value": {"text": "M", "bbox": [390, 72, 406, 84]}}, {"key": {"text": "DOB", "bbox": [107, 92, 153, 104]}, "value": {"text": "03/27/1999", "bbox": [157, 92, 258, 105]}}]}