{"filename": "571403367_07-11-2019-DBT_Reconstructed_Volume-37558_DBT_slices-78838_44-01.dcm", "annotation": [{"key": {"text": "Institution Name", "bbox": [297, 691, 392, 703]}, "value": {"text": "Ball, Hendrix and Johnson Community Clinic", "bbox": [396, 711, 553, 726]}}, {"key": {"text": "Study Date", "bbox": [297, 731, 404, 746]}, "value": {"text": "2023 Nov 12", "bbox": [408, 731, 521, 743]}}, {"key": {"text": "Patient ID", "bbox": [297, 751, 393, 763]}, "value": {"text": "571403367", "bbox": [397, 751, 497, 763]}}, {"key": {"text": "Name", "bbox": [297, 771, 355, 783]}, "value": {"text": "ROLANDA KENNEMUR", "bbox": [359, 771, 554, 783]}}]}