{"filename": "571403367_07-11-2019-DBT_Reconstructed_Volume-37558_DBT_slices-78838_24-01.dcm", "annotation": [{"key": {"text": "Institution Name", "bbox": [67, 74, 225, 86]}, "value": {"text": "Ball, Hendrix and Johnson Community Clinic", "bbox": [229, 94, 570, 106]}}, {"key": {"text": "Study Date", "bbox": [67, 114, 174, 129]}, "value": {"text": "2023 Nov 04", "bbox": [178, 114, 291, 126]}}, {"key": {"text": "Patient ID", "bbox": [67, 134, 163, 146]}, "value": {"text": "571403367", "bbox": [167, 134, 267, 146]}}, {"key": {"text": "Name", "bbox": [67, 154, 125, 166]}, "value": {"text": "EVELINE TABORDA", "bbox": [129, 154, 296, 166]}}, {"key": {"text": "Age", "bbox": [67, 174, 108, 189]}, "value": {"text": "31", "bbox": [112, 174, 134, 186]}}, {"key": {"text": "DOB", "bbox": [67, 194, 113, 206]}, "value": {"text": "04/11/1992", "bbox": [117, 194, 218, 207]}}]}