{"filename": "571403367_07-11-2019-DBT_Reconstructed_Volume-37558_DBT_slices-78838_37-01.dcm", "annotation": [{"key": {"text": "Study Date"}, "value": {"text": "2023 Aug 31", "bbox": [88, 102, 201, 117]}}, {"key": {"text": "Name"}, "value": {"text": "VON FAVOR", "bbox": [205, 102, 308, 114]}}, {"key": {"text": "Patient Sex"}, "value": {"text": "F", "bbox": [312, 102, 323, 114]}}, {"key": {"text": "DOB", "bbox": [88, 122, 134, 134]}, "value": {"text": "05/16/1978", "bbox": [138, 122, 239, 135]}}]}