{"filename": "571403367_07-11-2019-DBT_Reconstructed_Volume-37558_DBT_slices-78838_23-01.dcm", "annotation": [{"key": {"text": "Study Date"}, "value": {"text": "2023 Apr 08", "bbox": [74, 112, 184, 127]}}, {"key": {"text": "Name"}, "value": {"text": "Nida Naschke", "bbox": [188, 112, 311, 124]}}, {"key": {"text": "Patient Sex"}, "value": {"text": "F", "bbox": [315, 112, 326, 124]}}, {"key": {"text": "DOB", "bbox": [74, 132, 120, 144]}, "value": {"text": "06/20/1996", "bbox": [124, 132, 225, 145]}}]}