{"filename": "571403367_07-11-2019-DBT_Reconstructed_Volume-37558_DBT_slices-78838_54-01.dcm", "annotation": [{"key": {"text": "Institution Name", "bbox": [83, 63, 241, 75]}, "value": {"text": "Ball, Hendrix and Johnson Community Clinic", "bbox": [245, 83, 478, 98]}}, {"key": {"text": "Study Date", "bbox": [83, 103, 190, 118]}, "value": {"text": "2023 Oct 20", "bbox": [194, 103, 303, 115]}}, {"key": {"text": "Patient ID", "bbox": [83, 123, 179, 135]}, "value": {"text": "571403367", "bbox": [183, 123, 283, 135]}}, {"key": {"text": "Name", "bbox": [83, 143, 141, 155]}, "value": {"text": "Tonie Yearick", "bbox": [145, 143, 264, 155]}}, {"key": {"text": "Age", "bbox": [83, 163, 124, 178]}, "value": {"text": "50", "bbox": [128, 163, 150, 175]}}, {"key": {"text": "DOB", "bbox": [83, 183, 129, 195]}, "value": {"text": "06/10/1973", "bbox": [133, 183, 234, 196]}}]}