{"filename": "571403367_07-11-2019-DBT_Reconstructed_Volume-37558_DBT_slices-78838_05-01.dcm", "annotation": [{"key": {"text": "Institution Name", "bbox": [74, 607, 232, 619]}, "value": {"text": "Ball, Hendrix and Johnson Community Clinic", "bbox": [236, 627, 469, 642]}}, {"key": {"text": "Study Date", "bbox": [74, 647, 181, 662]}, "value": {"text": "2023 Mar 22", "bbox": [185, 647, 298, 659]}}, {"key": {"text": "Patient ID", "bbox": [74, 667, 170, 679]}, "value": {"text": "571403367", "bbox": [174, 667, 274, 679]}}, {"key": {"text": "Name", "bbox": [74, 687, 132, 699]}, "value": {"text": "LAURYN RAINFORD", "bbox": [136, 687, 307, 699]}}, {"key": {"text": "Age", "bbox": [74, 707, 115, 722]}, "value": {"text": "78", "bbox": [119, 707, 141, 719]}}, {"key": {"text": "DOB", "bbox": [74, 727, 120, 739]}, "value": {"text": "08/24/1944", "bbox": [124, 727, 225, 740]}}]}