{"filename": "571403367_07-11-2019-DBT_Reconstructed_Volume-37558_DBT_slices-78838_25-01.dcm", "annotation": [{"key": {"text": "Institution Name", "bbox": [329, 626, 424, 638]}, "value": {"text": "Ball, Hendrix and Johnson Community Clinic", "bbox": [428, 666, 545, 678]}}, {"key": {"text": "Study Date", "bbox": [329, 686, 436, 701]}, "value": {"text": "2023 Jun 22", "bbox": [440, 686, 547, 701]}}, {"key": {"text": "Patient ID", "bbox": [329, 706, 425, 718]}, "value": {"text": "571403367", "bbox": [429, 706, 529, 718]}}, {"key": {"text": "Name", "bbox": [329, 726, 387, 738]}, "value": {"text": "GERTRUDE VANWYE", "bbox": [391, 726, 570, 738]}}, {"key": {"text": "Age", "bbox": [329, 746, 370, 761]}, "value": {"text": "22", "bbox": [374, 746, 396, 758]}}, {"key": {"text": "DOB", "bbox": [329, 766, 375, 778]}, "value": {"text": "08/12/2000", "bbox": [379, 766, 480, 779]}}]}