{"filename": "571403367_07-11-2019-DBT_Reconstructed_Volume-37558_DBT_slices-78838_50-01.dcm", "annotation": [{"key": {"text": "Institution Name", "bbox": [113, 658, 271, 670]}, "value": {"text": "Ball, Hendrix and Johnson Community Clinic", "bbox": [275, 678, 508, 693]}}, {"key": {"text": "Study Date", "bbox": [113, 698, 220, 713]}, "value": {"text": "2023 May 31", "bbox": [224, 698, 339, 713]}}, {"key": {"text": "Patient ID", "bbox": [113, 718, 209, 730]}, "value": {"text": "571403367", "bbox": [213, 718, 313, 730]}}, {"key": {"text": "Name", "bbox": [113, 738, 171, 750]}, "value": {"text": "GLENNA WARNTZ", "bbox": [175, 738, 332, 750]}}, {"key": {"text": "Age", "bbox": [113, 758, 154, 773]}, "value": {"text": "71", "bbox": [158, 758, 180, 770]}}, {"key": {"text": "DOB", "bbox": [113, 778, 159, 790]}, "value": {"text": "11/06/1951", "bbox": [163, 778, 264, 791]}}]}