{"filename": "571403367_07-11-2019-DBT_Reconstructed_Volume-37558_DBT_slices-78838_39-01.dcm", "annotation": [{"key": {"text": "Institution Name", "bbox": [96, 654, 254, 666]}, "value": {"text": "Ball, Hendrix and Johnson Community Clinic", "bbox": [258, 674, 491, 689]}}, {"key": {"text": "Study Date", "bbox": [96, 694, 203, 709]}, "value": {"text": "2023 Feb 24", "bbox": [207, 694, 318, 706]}}, {"key": {"text": "Patient ID", "bbox": [96, 714, 192, 726]}, "value": {"text": "571403367", "bbox": [196, 714, 296, 726]}}, {"key": {"text": "Name", "bbox": [96, 734, 154, 746]}, "value": {"text": "TANIA ASAI", "bbox": [158, 734, 260, 746]}}, {"key": {"text": "Age", "bbox": [96, 754, 137, 769]}, "value": {"text": "72", "bbox": [141, 754, 163, 766]}}, {"key": {"text": "DOB", "bbox": [96, 774, 142, 786]}, "value": {"text": "10/09/1950", "bbox": [146, 774, 247, 787]}}]}