{"filename": "571403367_07-11-2019-DBT_Reconstructed_Volume-37558_DBT_slices-78838_45-01.dcm", "annotation": [{"key": {"text": "Study Date"}, "value": {"text": "2023 Oct 25", "bbox": [66, 643, 175, 655]}}, {"key": {"text": "Name"}, "value": {"text": "Marisa Meggison", "bbox": [179, 643, 332, 658]}}, {"key": {"text": "Patient Sex"}, "value": {"text": "F", "bbox": [336, 643, 347, 655]}}, {"key": {"text": "DOB", "bbox": [66, 663, 112, 675]}, "value": {"text": "01/15/1975", "bbox": [116, 663, 217, 676]}}]}