{"filename": "571403367_07-11-2019-DBT_Reconstructed_Volume-37558_DBT_slices-78838_12-01.dcm", "annotation": [{"key": {"text": "Institution Name", "bbox": [114, 76, 272, 88]}, "value": {"text": "Ball, Hendrix and Johnson Community Clinic", "bbox": [276, 96, 509, 111]}}, {"key": {"text": "Study Date", "bbox": [114, 116, 221, 131]}, "value": {"text": "2023 May 15", "bbox": [225, 116, 340, 131]}}, {"key": {"text": "Patient ID", "bbox": [114, 136, 210, 148]}, "value": {"text": "571403367", "bbox": [214, 136, 314, 148]}}, {"key": {"text": "Name", "bbox": [114, 156, 172, 168]}, "value": {"text": "MARVIS PHANTHAUONG", "bbox": [176, 156, 392, 168]}}, {"key": {"text": "Age", "bbox": [114, 176, 155, 191]}, "value": {"text": "14", "bbox": [159, 176, 181, 188]}}, {"key": {"text": "DOB", "bbox": [114, 196, 160, 208]}, "value": {"text": "06/23/2008", "bbox": [164, 196, 265, 209]}}]}