{"filename": "571403367_07-11-2019-DBT_Reconstructed_Volume-37558_DBT_slices-78838_36-01.dcm", "annotation": [{"key": {"text": "Institution Name", "bbox": [336, 624, 431, 636]}, "value": {"text": "Ball, Hendrix and Johnson Community Clinic", "bbox": [435, 664, 552, 676]}}, {"key": {"text": "Study Date", "bbox": [336, 684, 443, 699]}, "value": {"text": "2023 Oct 01", "bbox": [447, 684, 556, 696]}}, {"key": {"text": "Patient ID", "bbox": [336, 704, 432, 716]}, "value": {"text": "571403367", "bbox": [436, 704, 536, 716]}}, {"key": {"text": "Name", "bbox": [336, 724, 394, 736]}, "value": {"text": "DARIUS SHASKY", "bbox": [398, 724, 545, 736]}}, {"key": {"text": "Age", "bbox": [336, 744, 377, 759]}, "value": {"text": "66", "bbox": [381, 744, 403, 756]}}, {"key": {"text": "DOB", "bbox": [336, 764, 382, 776]}, "value": {"text": "06/18/1957", "bbox": [386, 764, 487, 777]}}]}