{"filename": "571403367_07-11-2019-DBT_Reconstructed_Volume-37558_DBT_slices-78838_49-01.dcm", "annotation": [{"key": {"text": "Institution Name", "bbox": [331, 84, 426, 96]}, "value": {"text": "Ball, Hendrix and Johnson Community Clinic", "bbox": [430, 124, 547, 136]}}, {"key": {"text": "Study Date", "bbox": [331, 144, 438, 159]}, "value": {"text": "2023 Sep 20", "bbox": [442, 144, 554, 159]}}, {"key": {"text": "Patient ID", "bbox": [331, 164, 427, 176]}, "value": {"text": "571403367", "bbox": [431, 164, 531, 176]}}, {"key": {"text": "Name", "bbox": [331, 184, 389, 196]}, "value": {"text": "SHELBA USETED", "bbox": [393, 184, 540, 196]}}, {"key": {"text": "Age", "bbox": [331, 204, 372, 219]}, "value": {"text": "31", "bbox": [376, 204, 398, 216]}}, {"key": {"text": "DOB", "bbox": [331, 224, 377, 236]}, "value": {"text": "10/07/1991", "bbox": [381, 224, 482, 237]}}]}