{"filename": "571403367_07-11-2019-DBT_Reconstructed_Volume-37558_DBT_slices-78838_53-01.dcm", "annotation": [{"key": {"text": "Study Date"}, "value": {"text": "2023 Apr 26", "bbox": [334, 44, 444, 59]}}, {"key": {"text": "Name"}, "value": {"text": "MARGRET BRAZINGTON", "bbox": [448, 64, 567, 76]}}, {"key": {"text": "Patient Sex"}, "value": {"text": "M", "bbox": [571, 44, 587, 56]}}, {"key": {"text": "DOB", "bbox": [334, 84, 380, 96]}, "value": {"text": "03/15/1969", "bbox": [384, 84, 485, 97]}}]}