{"filename": "571403367_07-11-2019-DBT_Reconstructed_Volume-37558_DBT_slices-78838_55-01.dcm", "annotation": [{"key": {"text": "Study Date"}, "value": {"text": "2023 Dec 24", "bbox": [100, 660, 212, 672]}}, {"key": {"text": "Name"}, "value": {"text": "DELISA BEUCHAT", "bbox": [216, 660, 369, 672]}}, {"key": {"text": "Patient Sex"}, "value": {"text": "F", "bbox": [373, 660, 384, 672]}}, {"key": {"text": "DOB", "bbox": [100, 680, 146, 692]}, "value": {"text": "07/14/1950", "bbox": [150, 680, 251, 693]}}]}