{"filename": "571403367_07-11-2019-DBT_Reconstructed_Volume-37558_DBT_slices-78838_13-01.dcm", "annotation": [{"key": {"text": "Institution Name", "bbox": [315, 682, 410, 694]}, "value": {"text": "Ball, Hendrix and Johnson Community Clinic", "bbox": [414, 702, 571, 717]}}, {"key": {"text": "Study Date", "bbox": [315, 722, 422, 737]}, "value": {"text": "2023 Aug 15", "bbox": [426, 722, 539, 737]}}, {"key": {"text": "Patient ID", "bbox": [315, 742, 411, 754]}, "value": {"text": "571403367", "bbox": [415, 742, 515, 754]}}, {"key": {"text": "Name", "bbox": [315, 762, 373, 774]}, "value": {"text": "Edythe Hosein", "bbox": [377, 762, 507, 777]}}, {"key": {"text": "Age", "bbox": [315, 782, 356, 797]}, "value": {"text": "41", "bbox": [360, 782, 382, 794]}}]}