{"filename": "571403367_07-11-2019-DBT_Reconstructed_Volume-37558_DBT_slices-78838_03-01.dcm", "annotation": [{"key": {"text": "Institution Name", "bbox": [100, 612, 258, 624]}, "value": {"text": "Ball, Hendrix and Johnson Community Clinic", "bbox": [262, 632, 495, 647]}}, {"key": {"text": "Study Date", "bbox": [100, 652, 207, 667]}, "value": {"text": "2023 Feb 17", "bbox": [211, 652, 322, 664]}}, {"key": {"text": "Patient ID", "bbox": [100, 672, 196, 684]}, "value": {"text": "571403367", "bbox": [200, 672, 300, 684]}}, {"key": {"text": "Name", "bbox": [100, 692, 158, 704]}, "value": {"text": "Chance Stainbach", "bbox": [162, 692, 323, 704]}}, {"key": {"text": "Age", "bbox": [100, 712, 141, 727]}, "value": {"text": "27", "bbox": [145, 712, 167, 724]}}, {"key": {"text": "DOB", "bbox": [100, 732, 146, 744]}, "value": {"text": "12/28/1995", "bbox": [150, 732, 251, 745]}}]}