{"filename": "571403367_07-11-2019-DBT_Reconstructed_Volume-37558_DBT_slices-78838_09-01.dcm", "annotation": [{"key": {"text": "Institution Name", "bbox": [311, 95, 406, 107]}, "value": {"text": "Ball, Hendrix and Johnson Community Clinic", "bbox": [410, 115, 567, 130]}}, {"key": {"text": "Study Date", "bbox": [311, 135, 418, 150]}, "value": {"text": "2023 Mar 03", "bbox": [422, 135, 535, 147]}}, {"key": {"text": "Patient ID", "bbox": [311, 155, 407, 167]}, "value": {"text": "571403367", "bbox": [411, 155, 511, 167]}}, {"key": {"text": "Name", "bbox": [311, 175, 369, 187]}, "value": {"text": "COLLEN CAINS", "bbox": [373, 175, 504, 187]}}, {"key": {"text": "Age", "bbox": [311, 195, 352, 210]}, "value": {"text": "43", "bbox": [356, 195, 378, 207]}}, {"key": {"text": "DOB", "bbox": [311, 215, 357, 227]}, "value": {"text": "06/07/1979", "bbox": [361, 215, 462, 228]}}]}