{"filename": "571403367_07-11-2019-DBT_Reconstructed_Volume-37558_DBT_slices-78838_43-01.dcm", "annotation": [{"key": {"text": "Institution Name", "bbox": [296, 137, 391, 149]}, "value": {"text": "Ball, Hendrix and Johnson Community Clinic", "bbox": [395, 157, 575, 169]}}, {"key": {"text": "Study Date", "bbox": [296, 177, 403, 192]}, "value": {"text": "2023 Feb 16", "bbox": [407, 177, 518, 189]}}, {"key": {"text": "Patient ID", "bbox": [296, 197, 392, 209]}, "value": {"text": "571403367", "bbox": [396, 197, 496, 209]}}, {"key": {"text": "Name", "bbox": [296, 217, 354, 229]}, "value": {"text": "THANH URQUHART", "bbox": [358, 217, 527, 231]}}, {"key": {"text": "Age", "bbox": [296, 237, 337, 252]}, "value": {"text": "34", "bbox": [341, 237, 363, 249]}}, {"key": {"text": "DOB", "bbox": [296, 257, 342, 269]}, "value": {"text": "05/15/1988", "bbox": [346, 257, 447, 270]}}]}