{"filename": "571403367_07-11-2019-DBT_Reconstructed_Volume-37558_DBT_slices-78838_33-01.dcm", "annotation": [{"key": {"text": "Institution Name", "bbox": [85, 81, 243, 93]}, "value": {"text": "Ball, Hendrix and Johnson Community Clinic", "bbox": [247, 101, 480, 116]}}, {"key": {"text": "Study Date", "bbox": [85, 121, 192, 136]}, "value": {"text": "2023 Apr 07", "bbox": [196, 121, 306, 136]}}, {"key": {"text": "Patient ID", "bbox": [85, 141, 181, 153]}, "value": {"text": "571403367", "bbox": [185, 141, 285, 153]}}, {"key": {"text": "Name", "bbox": [85, 161, 143, 173]}, "value": {"text": "LORENZO JAFFE", "bbox": [147, 161, 289, 176]}}, {"key": {"text": "Age", "bbox": [85, 181, 126, 196]}, "value": {"text": "82", "bbox": [130, 181, 152, 193]}}, {"key": {"text": "DOB", "bbox": [85, 201, 131, 213]}, "value": {"text": "09/19/1940", "bbox": [135, 201, 236, 214]}}]}