{"filename": "571403367_07-11-2019-DBT_Reconstructed_Volume-37558_DBT_slices-78838_47-01.dcm", "annotation": [{"key": {"text": "Institution Name", "bbox": [88, 653, 246, 665]}, "value": {"text": "Ball, Hendrix and Johnson Community Clinic", "bbox": [250, 673, 483, 688]}}, {"key": {"text": "Study Date", "bbox": [88, 693, 195, 708]}, "value": {"text": "2023 Apr 25", "bbox": [199, 693, 309, 708]}}, {"key": {"text": "Patient ID", "bbox": [88, 713, 184, 725]}, "value": {"text": "571403367", "bbox": [188, 713, 288, 725]}}, {"key": {"text": "Name", "bbox": [88, 733, 146, 745]}, "value": {"text": "Kassie Leaver", "bbox": [150, 733, 275, 745]}}, {"key": {"text": "Age", "bbox": [88, 753, 129, 768]}, "value": {"text": "59", "bbox": [133, 753, 155, 765]}}, {"key": {"text": "DOB", "bbox": [88, 773, 134, 785]}, "value": {"text": "01/27/1964", "bbox": [138, 773, 239, 786]}}]}