{"filename": "571403367_07-11-2019-DBT_Reconstructed_Volume-37558_DBT_slices-78838_27-01.dcm", "annotation": [{"key": {"text": "Institution Name", "bbox": [307, 680, 402, 692]}, "value": {"text": "Ball, Hendrix and Johnson Community Clinic", "bbox": [406, 700, 563, 715]}}, {"key": {"text": "Study Date", "bbox": [307, 720, 414, 735]}, "value": {"text": "2023 Aug 17", "bbox": [418, 720, 531, 735]}}, {"key": {"text": "Patient ID", "bbox": [307, 740, 403, 752]}, "value": {"text": "571403367", "bbox": [407, 740, 507, 752]}}, {"key": {"text": "Name", "bbox": [307, 760, 365, 772]}, "value": {"text": "BRENDON DENA", "bbox": [369, 760, 514, 772]}}, {"key": {"text": "Age", "bbox": [307, 780, 348, 795]}, "value": {"text": "76", "bbox": [352, 780, 374, 792]}}]}