{"filename": "571403367_07-11-2019-DBT_Reconstructed_Volume-37558_DBT_slices-78838_06-01.dcm", "annotation": [{"key": {"text": "Institution Name", "bbox": [91, 60, 249, 72]}, "value": {"text": "Ball, Hendrix and Johnson Community Clinic", "bbox": [253, 80, 486, 95]}}, {"key": {"text": "Study Date", "bbox": [91, 100, 198, 115]}, "value": {"text": "2023 Aug 11", "bbox": [202, 100, 315, 115]}}, {"key": {"text": "Patient ID", "bbox": [91, 120, 187, 132]}, "value": {"text": "571403367", "bbox": [191, 120, 291, 132]}}, {"key": {"text": "Name", "bbox": [91, 140, 149, 152]}, "value": {"text": "BRYANT STRAUS", "bbox": [153, 140, 300, 152]}}, {"key": {"text": "Age", "bbox": [91, 160, 132, 175]}, "value": {"text": "55", "bbox": [136, 160, 158, 172]}}, {"key": {"text": "DOB", "bbox": [91, 180, 137, 192]}, "value": {"text": "04/06/1968", "bbox": [141, 180, 242, 193]}}]}