{"filename": "571403367_07-11-2019-DBT_Reconstructed_Volume-37558_DBT_slices-78838_19-01.dcm", "annotation": [{"key": {"text": "Study Date"}, "value": {"text": "2023 Aug 31", "bbox": [63, 625, 176, 640]}}, {"key": {"text": "Name"}, "value": {"text": "Cammie Manas", "bbox": [180, 625, 316, 637]}}, {"key": {"text": "Patient Sex"}, "value": {"text": "M", "bbox": [320, 625, 336, 637]}}, {"key": {"text": "DOB", "bbox": [63, 645, 109, 657]}, "value": {"text": "03/12/1943", "bbox": [113, 645, 214, 658]}}]}