{"filename": "571403367_07-11-2019-DBT_Reconstructed_Volume-37558_DBT_slices-78838_04-01.dcm", "annotation": [{"key": {"text": "Institution Name", "bbox": [99, 653, 257, 665]}, "value": {"text": "Ball, Hendrix and Johnson Community Clinic", "bbox": [261, 673, 494, 688]}}, {"key": {"text": "Study Date", "bbox": [99, 693, 206, 708]}, "value": {"text": "2023 Dec 18", "bbox": [210, 693, 322, 705]}}, {"key": {"text": "Patient ID", "bbox": [99, 713, 195, 725]}, "value": {"text": "571403367", "bbox": [199, 713, 299, 725]}}, {"key": {"text": "Name", "bbox": [99, 733, 157, 745]}, "value": {"text": "Aleen Leffers", "bbox": [161, 733, 280, 745]}}, {"key": {"text": "Age", "bbox": [99, 753, 140, 768]}, "value": {"text": "21", "bbox": [144, 753, 166, 765]}}, {"key": {"text": "DOB", "bbox": [99, 773, 145, 785]}, "value": {"text": "04/23/2002", "bbox": [149, 773, 250, 786]}}]}