{"filename": "571403367_07-11-2019-DBT_Reconstructed_Volume-37558_DBT_slices-78838_30-01.dcm", "annotation": [{"key": {"text": "Institution Name", "bbox": [292, 675, 387, 687]}, "value": {"text": "Ball, Hendrix and Johnson Community Clinic", "bbox": [391, 695, 571, 707]}}, {"key": {"text": "Study Date", "bbox": [292, 715, 399, 730]}, "value": {"text": "2023 Oct 08", "bbox": [403, 715, 512, 727]}}, {"key": {"text": "Patient ID", "bbox": [292, 735, 388, 747]}, "value": {"text": "571403367", "bbox": [392, 735, 492, 747]}}, {"key": {"text": "Name", "bbox": [292, 755, 350, 767]}, "value": {"text": "Cassie Nassie", "bbox": [354, 755, 477, 767]}}, {"key": {"text": "Age", "bbox": [292, 775, 333, 790]}, "value": {"text": "67", "bbox": [337, 775, 359, 787]}}]}