{"filename": "571403367_07-11-2019-DBT_Reconstructed_Volume-37558_DBT_slices-78838_38-01.dcm", "annotation": [{"key": {"text": "Institution Name", "bbox": [64, 670, 222, 682]}, "value": {"text": "Ball, Hendrix and Johnson Community Clinic", "bbox": [226, 690, 567, 702]}}, {"key": {"text": "Study Date", "bbox": [64, 710, 171, 725]}, "value": {"text": "2023 Nov 28", "bbox": [175, 710, 288, 722]}}, {"key": {"text": "Patient ID", "bbox": [64, 730, 160, 742]}, "value": {"text": "571403367", "bbox": [164, 730, 264, 742]}}, {"key": {"text": "Name", "bbox": [64, 750, 122, 762]}, "value": {"text": "MAIRA KACHELMEYER", "bbox": [126, 750, 323, 762]}}, {"key": {"text": "Age", "bbox": [64, 770, 105, 785]}, "value": {"text": "32", "bbox": [109, 770, 131, 782]}}]}