{"filename": "571403367_07-11-2019-DBT_Reconstructed_Volume-37558_DBT_slices-78838_48-01.dcm", "annotation": [{"key": {"text": "Institution Name", "bbox": [343, 122, 438, 134]}, "value": {"text": "Ball, Hendrix and Johnson Community Clinic", "bbox": [442, 162, 559, 174]}}, {"key": {"text": "Study Date", "bbox": [343, 182, 450, 197]}, "value": {"text": "2023 Aug 31", "bbox": [454, 182, 567, 197]}}, {"key": {"text": "Patient ID", "bbox": [343, 202, 439, 214]}, "value": {"text": "571403367", "bbox": [443, 202, 543, 214]}}, {"key": {"text": "Name", "bbox": [343, 222, 401, 234]}, "value": {"text": "RAPHAEL LAFERA", "bbox": [405, 222, 564, 234]}}, {"key": {"text": "Age", "bbox": [343, 242, 384, 257]}, "value": {"text": "46", "bbox": [388, 242, 410, 254]}}, {"key": {"text": "DOB", "bbox": [343, 262, 389, 274]}, "value": {"text": "05/30/1977", "bbox": [393, 262, 494, 275]}}]}