{"filename": "571403367_07-11-2019-DBT_Reconstructed_Volume-37558_DBT_slices-78838_01-01.dcm", "annotation": [{"key": {"text": "Study Date"}, "value": {"text": "2023 Dec 03", "bbox": [336, 94, 448, 106]}}, {"key": {"text": "Name"}, "value": {"text": "MARYLOU SUTOR", "bbox": [452, 114, 540, 126]}}, {"key": {"text": "Patient Sex"}, "value": {"text": "M", "bbox": [544, 94, 560, 106]}}, {"key": {"text": "DOB", "bbox": [336, 134, 382, 146]}, "value": {"text": "11/29/1983", "bbox": [386, 134, 487, 147]}}]}