{"filename": "571403367_07-11-2019-DBT_Reconstructed_Volume-37558_DBT_slices-78838_51-01.dcm", "annotation": [{"key": {"text": "Institution Name", "bbox": [100, 608, 258, 620]}, "value": {"text": "Ball, Hendrix and Johnson Community Clinic", "bbox": [262, 628, 495, 643]}}, {"key": {"text": "Study Date", "bbox": [100, 648, 207, 663]}, "value": {"text": "2023 Mar 11", "bbox": [211, 648, 324, 660]}}, {"key": {"text": "Patient ID", "bbox": [100, 668, 196, 680]}, "value": {"text": "571403367", "bbox": [200, 668, 300, 680]}}, {"key": {"text": "Name", "bbox": [100, 688, 158, 700]}, "value": {"text": "Azzie Desilets", "bbox": [162, 688, 288, 700]}}, {"key": {"text": "Age", "bbox": [100, 708, 141, 723]}, "value": {"text": "70", "bbox": [145, 708, 167, 720]}}, {"key": {"text": "DOB", "bbox": [100, 728, 146, 740]}, "value": {"text": "06/05/1952", "bbox": [150, 728, 251, 741]}}]}