{"filename": "571403367_07-11-2019-DBT_Reconstructed_Volume-37558_DBT_slices-78838_21-01.dcm", "annotation": [{"key": {"text": "Institution Name", "bbox": [62, 618, 220, 630]}, "value": {"text": "Ball, Hendrix and Johnson Community Clinic", "bbox": [224, 638, 565, 650]}}, {"key": {"text": "Study Date", "bbox": [62, 658, 169, 673]}, "value": {"text": "2023 Oct 22", "bbox": [173, 658, 282, 670]}}, {"key": {"text": "Patient ID", "bbox": [62, 678, 158, 690]}, "value": {"text": "571403367", "bbox": [162, 678, 262, 690]}}, {"key": {"text": "Name", "bbox": [62, 698, 120, 710]}, "value": {"text": "Elease Blaskovich", "bbox": [124, 698, 284, 710]}}, {"key": {"text": "Age", "bbox": [62, 718, 103, 733]}, "value": {"text": "83", "bbox": [107, 718, 129, 730]}}, {"key": {"text": "DOB", "bbox": [62, 738, 108, 750]}, "value": {"text": "10/05/1940", "bbox": [112, 738, 213, 751]}}]}