{"filename": "6415974217_06-09-1988-ABDOMENPELVIS-29078_237_000000-PJN-15958_1-03.dcm", "annotation": [{"key": {"text": "Study Date"}, "value": {"text": "2023 May 05", "bbox": [78, 405, 150, 414]}}, {"key": {"text": "Name"}, "value": {"text": "DANYEL SHIRILLA", "bbox": [154, 405, 254, 412]}}, {"key": {"text": "Patient Sex"}, "value": {"text": "M", "bbox": [258, 405, 268, 412]}}, {"key": {"text": "DOB", "bbox": [78, 419, 106, 426]}, "value": {"text": "01/17/1948", "bbox": [110, 419, 173, 427]}}]}