{"filename": "6415974217_06-09-1988-ABDOMENPELVIS-29078_237_000000-PJN-15958_1-07.dcm", "annotation": [{"key": {"text": "Study Date"}, "value": {"text": "2023 Jan 04", "bbox": [296, 409, 362, 418]}}, {"key": {"text": "Name"}, "value": {"text": "BEATA ORGOVAN", "bbox": [366, 409, 460, 416]}}, {"key": {"text": "Patient Sex"}, "value": {"text": "M", "bbox": [464, 409, 474, 416]}}, {"key": {"text": "DOB", "bbox": [296, 423, 324, 430]}, "value": {"text": "05/18/1955", "bbox": [328, 423, 391, 431]}}]}