{"filename": "6415974217_06-09-1988-ABDOMENPELVIS-29078_237_000000-PJN-15958_1-15.dcm", "annotation": [{"key": {"text": "Institution Name", "bbox": [74, 421, 173, 429]}, "value": {"text": "Maynard-Clarke Medical Clinic", "bbox": [177, 421, 347, 431]}}, {"key": {"text": "Study Date", "bbox": [74, 435, 141, 445]}, "value": {"text": "2023 Aug 01", "bbox": [145, 436, 216, 445]}}, {"key": {"text": "Patient ID", "bbox": [74, 449, 134, 457]}, "value": {"text": "6415974217", "bbox": [138, 450, 208, 457]}}, {"key": {"text": "Name", "bbox": [74, 464, 110, 471]}, "value": {"text": "Isidra Swieca", "bbox": [114, 463, 189, 471]}}, {"key": {"text": "Age", "bbox": [74, 478, 100, 487]}, "value": {"text": "67", "bbox": [104, 478, 118, 485]}}, {"key": {"text": "DOB", "bbox": [74, 492, 102, 499]}, "value": {"text": "02/25/1956", "bbox": [106, 492, 169, 500]}}]}