{"filename": "6415974217_06-09-1988-ABDOMENPELVIS-29078_237_000000-PJN-15958_1-06.dcm", "annotation": [{"key": {"text": "Institution Name", "bbox": [292, 45, 391, 53]}, "value": {"text": "Maynard-Clarke Medical Clinic", "bbox": [395, 59, 484, 67]}}, {"key": {"text": "Study Date", "bbox": [292, 73, 359, 83]}, "value": {"text": "2023 Dec 29", "bbox": [363, 74, 433, 81]}}, {"key": {"text": "Patient ID", "bbox": [292, 87, 352, 95]}, "value": {"text": "6415974217", "bbox": [356, 88, 426, 95]}}, {"key": {"text": "Name", "bbox": [292, 102, 328, 109]}, "value": {"text": "Mamie Pocai", "bbox": [332, 101, 403, 109]}}, {"key": {"text": "Age", "bbox": [292, 116, 318, 125]}, "value": {"text": "51", "bbox": [322, 116, 336, 123]}}, {"key": {"text": "DOB", "bbox": [292, 130, 320, 137]}, "value": {"text": "01/09/1972", "bbox": [324, 130, 387, 138]}}]}