{"filename": "6415974217_06-09-1988-ABDOMENPELVIS-29078_237_000000-PJN-15958_1-19.dcm", "annotation": [{"key": {"text": "Institution Name", "bbox": [292, 402, 391, 410]}, "value": {"text": "Maynard-Clarke Medical Clinic", "bbox": [395, 416, 484, 424]}}, {"key": {"text": "Study Date", "bbox": [292, 430, 359, 440]}, "value": {"text": "2023 Jul 13", "bbox": [363, 430, 426, 440]}}, {"key": {"text": "Patient ID", "bbox": [292, 444, 352, 452]}, "value": {"text": "6415974217", "bbox": [356, 445, 426, 452]}}, {"key": {"text": "Name", "bbox": [292, 459, 328, 466]}, "value": {"text": "Moshe Stensrud", "bbox": [332, 458, 423, 466]}}, {"key": {"text": "Age", "bbox": [292, 473, 318, 482]}, "value": {"text": "30", "bbox": [322, 473, 336, 480]}}, {"key": {"text": "DOB", "bbox": [292, 487, 320, 494]}, "value": {"text": "04/04/1993", "bbox": [324, 487, 387, 495]}}]}