{"filename": "6415974217_06-09-1988-ABDOMENPELVIS-29078_237_000000-PJN-15958_1-14.dcm", "annotation": [{"key": {"text": "Institution Name", "bbox": [76, 56, 175, 64]}, "value": {"text": "Maynard-Clarke Medical Clinic", "bbox": [179, 56, 349, 66]}}, {"key": {"text": "Study Date", "bbox": [76, 70, 143, 80]}, "value": {"text": "2023 Nov 27", "bbox": [147, 71, 218, 78]}}, {"key": {"text": "Patient ID", "bbox": [76, 84, 136, 92]}, "value": {"text": "6415974217", "bbox": [140, 85, 210, 92]}}, {"key": {"text": "Name", "bbox": [76, 99, 112, 106]}, "value": {"text": "Manuela Hubbartt", "bbox": [116, 98, 219, 106]}}, {"key": {"text": "Age", "bbox": [76, 113, 102, 122]}, "value": {"text": "19", "bbox": [106, 113, 120, 120]}}, {"key": {"text": "DOB", "bbox": [76, 127, 104, 134]}, "value": {"text": "07/15/2004", "bbox": [108, 127, 171, 135]}}]}