{"filename": "6415974217_06-09-1988-ABDOMENPELVIS-29078_237_000000-PJN-15958_1-19.dcm", "annotation": [{"key": {"text": "Institution Name", "bbox": [279, 396, 378, 404]}, "value": {"text": "Maynard-Clarke Medical Clinic", "bbox": [382, 410, 471, 418]}}, {"key": {"text": "Study Date", "bbox": [279, 424, 346, 434]}, "value": {"text": "1988 Jun 09", "bbox": [350, 425, 417, 434]}}, {"key": {"text": "Patient ID", "bbox": [279, 438, 339, 446]}, "value": {"text": "6415974217", "bbox": [343, 439, 413, 446]}}, {"key": {"text": "Name", "bbox": [279, 453, 315, 460]}, "value": {"text": "BEASLEY ANDREW", "bbox": [319, 453, 422, 460]}}, {"key": {"text": "Age", "bbox": [279, 467, 305, 476]}, "value": {"text": "51", "bbox": [309, 467, 323, 474]}}, {"key": {"text": "DOB", "bbox": [279, 481, 307, 488]}, "value": {"text": "05/03/1937", "bbox": [311, 481, 374, 489]}}]}