{"filename": "6415974217_06-09-1988-ABDOMENPELVIS-29078_237_000000-PJN-15958_1-13.dcm", "annotation": [{"key": {"text": "Institution Name", "bbox": [278, 429, 377, 437]}, "value": {"text": "Maynard-Clarke Medical Clinic", "bbox": [381, 443, 470, 451]}}, {"key": {"text": "Study Date", "bbox": [278, 457, 345, 467]}, "value": {"text": "2023 Nov 23", "bbox": [349, 458, 420, 465]}}, {"key": {"text": "Patient ID", "bbox": [278, 471, 338, 479]}, "value": {"text": "6415974217", "bbox": [342, 472, 412, 479]}}, {"key": {"text": "Name", "bbox": [278, 486, 314, 493]}, "value": {"text": "Cornelia Um", "bbox": [318, 485, 387, 493]}}, {"key": {"text": "Age", "bbox": [278, 500, 304, 509]}, "value": {"text": "52", "bbox": [308, 500, 322, 507]}}]}