{"filename": "6415974217_06-09-1988-ABDOMENPELVIS-29078_237_000000-PJN-15958_1-09.dcm", "annotation": [{"key": {"text": "Institution Name", "bbox": [82, 425, 181, 433]}, "value": {"text": "Maynard-Clarke Medical Clinic", "bbox": [185, 425, 355, 435]}}, {"key": {"text": "Study Date", "bbox": [82, 439, 149, 449]}, "value": {"text": "2023 Mar 18", "bbox": [153, 440, 223, 447]}}, {"key": {"text": "Patient ID", "bbox": [82, 453, 142, 461]}, "value": {"text": "6415974217", "bbox": [146, 454, 216, 461]}}, {"key": {"text": "Name", "bbox": [82, 468, 118, 475]}, "value": {"text": "Nga Oneal", "bbox": [122, 467, 180, 477]}}, {"key": {"text": "Age", "bbox": [82, 482, 108, 491]}, "value": {"text": "80", "bbox": [112, 482, 126, 489]}}, {"key": {"text": "DOB", "bbox": [82, 496, 110, 503]}, "value": {"text": "03/13/1943", "bbox": [114, 496, 177, 504]}}]}