{"filename": "6415974217_06-09-1988-ABDOMENPELVIS-29078_237_000000-PJN-15958_1-11.dcm", "annotation": [{"key": {"text": "Institution Name", "bbox": [280, 64, 379, 72]}, "value": {"text": "Maynard-Clarke Medical Clinic", "bbox": [383, 78, 472, 86]}}, {"key": {"text": "Study Date", "bbox": [280, 92, 347, 102]}, "value": {"text": "2023 Sep 22", "bbox": [351, 93, 421, 102]}}, {"key": {"text": "Patient ID", "bbox": [280, 106, 340, 114]}, "value": {"text": "6415974217", "bbox": [344, 107, 414, 114]}}, {"key": {"text": "Name", "bbox": [280, 121, 316, 128]}, "value": {"text": "Vincenzo Lepage", "bbox": [320, 120, 415, 130]}}, {"key": {"text": "Age", "bbox": [280, 135, 306, 144]}, "value": {"text": "77", "bbox": [310, 135, 324, 142]}}, {"key": {"text": "DOB", "bbox": [280, 149, 308, 156]}, "value": {"text": "05/08/1946", "bbox": [312, 149, 375, 157]}}]}