{"filename": "6415974217_06-09-1988-ABDOMENPELVIS-29078_237_000000-PJN-15958_1-05.dcm", "annotation": [{"key": {"text": "Institution Name", "bbox": [69, 78, 168, 86]}, "value": {"text": "Maynard-Clarke Medical Clinic", "bbox": [172, 78, 342, 88]}}, {"key": {"text": "Study Date", "bbox": [69, 92, 136, 102]}, "value": {"text": "2023 Aug 09", "bbox": [140, 93, 211, 102]}}, {"key": {"text": "Patient ID", "bbox": [69, 106, 129, 114]}, "value": {"text": "6415974217", "bbox": [133, 107, 203, 114]}}, {"key": {"text": "Name", "bbox": [69, 121, 105, 128]}, "value": {"text": "DANAE MAINE", "bbox": [109, 121, 188, 128]}}, {"key": {"text": "Age", "bbox": [69, 135, 95, 144]}, "value": {"text": "47", "bbox": [99, 135, 113, 142]}}, {"key": {"text": "DOB", "bbox": [69, 149, 97, 156]}, "value": {"text": "10/29/1975", "bbox": [101, 149, 164, 157]}}]}