{"filename": "6415974217_06-09-1988-ABDOMENPELVIS-29078_237_000000-PJN-15958_1-15.dcm", "annotation": [{"key": {"text": "Institution Name", "bbox": [62, 427, 161, 435]}, "value": {"text": "Maynard-Clarke Medical Clinic", "bbox": [165, 427, 335, 437]}}, {"key": {"text": "Study Date", "bbox": [62, 441, 129, 451]}, "value": {"text": "1988 Jun 09", "bbox": [133, 442, 200, 451]}}, {"key": {"text": "Patient ID", "bbox": [62, 455, 122, 463]}, "value": {"text": "6415974217", "bbox": [126, 456, 196, 463]}}, {"key": {"text": "Name", "bbox": [62, 470, 98, 477]}, "value": {"text": "BEASLEY ANDREW", "bbox": [102, 470, 205, 477]}}, {"key": {"text": "Age", "bbox": [62, 484, 88, 493]}, "value": {"text": "51", "bbox": [92, 484, 106, 491]}}, {"key": {"text": "DOB", "bbox": [62, 498, 90, 505]}, "value": {"text": "05/03/1937", "bbox": [94, 498, 157, 506]}}]}