{"filename": "6415974217_06-09-1988-ABDOMENPELVIS-29078_237_000000-PJN-15958_1-08.dcm", "annotation": [{"key": {"text": "Institution Name", "bbox": [98, 425, 197, 433]}, "value": {"text": "Maynard-Clarke Medical Clinic", "bbox": [201, 425, 371, 435]}}, {"key": {"text": "Study Date", "bbox": [98, 439, 165, 449]}, "value": {"text": "2023 Aug 30", "bbox": [169, 440, 240, 449]}}, {"key": {"text": "Patient ID", "bbox": [98, 453, 158, 461]}, "value": {"text": "6415974217", "bbox": [162, 454, 232, 461]}}, {"key": {"text": "Name", "bbox": [98, 468, 134, 475]}, "value": {"text": "Shara Flaig", "bbox": [138, 467, 202, 477]}}, {"key": {"text": "Age", "bbox": [98, 482, 124, 491]}, "value": {"text": "18", "bbox": [128, 482, 142, 489]}}, {"key": {"text": "DOB", "bbox": [98, 496, 126, 503]}, "value": {"text": "09/27/2004", "bbox": [130, 496, 193, 504]}}]}