{"filename": "6415974217_06-09-1988-ABDOMENPELVIS-29078_237_000000-PJN-15958_1-10.dcm", "annotation": [{"key": {"text": "Institution Name", "bbox": [82, 420, 181, 428]}, "value": {"text": "Maynard-Clarke Medical Clinic", "bbox": [185, 420, 355, 430]}}, {"key": {"text": "Study Date", "bbox": [82, 434, 149, 444]}, "value": {"text": "2023 Nov 01", "bbox": [153, 435, 224, 442]}}, {"key": {"text": "Patient ID", "bbox": [82, 448, 142, 456]}, "value": {"text": "6415974217", "bbox": [146, 449, 216, 456]}}, {"key": {"text": "Name", "bbox": [82, 463, 118, 470]}, "value": {"text": "Lannie Pyron", "bbox": [122, 462, 196, 472]}}, {"key": {"text": "Age", "bbox": [82, 477, 108, 486]}, "value": {"text": "54", "bbox": [112, 477, 126, 484]}}, {"key": {"text": "DOB", "bbox": [82, 491, 110, 498]}, "value": {"text": "06/27/1969", "bbox": [114, 491, 177, 499]}}]}