{"filename": "6415974217_06-09-1988-ABDOMENPELVIS-29078_237_000000-PJN-15958_1-16.dcm", "annotation": [{"key": {"text": "Institution Name", "bbox": [293, 33, 392, 41]}, "value": {"text": "Maynard-Clarke Medical Clinic", "bbox": [396, 47, 485, 55]}}, {"key": {"text": "Study Date", "bbox": [293, 61, 360, 71]}, "value": {"text": "2023 Dec 13", "bbox": [364, 62, 434, 69]}}, {"key": {"text": "Patient ID", "bbox": [293, 75, 353, 83]}, "value": {"text": "6415974217", "bbox": [357, 76, 427, 83]}}, {"key": {"text": "Name", "bbox": [293, 90, 329, 97]}, "value": {"text": "MARAGARET ALLDAY", "bbox": [333, 90, 450, 97]}}, {"key": {"text": "Age", "bbox": [293, 104, 319, 113]}, "value": {"text": "81", "bbox": [323, 104, 337, 111]}}, {"key": {"text": "DOB", "bbox": [293, 118, 321, 125]}, "value": {"text": "03/25/1942", "bbox": [325, 118, 388, 126]}}]}