{"filename": "6415974217_06-09-1988-ABDOMENPELVIS-29078_237_000000-PJN-15958_1-12.dcm", "annotation": [{"key": {"text": "Institution Name", "bbox": [259, 392, 358, 400]}, "value": {"text": "Maynard-Clarke Medical Clinic", "bbox": [362, 406, 498, 414]}}, {"key": {"text": "Study Date", "bbox": [259, 420, 326, 430]}, "value": {"text": "2023 Aug 22", "bbox": [330, 421, 401, 430]}}, {"key": {"text": "Patient ID", "bbox": [259, 434, 319, 442]}, "value": {"text": "6415974217", "bbox": [323, 435, 393, 442]}}, {"key": {"text": "Name", "bbox": [259, 449, 295, 456]}, "value": {"text": "Annemarie Caggiano", "bbox": [299, 448, 416, 458]}}, {"key": {"text": "Age", "bbox": [259, 463, 285, 472]}, "value": {"text": "61", "bbox": [289, 463, 303, 470]}}, {"key": {"text": "DOB", "bbox": [259, 477, 287, 484]}, "value": {"text": "05/31/1962", "bbox": [291, 477, 354, 485]}}]}