{"filename": "6415974217_06-09-1988-ABDOMENPELVIS-29078_237_000000-PJN-15958_1-02.dcm", "annotation": [{"key": {"text": "Institution Name", "bbox": [278, 49, 377, 57]}, "value": {"text": "Maynard-Clarke Medical Clinic", "bbox": [381, 63, 470, 71]}}, {"key": {"text": "Study Date", "bbox": [278, 77, 345, 87]}, "value": {"text": "2023 May 23", "bbox": [349, 78, 421, 87]}}, {"key": {"text": "Patient ID", "bbox": [278, 91, 338, 99]}, "value": {"text": "6415974217", "bbox": [342, 92, 412, 99]}}, {"key": {"text": "Name", "bbox": [278, 106, 314, 113]}, "value": {"text": "Babette Eads", "bbox": [318, 105, 393, 113]}}, {"key": {"text": "Age", "bbox": [278, 120, 304, 129]}, "value": {"text": "38", "bbox": [308, 120, 322, 127]}}, {"key": {"text": "DOB", "bbox": [278, 134, 306, 141]}, "value": {"text": "12/10/1984", "bbox": [310, 134, 373, 142]}}]}