{"filename": "6415974217_06-09-1988-ABDOMENPELVIS-29078_237_000000-PJN-15958_1-17.dcm", "annotation": [{"key": {"text": "Institution Name", "bbox": [77, 68, 176, 76]}, "value": {"text": "Maynard-Clarke Medical Clinic", "bbox": [180, 68, 350, 78]}}, {"key": {"text": "Study Date", "bbox": [77, 82, 144, 92]}, "value": {"text": "2023 Oct 19", "bbox": [148, 83, 216, 90]}}, {"key": {"text": "Patient ID", "bbox": [77, 96, 137, 104]}, "value": {"text": "6415974217", "bbox": [141, 97, 211, 104]}}, {"key": {"text": "Name", "bbox": [77, 111, 113, 118]}, "value": {"text": "Seema Hellgren", "bbox": [117, 110, 206, 120]}}, {"key": {"text": "Age", "bbox": [77, 125, 103, 134]}, "value": {"text": "16", "bbox": [107, 125, 121, 132]}}, {"key": {"text": "DOB", "bbox": [77, 139, 105, 146]}, "value": {"text": "03/15/2007", "bbox": [109, 139, 172, 147]}}]}