{"filename": "6415974217_06-09-1988-ABDOMENPELVIS-29078_237_000000-PJN-15958_1-04.dcm", "annotation": [{"key": {"text": "Institution Name", "bbox": [273, 46, 372, 54]}, "value": {"text": "Maynard-Clarke Medical Clinic", "bbox": [376, 60, 512, 68]}}, {"key": {"text": "Study Date", "bbox": [273, 74, 340, 84]}, "value": {"text": "2023 Feb 08", "bbox": [344, 74, 413, 82]}}, {"key": {"text": "Patient ID", "bbox": [273, 88, 333, 96]}, "value": {"text": "6415974217", "bbox": [337, 89, 407, 96]}}, {"key": {"text": "Name", "bbox": [273, 103, 309, 110]}, "value": {"text": "CARLEY SOMDAH", "bbox": [313, 103, 410, 110]}}, {"key": {"text": "Age", "bbox": [273, 117, 299, 126]}, "value": {"text": "76", "bbox": [303, 117, 317, 124]}}, {"key": {"text": "DOB", "bbox": [273, 131, 301, 138]}, "value": {"text": "12/26/1946", "bbox": [305, 131, 368, 139]}}]}