{"filename": "6670427471_05-26-2000-FORFILE_CT_ABD_ANDOR_PEL_-_CD-25398_5_000000-NEPHRO__4_0__B40f__M0_4-18678_1-030.dcm", "annotation": [{"key": {"text": "Study Date"}, "value": {"text": "2023 Nov 28", "bbox": [98, 65, 169, 72]}}, {"key": {"text": "Name"}, "value": {"text": "Sheri Maurey", "bbox": [173, 64, 249, 74]}}, {"key": {"text": "Patient Sex"}, "value": {"text": "M", "bbox": [253, 65, 263, 72]}}, {"key": {"text": "DOB", "bbox": [98, 79, 126, 86]}, "value": {"text": "09/24/1966", "bbox": [130, 79, 193, 87]}}]}