{"filename": "6670427471_05-26-2000-FORFILE_CT_ABD_ANDOR_PEL_-_CD-25398_5_000000-NEPHRO__4_0__B40f__M0_4-18678_1-043.dcm", "annotation": [{"key": {"text": "Institution Name", "bbox": [97, 43, 196, 51]}, "value": {"text": "Coleman-Cooper Community Clinic", "bbox": [200, 43, 395, 53]}}, {"key": {"text": "Study Date", "bbox": [97, 57, 164, 67]}, "value": {"text": "2023 Oct 19", "bbox": [168, 58, 236, 65]}}, {"key": {"text": "Patient ID", "bbox": [97, 71, 157, 79]}, "value": {"text": "6670427471", "bbox": [161, 72, 231, 79]}}, {"key": {"text": "Name", "bbox": [97, 86, 133, 93]}, "value": {"text": "Olimpia Stabile", "bbox": [137, 85, 223, 95]}}, {"key": {"text": "Age", "bbox": [97, 100, 123, 109]}, "value": {"text": "37", "bbox": [127, 100, 141, 107]}}, {"key": {"text": "DOB", "bbox": [97, 114, 125, 121]}, "value": {"text": "11/12/1985", "bbox": [129, 114, 192, 122]}}]}