{"filename": "6670427471_05-26-2000-FORFILE_CT_ABD_ANDOR_PEL_-_CD-25398_5_000000-NEPHRO__4_0__B40f__M0_4-18678_1-052.dcm", "annotation": [{"key": {"text": "Institution Name", "bbox": [66, 42, 165, 50]}, "value": {"text": "Coleman-Cooper Community Clinic", "bbox": [169, 42, 364, 52]}}, {"key": {"text": "Study Date", "bbox": [66, 56, 133, 66]}, "value": {"text": "2023 Nov 21", "bbox": [137, 57, 208, 64]}}, {"key": {"text": "Patient ID", "bbox": [66, 70, 126, 78]}, "value": {"text": "6670427471", "bbox": [130, 71, 200, 78]}}, {"key": {"text": "Name", "bbox": [66, 85, 102, 92]}, "value": {"text": "Sibyl Munce", "bbox": [106, 84, 174, 94]}}, {"key": {"text": "Age", "bbox": [66, 99, 92, 108]}, "value": {"text": "22", "bbox": [96, 99, 110, 106]}}, {"key": {"text": "DOB", "bbox": [66, 113, 94, 120]}, "value": {"text": "01/11/2001", "bbox": [98, 113, 161, 121]}}]}