{"filename": "6670427471_05-26-2000-FORFILE_CT_ABD_ANDOR_PEL_-_CD-25398_5_000000-NEPHRO__4_0__B40f__M0_4-18678_1-005.dcm", "annotation": [{"key": {"text": "Institution Name", "bbox": [67, 70, 166, 78]}, "value": {"text": "Coleman-Cooper Community Clinic", "bbox": [170, 70, 365, 80]}}, {"key": {"text": "Study Date", "bbox": [67, 84, 134, 94]}, "value": {"text": "2023 Apr 16", "bbox": [138, 85, 207, 94]}}, {"key": {"text": "Patient ID", "bbox": [67, 98, 127, 106]}, "value": {"text": "6670427471", "bbox": [131, 99, 201, 106]}}, {"key": {"text": "Name", "bbox": [67, 113, 103, 120]}, "value": {"text": "Lenora Kinker", "bbox": [107, 112, 186, 120]}}, {"key": {"text": "Age", "bbox": [67, 127, 93, 136]}, "value": {"text": "51", "bbox": [97, 127, 111, 134]}}, {"key": {"text": "DOB", "bbox": [67, 141, 95, 148]}, "value": {"text": "09/07/1971", "bbox": [99, 141, 162, 149]}}]}