{"filename": "6670427471_05-26-2000-FORFILE_CT_ABD_ANDOR_PEL_-_CD-25398_5_000000-NEPHRO__4_0__B40f__M0_4-18678_1-070.dcm", "annotation": [{"key": {"text": "Study Date"}, "value": {"text": "2023 Oct 16", "bbox": [84, 387, 152, 394]}}, {"key": {"text": "Name"}, "value": {"text": "VANIA ANSARA", "bbox": [156, 387, 241, 394]}}, {"key": {"text": "Patient Sex"}, "value": {"text": "M", "bbox": [245, 387, 255, 394]}}, {"key": {"text": "DOB", "bbox": [84, 401, 112, 408]}, "value": {"text": "01/29/1991", "bbox": [116, 401, 179, 409]}}]}