{"filename": "6670427471_05-26-2000-FORFILE_CT_ABD_ANDOR_PEL_-_CD-25398_5_000000-NEPHRO__4_0__B40f__M0_4-18678_1-082.dcm", "annotation": [{"key": {"text": "Institution Name", "bbox": [90, 400, 189, 408]}, "value": {"text": "Coleman-Cooper Community Clinic", "bbox": [193, 400, 388, 410]}}, {"key": {"text": "Study Date", "bbox": [90, 414, 157, 424]}, "value": {"text": "2023 Aug 19", "bbox": [161, 415, 232, 424]}}, {"key": {"text": "Patient ID", "bbox": [90, 428, 150, 436]}, "value": {"text": "6670427471", "bbox": [154, 429, 224, 436]}}, {"key": {"text": "Name", "bbox": [90, 443, 126, 450]}, "value": {"text": "NICKY CATANZARITE", "bbox": [130, 443, 245, 450]}}, {"key": {"text": "Age", "bbox": [90, 457, 116, 466]}, "value": {"text": "43", "bbox": [120, 457, 134, 464]}}, {"key": {"text": "DOB", "bbox": [90, 471, 118, 478]}, "value": {"text": "11/08/1979", "bbox": [122, 471, 185, 479]}}]}