{"filename": "6670427471_05-26-2000-FORFILE_CT_ABD_ANDOR_PEL_-_CD-25398_5_000000-NEPHRO__4_0__B40f__M0_4-18678_1-083.dcm", "annotation": [{"key": {"text": "Institution Name", "bbox": [70, 30, 169, 38]}, "value": {"text": "Coleman-Cooper Community Clinic", "bbox": [173, 30, 368, 40]}}, {"key": {"text": "Study Date", "bbox": [70, 44, 137, 54]}, "value": {"text": "2023 Jan 07", "bbox": [141, 45, 207, 54]}}, {"key": {"text": "Patient ID", "bbox": [70, 58, 130, 66]}, "value": {"text": "6670427471", "bbox": [134, 59, 204, 66]}}, {"key": {"text": "Name", "bbox": [70, 73, 106, 80]}, "value": {"text": "ZOILA VILLAFRANCA", "bbox": [110, 73, 225, 80]}}, {"key": {"text": "Age", "bbox": [70, 87, 96, 96]}, "value": {"text": "80", "bbox": [100, 87, 114, 94]}}, {"key": {"text": "DOB", "bbox": [70, 101, 98, 108]}, "value": {"text": "11/06/1942", "bbox": [102, 101, 165, 109]}}]}