{"filename": "6670427471_05-26-2000-FORFILE_CT_ABD_ANDOR_PEL_-_CD-25398_5_000000-NEPHRO__4_0__B40f__M0_4-18678_1-091.dcm", "annotation": [{"key": {"text": "Institution Name", "bbox": [70, 410, 169, 418]}, "value": {"text": "Coleman-Cooper Community Clinic", "bbox": [173, 410, 368, 420]}}, {"key": {"text": "Study Date", "bbox": [70, 424, 137, 434]}, "value": {"text": "2023 Aug 25", "bbox": [141, 425, 212, 434]}}, {"key": {"text": "Patient ID", "bbox": [70, 438, 130, 446]}, "value": {"text": "6670427471", "bbox": [134, 439, 204, 446]}}, {"key": {"text": "Name", "bbox": [70, 453, 106, 460]}, "value": {"text": "Calvin Hledik", "bbox": [110, 452, 184, 460]}}, {"key": {"text": "Age", "bbox": [70, 467, 96, 476]}, "value": {"text": "76", "bbox": [100, 467, 114, 474]}}, {"key": {"text": "DOB", "bbox": [70, 481, 98, 488]}, "value": {"text": "09/08/1946", "bbox": [102, 481, 165, 489]}}]}