{"filename": "6670427471_05-26-2000-FORFILE_CT_ABD_ANDOR_PEL_-_CD-25398_5_000000-NEPHRO__4_0__B40f__M0_4-18678_1-077.dcm", "annotation": [{"key": {"text": "Institution Name", "bbox": [301, 28, 400, 36]}, "value": {"text": "Coleman-Cooper Community Clinic", "bbox": [404, 42, 502, 52]}}, {"key": {"text": "Study Date", "bbox": [301, 56, 368, 66]}, "value": {"text": "2023 Jul 16", "bbox": [372, 56, 435, 66]}}, {"key": {"text": "Patient ID", "bbox": [301, 70, 361, 78]}, "value": {"text": "6670427471", "bbox": [365, 71, 435, 78]}}, {"key": {"text": "Name", "bbox": [301, 85, 337, 92]}, "value": {"text": "FLORENCIA VANNOTE", "bbox": [341, 85, 461, 92]}}, {"key": {"text": "Age", "bbox": [301, 99, 327, 108]}, "value": {"text": "64", "bbox": [331, 99, 345, 106]}}, {"key": {"text": "DOB", "bbox": [301, 113, 329, 120]}, "value": {"text": "11/22/1958", "bbox": [333, 113, 396, 121]}}]}