{"filename": "6670427471_05-26-2000-FORFILE_CT_ABD_ANDOR_PEL_-_CD-25398_5_000000-NEPHRO__4_0__B40f__M0_4-18678_1-071.dcm", "annotation": [{"key": {"text": "Institution Name", "bbox": [90, 68, 189, 76]}, "value": {"text": "Coleman-Cooper Community Clinic", "bbox": [193, 68, 388, 78]}}, {"key": {"text": "Study Date", "bbox": [90, 82, 157, 92]}, "value": {"text": "2023 Mar 01", "bbox": [161, 83, 231, 90]}}, {"key": {"text": "Patient ID", "bbox": [90, 96, 150, 104]}, "value": {"text": "6670427471", "bbox": [154, 97, 224, 104]}}, {"key": {"text": "Name", "bbox": [90, 111, 126, 118]}, "value": {"text": "Dominique Wellmann", "bbox": [130, 110, 250, 120]}}, {"key": {"text": "Age", "bbox": [90, 125, 116, 134]}, "value": {"text": "23", "bbox": [120, 125, 134, 132]}}, {"key": {"text": "DOB", "bbox": [90, 139, 118, 146]}, "value": {"text": "10/28/1999", "bbox": [122, 139, 185, 147]}}]}