{"filename": "6670427471_05-26-2000-FORFILE_CT_ABD_ANDOR_PEL_-_CD-25398_5_000000-NEPHRO__4_0__B40f__M0_4-18678_1-089.dcm", "annotation": [{"key": {"text": "Institution Name", "bbox": [55, 394, 154, 402]}, "value": {"text": "Coleman-Cooper Community Clinic", "bbox": [158, 394, 353, 404]}}, {"key": {"text": "Study Date", "bbox": [55, 408, 122, 418]}, "value": {"text": "2023 Feb 15", "bbox": [126, 408, 195, 416]}}, {"key": {"text": "Patient ID", "bbox": [55, 422, 115, 430]}, "value": {"text": "6670427471", "bbox": [119, 423, 189, 430]}}, {"key": {"text": "Name", "bbox": [55, 437, 91, 444]}, "value": {"text": "KATERINE RAMBIN", "bbox": [95, 437, 199, 444]}}, {"key": {"text": "Age", "bbox": [55, 451, 81, 460]}, "value": {"text": "51", "bbox": [85, 451, 99, 458]}}, {"key": {"text": "DOB", "bbox": [55, 465, 83, 472]}, "value": {"text": "01/30/1972", "bbox": [87, 465, 150, 473]}}]}