{"filename": "6670427471_05-26-2000-FORFILE_CT_ABD_ANDOR_PEL_-_CD-25398_5_000000-NEPHRO__4_0__B40f__M0_4-18678_1-065.dcm", "annotation": [{"key": {"text": "Study Date"}, "value": {"text": "2023 Oct 23", "bbox": [274, 71, 342, 78]}}, {"key": {"text": "Name"}, "value": {"text": "Miguel Difrancisco", "bbox": [346, 70, 450, 80]}}, {"key": {"text": "Patient Sex"}, "value": {"text": "M", "bbox": [454, 71, 464, 78]}}, {"key": {"text": "DOB", "bbox": [274, 85, 302, 92]}, "value": {"text": "07/05/1952", "bbox": [306, 85, 369, 93]}}]}