{"filename": "6670427471_05-26-2000-FORFILE_CT_ABD_ANDOR_PEL_-_CD-25398_5_000000-NEPHRO__4_0__B40f__M0_4-18678_1-095.dcm", "annotation": [{"key": {"text": "Institution Name", "bbox": [56, 39, 155, 47]}, "value": {"text": "Coleman-Cooper Community Clinic", "bbox": [159, 39, 354, 49]}}, {"key": {"text": "Study Date", "bbox": [56, 53, 123, 63]}, "value": {"text": "2023 Jul 17", "bbox": [127, 53, 190, 63]}}, {"key": {"text": "Patient ID", "bbox": [56, 67, 116, 75]}, "value": {"text": "6670427471", "bbox": [120, 68, 190, 75]}}, {"key": {"text": "Name", "bbox": [56, 82, 92, 89]}, "value": {"text": "ESTEFANA TASKER", "bbox": [96, 82, 200, 89]}}, {"key": {"text": "Age", "bbox": [56, 96, 82, 105]}, "value": {"text": "66", "bbox": [86, 96, 100, 103]}}, {"key": {"text": "DOB", "bbox": [56, 110, 84, 117]}, "value": {"text": "06/16/1957", "bbox": [88, 110, 151, 118]}}]}