{"filename": "6670427471_05-26-2000-FORFILE_CT_ABD_ANDOR_PEL_-_CD-25398_5_000000-NEPHRO__4_0__B40f__M0_4-18678_1-038.dcm", "annotation": [{"key": {"text": "Institution Name", "bbox": [64, 45, 163, 53]}, "value": {"text": "Coleman-Cooper Community Clinic", "bbox": [167, 45, 362, 55]}}, {"key": {"text": "Study Date", "bbox": [64, 59, 131, 69]}, "value": {"text": "2023 Sep 12", "bbox": [135, 60, 205, 69]}}, {"key": {"text": "Patient ID", "bbox": [64, 73, 124, 81]}, "value": {"text": "6670427471", "bbox": [128, 74, 198, 81]}}, {"key": {"text": "Name", "bbox": [64, 88, 100, 95]}, "value": {"text": "ABBIE ZRIMSEK", "bbox": [104, 88, 193, 95]}}, {"key": {"text": "Age", "bbox": [64, 102, 90, 111]}, "value": {"text": "43", "bbox": [94, 102, 108, 109]}}, {"key": {"text": "DOB", "bbox": [64, 116, 92, 123]}, "value": {"text": "07/07/1980", "bbox": [96, 116, 159, 124]}}]}