{"filename": "6670427471_05-26-2000-FORFILE_CT_ABD_ANDOR_PEL_-_CD-25398_5_000000-NEPHRO__4_0__B40f__M0_4-18678_1-099.dcm", "annotation": [{"key": {"text": "Study Date"}, "value": {"text": "2023 Dec 30", "bbox": [95, 406, 165, 413]}}, {"key": {"text": "Name"}, "value": {"text": "ARMANDO SMOAK", "bbox": [169, 406, 273, 413]}}, {"key": {"text": "Patient Sex"}, "value": {"text": "M", "bbox": [277, 406, 287, 413]}}, {"key": {"text": "DOB", "bbox": [95, 420, 123, 427]}, "value": {"text": "04/09/1991", "bbox": [127, 420, 190, 428]}}]}