{"filename": "6670427471_05-26-2000-FORFILE_CT_ABD_ANDOR_PEL_-_CD-25398_5_000000-NEPHRO__4_0__B40f__M0_4-18678_1-107.dcm", "annotation": [{"key": {"text": "Institution Name", "bbox": [298, 70, 397, 78]}, "value": {"text": "Coleman-Cooper Community Clinic", "bbox": [401, 84, 499, 94]}}, {"key": {"text": "Study Date", "bbox": [298, 98, 365, 108]}, "value": {"text": "2023 Feb 25", "bbox": [369, 98, 438, 106]}}, {"key": {"text": "Patient ID", "bbox": [298, 112, 358, 120]}, "value": {"text": "6670427471", "bbox": [362, 113, 432, 120]}}, {"key": {"text": "Name", "bbox": [298, 127, 334, 134]}, "value": {"text": "CARRIE SIFONTES", "bbox": [338, 127, 438, 134]}}, {"key": {"text": "Age", "bbox": [298, 141, 324, 150]}, "value": {"text": "15", "bbox": [328, 141, 342, 148]}}, {"key": {"text": "DOB", "bbox": [298, 155, 326, 162]}, "value": {"text": "10/28/2007", "bbox": [330, 155, 393, 163]}}]}