{"filename": "6670427471_05-26-2000-FORFILE_CT_ABD_ANDOR_PEL_-_CD-25398_5_000000-NEPHRO__4_0__B40f__M0_4-18678_1-064.dcm", "annotation": [{"key": {"text": "Institution Name", "bbox": [85, 38, 184, 46]}, "value": {"text": "Coleman-Cooper Community Clinic", "bbox": [188, 38, 383, 48]}}, {"key": {"text": "Study Date", "bbox": [85, 52, 152, 62]}, "value": {"text": "2023 Feb 16", "bbox": [156, 52, 225, 60]}}, {"key": {"text": "Patient ID", "bbox": [85, 66, 145, 74]}, "value": {"text": "6670427471", "bbox": [149, 67, 219, 74]}}, {"key": {"text": "Name", "bbox": [85, 81, 121, 88]}, "value": {"text": "HOUSTON ATCHER", "bbox": [125, 81, 229, 88]}}, {"key": {"text": "Age", "bbox": [85, 95, 111, 104]}, "value": {"text": "43", "bbox": [115, 95, 129, 102]}}, {"key": {"text": "DOB", "bbox": [85, 109, 113, 116]}, "value": {"text": "06/26/1979", "bbox": [117, 109, 180, 117]}}]}