{"filename": "6670427471_05-26-2000-FORFILE_CT_ABD_ANDOR_PEL_-_CD-25398_5_000000-NEPHRO__4_0__B40f__M0_4-18678_1-032.dcm", "annotation": [{"key": {"text": "Study Date"}, "value": {"text": "2023 Dec 08", "bbox": [299, 72, 369, 79]}}, {"key": {"text": "Name"}, "value": {"text": "DONA BINGAMAN", "bbox": [373, 72, 471, 79]}}, {"key": {"text": "Patient Sex"}, "value": {"text": "M", "bbox": [475, 72, 485, 79]}}, {"key": {"text": "DOB", "bbox": [299, 86, 327, 93]}, "value": {"text": "03/24/1946", "bbox": [331, 86, 394, 94]}}]}