{"filename": "6670427471_05-26-2000-FORFILE_CT_ABD_ANDOR_PEL_-_CD-25398_5_000000-NEPHRO__4_0__B40f__M0_4-18678_1-107.dcm", "annotation": [{"key": {"text": "Study Date"}, "value": {"text": "2000 May 26", "bbox": [53, 65, 125, 74]}}, {"key": {"text": "Name"}, "value": {"text": "RIVERA MICHAEL", "bbox": [129, 65, 225, 72]}}, {"key": {"text": "Patient Sex"}, "value": {"text": "M", "bbox": [229, 65, 239, 72]}}, {"key": {"text": "DOB", "bbox": [53, 79, 81, 86]}, "value": {"text": "03/31/1924", "bbox": [85, 79, 148, 87]}}]}