{"filename": "6670427471_05-26-2000-FORFILE_CT_ABD_ANDOR_PEL_-_CD-25398_5_000000-NEPHRO__4_0__B40f__M0_4-18678_1-046.dcm", "annotation": [{"key": {"text": "Institution Name", "bbox": [75, 52, 174, 60]}, "value": {"text": "Coleman-Cooper Community Clinic", "bbox": [178, 52, 373, 62]}}, {"key": {"text": "Study Date", "bbox": [75, 66, 142, 76]}, "value": {"text": "2023 Jun 22", "bbox": [146, 67, 213, 76]}}, {"key": {"text": "Patient ID", "bbox": [75, 80, 135, 88]}, "value": {"text": "6670427471", "bbox": [139, 81, 209, 88]}}, {"key": {"text": "Name", "bbox": [75, 95, 111, 102]}, "value": {"text": "DAVIS ZEBLEY", "bbox": [115, 95, 195, 102]}}, {"key": {"text": "Age", "bbox": [75, 109, 101, 118]}, "value": {"text": "28", "bbox": [105, 109, 119, 116]}}, {"key": {"text": "DOB", "bbox": [75, 123, 103, 130]}, "value": {"text": "07/17/1994", "bbox": [107, 123, 170, 131]}}]}