{"filename": "6670427471_05-26-2000-FORFILE_CT_ABD_ANDOR_PEL_-_CD-25398_5_000000-NEPHRO__4_0__B40f__M0_4-18678_1-050.dcm", "annotation": [{"key": {"text": "Institution Name", "bbox": [101, 47, 200, 55]}, "value": {"text": "Coleman-Cooper Community Clinic", "bbox": [204, 47, 399, 57]}}, {"key": {"text": "Study Date", "bbox": [101, 61, 168, 71]}, "value": {"text": "2023 Jul 20", "bbox": [172, 61, 235, 71]}}, {"key": {"text": "Patient ID", "bbox": [101, 75, 161, 83]}, "value": {"text": "6670427471", "bbox": [165, 76, 235, 83]}}, {"key": {"text": "Name", "bbox": [101, 90, 137, 97]}, "value": {"text": "SHERIE FAIELLA", "bbox": [141, 90, 230, 97]}}, {"key": {"text": "Age", "bbox": [101, 104, 127, 113]}, "value": {"text": "55", "bbox": [131, 104, 145, 111]}}, {"key": {"text": "DOB", "bbox": [101, 118, 129, 125]}, "value": {"text": "04/24/1968", "bbox": [133, 118, 196, 126]}}]}