{"filename": "6670427471_05-26-2000-FORFILE_CT_ABD_ANDOR_PEL_-_CD-25398_5_000000-NEPHRO__4_0__B40f__M0_4-18678_1-031.dcm", "annotation": [{"key": {"text": "Institution Name", "bbox": [101, 417, 200, 425]}, "value": {"text": "Coleman-Cooper Community Clinic", "bbox": [204, 417, 399, 427]}}, {"key": {"text": "Study Date", "bbox": [101, 431, 168, 441]}, "value": {"text": "2023 Oct 23", "bbox": [172, 432, 240, 439]}}, {"key": {"text": "Patient ID", "bbox": [101, 445, 161, 453]}, "value": {"text": "6670427471", "bbox": [165, 446, 235, 453]}}, {"key": {"text": "Name", "bbox": [101, 460, 137, 467]}, "value": {"text": "ALIZA AMPARO", "bbox": [141, 460, 225, 467]}}, {"key": {"text": "Age", "bbox": [101, 474, 127, 483]}, "value": {"text": "59", "bbox": [131, 474, 145, 481]}}, {"key": {"text": "DOB", "bbox": [101, 488, 129, 495]}, "value": {"text": "02/22/1964", "bbox": [133, 488, 196, 496]}}]}