{"filename": "6670427471_05-26-2000-FORFILE_CT_ABD_ANDOR_PEL_-_CD-25398_5_000000-NEPHRO__4_0__B40f__M0_4-18678_1-054.dcm", "annotation": [{"key": {"text": "Institution Name", "bbox": [84, 46, 183, 54]}, "value": {"text": "Coleman-Cooper Community Clinic", "bbox": [187, 46, 382, 56]}}, {"key": {"text": "Study Date", "bbox": [84, 60, 151, 70]}, "value": {"text": "2023 Jun 10", "bbox": [155, 61, 222, 70]}}, {"key": {"text": "Patient ID", "bbox": [84, 74, 144, 82]}, "value": {"text": "6670427471", "bbox": [148, 75, 218, 82]}}, {"key": {"text": "Name", "bbox": [84, 89, 120, 96]}, "value": {"text": "MARIEL GRIFFIS", "bbox": [124, 89, 214, 96]}}, {"key": {"text": "Age", "bbox": [84, 103, 110, 112]}, "value": {"text": "70", "bbox": [114, 103, 128, 110]}}, {"key": {"text": "DOB", "bbox": [84, 117, 112, 124]}, "value": {"text": "10/13/1952", "bbox": [116, 117, 179, 125]}}]}