{"filename": "6670427471_05-26-2000-FORFILE_CT_ABD_ANDOR_PEL_-_CD-25398_5_000000-NEPHRO__4_0__B40f__M0_4-18678_1-012.dcm", "annotation": [{"key": {"text": "Study Date"}, "value": {"text": "2023 Feb 23", "bbox": [296, 428, 365, 436]}}, {"key": {"text": "Name"}, "value": {"text": "LIDA WORMACK", "bbox": [369, 429, 460, 436]}}, {"key": {"text": "Patient Sex"}, "value": {"text": "F", "bbox": [464, 429, 471, 436]}}, {"key": {"text": "DOB", "bbox": [296, 443, 324, 450]}, "value": {"text": "05/31/1952", "bbox": [328, 443, 391, 451]}}]}