{"filename": "6670427471_05-26-2000-FORFILE_CT_ABD_ANDOR_PEL_-_CD-25398_5_000000-NEPHRO__4_0__B40f__M0_4-18678_1-034.dcm", "annotation": [{"key": {"text": "Institution Name", "bbox": [94, 28, 193, 36]}, "value": {"text": "Coleman-Cooper Community Clinic", "bbox": [197, 28, 392, 38]}}, {"key": {"text": "Study Date", "bbox": [94, 42, 161, 52]}, "value": {"text": "2023 Dec 17", "bbox": [165, 43, 235, 50]}}, {"key": {"text": "Patient ID", "bbox": [94, 56, 154, 64]}, "value": {"text": "6670427471", "bbox": [158, 57, 228, 64]}}, {"key": {"text": "Name", "bbox": [94, 71, 130, 78]}, "value": {"text": "Leilani Ortaga", "bbox": [134, 70, 214, 80]}}, {"key": {"text": "Age", "bbox": [94, 85, 120, 94]}, "value": {"text": "29", "bbox": [124, 85, 138, 92]}}, {"key": {"text": "DOB", "bbox": [94, 99, 122, 106]}, "value": {"text": "03/12/1994", "bbox": [126, 99, 189, 107]}}]}