{"filename": "6670427471_05-26-2000-FORFILE_CT_ABD_ANDOR_PEL_-_CD-25398_5_000000-NEPHRO__4_0__B40f__M0_4-18678_1-056.dcm", "annotation": [{"key": {"text": "Institution Name", "bbox": [54, 67, 153, 75]}, "value": {"text": "Coleman-Cooper Community Clinic", "bbox": [157, 67, 352, 77]}}, {"key": {"text": "Study Date", "bbox": [54, 81, 121, 91]}, "value": {"text": "2023 Dec 17", "bbox": [125, 82, 195, 89]}}, {"key": {"text": "Patient ID", "bbox": [54, 95, 114, 103]}, "value": {"text": "6670427471", "bbox": [118, 96, 188, 103]}}, {"key": {"text": "Name", "bbox": [54, 110, 90, 117]}, "value": {"text": "Necole Mundt", "bbox": [94, 109, 172, 117]}}, {"key": {"text": "Age", "bbox": [54, 124, 80, 133]}, "value": {"text": "19", "bbox": [84, 124, 98, 131]}}, {"key": {"text": "DOB", "bbox": [54, 138, 82, 145]}, "value": {"text": "05/20/2004", "bbox": [86, 138, 149, 146]}}]}