{"filename": "6670427471_05-26-2000-FORFILE_CT_ABD_ANDOR_PEL_-_CD-25398_5_000000-NEPHRO__4_0__B40f__M0_4-18678_1-086.dcm", "annotation": [{"key": {"text": "Study Date"}, "value": {"text": "2023 Nov 04", "bbox": [71, 62, 142, 69]}}, {"key": {"text": "Name"}, "value": {"text": "Chuck Limmel", "bbox": [146, 61, 225, 69]}}, {"key": {"text": "Patient Sex"}, "value": {"text": "F", "bbox": [229, 62, 236, 69]}}, {"key": {"text": "DOB", "bbox": [71, 76, 99, 83]}, "value": {"text": "05/07/1978", "bbox": [103, 76, 166, 84]}}]}