{"filename": "6670427471_05-26-2000-FORFILE_CT_ABD_ANDOR_PEL_-_CD-25398_5_000000-NEPHRO__4_0__B40f__M0_4-18678_1-087.dcm", "annotation": [{"key": {"text": "Institution Name", "bbox": [64, 408, 163, 416]}, "value": {"text": "Coleman-Cooper Community Clinic", "bbox": [167, 408, 362, 418]}}, {"key": {"text": "Study Date", "bbox": [64, 422, 131, 432]}, "value": {"text": "2023 Sep 15", "bbox": [135, 423, 205, 432]}}, {"key": {"text": "Patient ID", "bbox": [64, 436, 124, 444]}, "value": {"text": "6670427471", "bbox": [128, 437, 198, 444]}}, {"key": {"text": "Name", "bbox": [64, 451, 100, 458]}, "value": {"text": "Louetta Stachnik", "bbox": [104, 450, 200, 458]}}, {"key": {"text": "Age", "bbox": [64, 465, 90, 474]}, "value": {"text": "29", "bbox": [94, 465, 108, 472]}}, {"key": {"text": "DOB", "bbox": [64, 479, 92, 486]}, "value": {"text": "07/22/1994", "bbox": [96, 479, 159, 487]}}]}