{"filename": "6670427471_05-26-2000-FORFILE_CT_ABD_ANDOR_PEL_-_CD-25398_5_000000-NEPHRO__4_0__B40f__M0_4-18678_1-081.dcm", "annotation": [{"key": {"text": "Institution Name", "bbox": [95, 421, 194, 429]}, "value": {"text": "Coleman-Cooper Community Clinic", "bbox": [198, 421, 393, 431]}}, {"key": {"text": "Study Date", "bbox": [95, 435, 162, 445]}, "value": {"text": "2023 Nov 26", "bbox": [166, 436, 237, 443]}}, {"key": {"text": "Patient ID", "bbox": [95, 449, 155, 457]}, "value": {"text": "6670427471", "bbox": [159, 450, 229, 457]}}, {"key": {"text": "Name", "bbox": [95, 464, 131, 471]}, "value": {"text": "LYNNETTE WASHURN", "bbox": [135, 464, 253, 471]}}, {"key": {"text": "Age", "bbox": [95, 478, 121, 487]}, "value": {"text": "77", "bbox": [125, 478, 139, 485]}}, {"key": {"text": "DOB", "bbox": [95, 492, 123, 499]}, "value": {"text": "10/17/1946", "bbox": [127, 492, 190, 500]}}]}