{"filename": "6670427471_05-26-2000-FORFILE_CT_ABD_ANDOR_PEL_-_CD-25398_5_000000-NEPHRO__4_0__B40f__M0_4-18678_1-009.dcm", "annotation": [{"key": {"text": "Institution Name", "bbox": [58, 31, 157, 39]}, "value": {"text": "Coleman-Cooper Community Clinic", "bbox": [161, 31, 356, 41]}}, {"key": {"text": "Study Date", "bbox": [58, 45, 125, 55]}, "value": {"text": "2023 May 08", "bbox": [129, 46, 201, 55]}}, {"key": {"text": "Patient ID", "bbox": [58, 59, 118, 67]}, "value": {"text": "6670427471", "bbox": [122, 60, 192, 67]}}, {"key": {"text": "Name", "bbox": [58, 74, 94, 81]}, "value": {"text": "GERDA PANDER", "bbox": [98, 74, 186, 81]}}, {"key": {"text": "Age", "bbox": [58, 88, 84, 97]}, "value": {"text": "32", "bbox": [88, 88, 102, 95]}}, {"key": {"text": "DOB", "bbox": [58, 102, 86, 109]}, "value": {"text": "04/01/1991", "bbox": [90, 102, 153, 110]}}]}