{"filename": "6670427471_05-26-2000-FORFILE_CT_ABD_ANDOR_PEL_-_CD-25398_5_000000-NEPHRO__4_0__B40f__M0_4-18678_1-095.dcm", "annotation": [{"key": {"text": "Study Date"}, "value": {"text": "2000 May 26", "bbox": [283, 68, 355, 77]}}, {"key": {"text": "Name"}, "value": {"text": "RIVERA MICHAEL", "bbox": [359, 68, 455, 75]}}, {"key": {"text": "Patient Sex"}, "value": {"text": "M", "bbox": [459, 68, 469, 75]}}, {"key": {"text": "DOB", "bbox": [283, 82, 311, 89]}, "value": {"text": "03/31/1924", "bbox": [315, 82, 378, 90]}}]}