{"filename": "6670427471_05-26-2000-FORFILE_CT_ABD_ANDOR_PEL_-_CD-25398_5_000000-NEPHRO__4_0__B40f__M0_4-18678_1-094.dcm", "annotation": [{"key": {"text": "Institution Name", "bbox": [256, 43, 355, 51]}, "value": {"text": "Coleman-Cooper Community Clinic", "bbox": [359, 57, 457, 67]}}, {"key": {"text": "Study Date", "bbox": [256, 71, 323, 81]}, "value": {"text": "2023 Jan 05", "bbox": [327, 72, 393, 81]}}, {"key": {"text": "Patient ID", "bbox": [256, 85, 316, 93]}, "value": {"text": "6670427471", "bbox": [320, 86, 390, 93]}}, {"key": {"text": "Name", "bbox": [256, 100, 292, 107]}, "value": {"text": "Valeria Manuel", "bbox": [296, 99, 380, 107]}}, {"key": {"text": "Age", "bbox": [256, 114, 282, 123]}, "value": {"text": "21", "bbox": [286, 114, 300, 121]}}, {"key": {"text": "DOB", "bbox": [256, 128, 284, 135]}, "value": {"text": "07/27/2001", "bbox": [288, 128, 351, 136]}}]}