{"filename": "6670427471_05-26-2000-FORFILE_CT_ABD_ANDOR_PEL_-_CD-25398_5_000000-NEPHRO__4_0__B40f__M0_4-18678_1-102.dcm", "annotation": [{"key": {"text": "Institution Name", "bbox": [77, 414, 176, 422]}, "value": {"text": "Coleman-Cooper Community Clinic", "bbox": [180, 414, 375, 424]}}, {"key": {"text": "Study Date", "bbox": [77, 428, 144, 438]}, "value": {"text": "2023 May 04", "bbox": [148, 429, 220, 438]}}, {"key": {"text": "Patient ID", "bbox": [77, 442, 137, 450]}, "value": {"text": "6670427471", "bbox": [141, 443, 211, 450]}}, {"key": {"text": "Name", "bbox": [77, 457, 113, 464]}, "value": {"text": "MIYOKO PAGADUAN", "bbox": [117, 457, 228, 464]}}, {"key": {"text": "Age", "bbox": [77, 471, 103, 480]}, "value": {"text": "17", "bbox": [107, 471, 121, 478]}}, {"key": {"text": "DOB", "bbox": [77, 485, 105, 492]}, "value": {"text": "07/30/2005", "bbox": [109, 485, 172, 493]}}]}