{"filename": "6670427471_05-26-2000-FORFILE_CT_ABD_ANDOR_PEL_-_CD-25398_5_000000-NEPHRO__4_0__B40f__M0_4-18678_1-073.dcm", "annotation": [{"key": {"text": "Institution Name", "bbox": [85, 77, 184, 85]}, "value": {"text": "Coleman-Cooper Community Clinic", "bbox": [188, 77, 383, 87]}}, {"key": {"text": "Study Date", "bbox": [85, 91, 152, 101]}, "value": {"text": "2023 Apr 10", "bbox": [156, 92, 225, 101]}}, {"key": {"text": "Patient ID", "bbox": [85, 105, 145, 113]}, "value": {"text": "6670427471", "bbox": [149, 106, 219, 113]}}, {"key": {"text": "Name", "bbox": [85, 120, 121, 127]}, "value": {"text": "Zofia Maine", "bbox": [125, 119, 191, 127]}}, {"key": {"text": "Age", "bbox": [85, 134, 111, 143]}, "value": {"text": "47", "bbox": [115, 134, 129, 141]}}, {"key": {"text": "DOB", "bbox": [85, 148, 113, 155]}, "value": {"text": "06/17/1975", "bbox": [117, 148, 180, 156]}}]}