{"filename": "6670427471_05-26-2000-FORFILE_CT_ABD_ANDOR_PEL_-_CD-25398_5_000000-NEPHRO__4_0__B40f__M0_4-18678_1-084.dcm", "annotation": [{"key": {"text": "Institution Name", "bbox": [93, 400, 192, 408]}, "value": {"text": "Coleman-Cooper Community Clinic", "bbox": [196, 400, 391, 410]}}, {"key": {"text": "Study Date", "bbox": [93, 414, 160, 424]}, "value": {"text": "2023 Jul 18", "bbox": [164, 414, 227, 424]}}, {"key": {"text": "Patient ID", "bbox": [93, 428, 153, 436]}, "value": {"text": "6670427471", "bbox": [157, 429, 227, 436]}}, {"key": {"text": "Name", "bbox": [93, 443, 129, 450]}, "value": {"text": "SARITA GAHAN", "bbox": [133, 443, 217, 450]}}, {"key": {"text": "Age", "bbox": [93, 457, 119, 466]}, "value": {"text": "82", "bbox": [123, 457, 137, 464]}}, {"key": {"text": "DOB", "bbox": [93, 471, 121, 478]}, "value": {"text": "12/07/1940", "bbox": [125, 471, 188, 479]}}]}