{"filename": "6670427471_05-26-2000-FORFILE_CT_ABD_ANDOR_PEL_-_CD-25398_5_000000-NEPHRO__4_0__B40f__M0_4-18678_1-068.dcm", "annotation": [{"key": {"text": "Institution Name", "bbox": [79, 54, 178, 62]}, "value": {"text": "Coleman-Cooper Community Clinic", "bbox": [182, 54, 377, 64]}}, {"key": {"text": "Study Date", "bbox": [79, 68, 146, 78]}, "value": {"text": "2023 May 04", "bbox": [150, 69, 222, 78]}}, {"key": {"text": "Patient ID", "bbox": [79, 82, 139, 90]}, "value": {"text": "6670427471", "bbox": [143, 83, 213, 90]}}, {"key": {"text": "Name", "bbox": [79, 97, 115, 104]}, "value": {"text": "Caroline Neisius", "bbox": [119, 96, 210, 104]}}, {"key": {"text": "Age", "bbox": [79, 111, 105, 120]}, "value": {"text": "50", "bbox": [109, 111, 123, 118]}}, {"key": {"text": "DOB", "bbox": [79, 125, 107, 132]}, "value": {"text": "09/26/1972", "bbox": [111, 125, 174, 133]}}]}