{"filename": "6670427471_05-26-2000-FORFILE_CT_ABD_ANDOR_PEL_-_CD-25398_5_000000-NEPHRO__4_0__B40f__M0_4-18678_1-010.dcm", "annotation": [{"key": {"text": "Institution Name", "bbox": [102, 409, 201, 417]}, "value": {"text": "Coleman-Cooper Community Clinic", "bbox": [205, 409, 400, 419]}}, {"key": {"text": "Study Date", "bbox": [102, 423, 169, 433]}, "value": {"text": "2023 Sep 27", "bbox": [173, 424, 243, 433]}}, {"key": {"text": "Patient ID", "bbox": [102, 437, 162, 445]}, "value": {"text": "6670427471", "bbox": [166, 438, 236, 445]}}, {"key": {"text": "Name", "bbox": [102, 452, 138, 459]}, "value": {"text": "Jerome Egure", "bbox": [141, 452, 218, 461]}}, {"key": {"text": "Age", "bbox": [102, 466, 128, 475]}, "value": {"text": "40", "bbox": [132, 466, 146, 473]}}, {"key": {"text": "DOB", "bbox": [102, 480, 130, 487]}, "value": {"text": "06/15/1983", "bbox": [134, 480, 197, 488]}}]}