{"filename": "6670427471_05-26-2000-FORFILE_CT_ABD_ANDOR_PEL_-_CD-25398_5_000000-NEPHRO__4_0__B40f__M0_4-18678_1-103.dcm", "annotation": [{"key": {"text": "Institution Name", "bbox": [269, 40, 368, 48]}, "value": {"text": "Coleman-Cooper Community Clinic", "bbox": [372, 54, 470, 64]}}, {"key": {"text": "Study Date", "bbox": [269, 68, 336, 78]}, "value": {"text": "2023 Jun 22", "bbox": [340, 69, 407, 78]}}, {"key": {"text": "Patient ID", "bbox": [269, 82, 329, 90]}, "value": {"text": "6670427471", "bbox": [333, 83, 403, 90]}}, {"key": {"text": "Name", "bbox": [269, 97, 305, 104]}, "value": {"text": "TONY TERESKA", "bbox": [309, 97, 395, 104]}}, {"key": {"text": "Age", "bbox": [269, 111, 295, 120]}, "value": {"text": "58", "bbox": [299, 111, 313, 118]}}, {"key": {"text": "DOB", "bbox": [269, 125, 297, 132]}, "value": {"text": "02/27/1965", "bbox": [301, 125, 364, 133]}}]}