{"filename": "6670427471_05-26-2000-FORFILE_CT_ABD_ANDOR_PEL_-_CD-25398_5_000000-NEPHRO__4_0__B40f__M0_4-18678_1-026.dcm", "annotation": [{"key": {"text": "Institution Name", "bbox": [81, 68, 180, 76]}, "value": {"text": "Coleman-Cooper Community Clinic", "bbox": [184, 68, 379, 78]}}, {"key": {"text": "Study Date", "bbox": [81, 82, 148, 92]}, "value": {"text": "2023 Sep 24", "bbox": [152, 83, 222, 92]}}, {"key": {"text": "Patient ID", "bbox": [81, 96, 141, 104]}, "value": {"text": "6670427471", "bbox": [145, 97, 215, 104]}}, {"key": {"text": "Name", "bbox": [81, 111, 117, 118]}, "value": {"text": "SHAWNTA LEROUX", "bbox": [121, 111, 226, 118]}}, {"key": {"text": "Age", "bbox": [81, 125, 107, 134]}, "value": {"text": "46", "bbox": [111, 125, 125, 132]}}, {"key": {"text": "DOB", "bbox": [81, 139, 109, 146]}, "value": {"text": "01/15/1977", "bbox": [113, 139, 176, 147]}}]}