{"filename": "6670427471_05-26-2000-FORFILE_CT_ABD_ANDOR_PEL_-_CD-25398_5_000000-NEPHRO__4_0__B40f__M0_4-18678_1-028.dcm", "annotation": [{"key": {"text": "Institution Name", "bbox": [93, 40, 192, 48]}, "value": {"text": "Coleman-Cooper Community Clinic", "bbox": [196, 40, 391, 50]}}, {"key": {"text": "Study Date", "bbox": [93, 54, 160, 64]}, "value": {"text": "2023 Oct 19", "bbox": [164, 55, 232, 62]}}, {"key": {"text": "Patient ID", "bbox": [93, 68, 153, 76]}, "value": {"text": "6670427471", "bbox": [157, 69, 227, 76]}}, {"key": {"text": "Name", "bbox": [93, 83, 129, 90]}, "value": {"text": "Jerry Luneau", "bbox": [132, 83, 205, 92]}}, {"key": {"text": "Age", "bbox": [93, 97, 119, 106]}, "value": {"text": "41", "bbox": [123, 97, 137, 104]}}, {"key": {"text": "DOB", "bbox": [93, 111, 121, 118]}, "value": {"text": "07/23/1982", "bbox": [125, 111, 188, 119]}}]}