{"filename": "6670427471_05-26-2000-FORFILE_CT_ABD_ANDOR_PEL_-_CD-25398_5_000000-NEPHRO__4_0__B40f__M0_4-18678_1-106.dcm", "annotation": [{"key": {"text": "Study Date"}, "value": {"text": "2023 Dec 03", "bbox": [291, 64, 361, 71]}}, {"key": {"text": "Name"}, "value": {"text": "Vanda Patzer", "bbox": [365, 63, 440, 71]}}, {"key": {"text": "Patient Sex"}, "value": {"text": "F", "bbox": [444, 64, 451, 71]}}, {"key": {"text": "DOB", "bbox": [291, 78, 319, 85]}, "value": {"text": "12/05/1983", "bbox": [323, 78, 386, 86]}}]}