{"filename": "6670427471_05-26-2000-FORFILE_CT_ABD_ANDOR_PEL_-_CD-25398_5_000000-NEPHRO__4_0__B40f__M0_4-18678_1-051.dcm", "annotation": [{"key": {"text": "Study Date"}, "value": {"text": "2023 Oct 06", "bbox": [266, 404, 334, 411]}}, {"key": {"text": "Name"}, "value": {"text": "JACQULYN STAACK", "bbox": [337, 404, 442, 413]}}, {"key": {"text": "Patient Sex"}, "value": {"text": "M", "bbox": [446, 404, 456, 411]}}, {"key": {"text": "DOB", "bbox": [266, 418, 294, 425]}, "value": {"text": "09/28/1967", "bbox": [298, 418, 361, 426]}}]}