{"filename": "6670427471_05-26-2000-FORFILE_CT_ABD_ANDOR_PEL_-_CD-25398_5_000000-NEPHRO__4_0__B40f__M0_4-18678_1-072.dcm", "annotation": [{"key": {"text": "Study Date"}, "value": {"text": "2023 Sep 08", "bbox": [55, 423, 125, 432]}}, {"key": {"text": "Name"}, "value": {"text": "Meta Buel", "bbox": [129, 422, 186, 430]}}, {"key": {"text": "Patient Sex"}, "value": {"text": "F", "bbox": [190, 423, 197, 430]}}, {"key": {"text": "DOB", "bbox": [55, 437, 83, 444]}, "value": {"text": "05/04/1987", "bbox": [87, 437, 150, 445]}}]}