{"filename": "6670427471_05-26-2000-FORFILE_CT_ABD_ANDOR_PEL_-_CD-25398_5_000000-NEPHRO__4_0__B40f__M0_4-18678_1-096.dcm", "annotation": [{"key": {"text": "Institution Name", "bbox": [99, 55, 198, 63]}, "value": {"text": "Coleman-Cooper Community Clinic", "bbox": [202, 55, 397, 65]}}, {"key": {"text": "Study Date", "bbox": [99, 69, 166, 79]}, "value": {"text": "2023 Nov 14", "bbox": [170, 70, 241, 77]}}, {"key": {"text": "Patient ID", "bbox": [99, 83, 159, 91]}, "value": {"text": "6670427471", "bbox": [163, 84, 233, 91]}}, {"key": {"text": "Name", "bbox": [99, 98, 135, 105]}, "value": {"text": "MARYLYNN WEDEKIND", "bbox": [139, 98, 264, 105]}}, {"key": {"text": "Age", "bbox": [99, 112, 125, 121]}, "value": {"text": "38", "bbox": [129, 112, 143, 119]}}, {"key": {"text": "DOB", "bbox": [99, 126, 127, 133]}, "value": {"text": "10/04/1985", "bbox": [131, 126, 194, 134]}}]}