{"filename": "6670427471_05-26-2000-FORFILE_CT_ABD_ANDOR_PEL_-_CD-25398_5_000000-NEPHRO__4_0__B40f__M0_4-18678_1-080.dcm", "annotation": [{"key": {"text": "Institution Name", "bbox": [56, 409, 155, 417]}, "value": {"text": "Coleman-Cooper Community Clinic", "bbox": [159, 409, 354, 419]}}, {"key": {"text": "Study Date", "bbox": [56, 423, 123, 433]}, "value": {"text": "2023 Oct 20", "bbox": [127, 424, 195, 431]}}, {"key": {"text": "Patient ID", "bbox": [56, 437, 116, 445]}, "value": {"text": "6670427471", "bbox": [120, 438, 190, 445]}}, {"key": {"text": "Name", "bbox": [56, 452, 92, 459]}, "value": {"text": "Trisha Mckelvie", "bbox": [96, 451, 183, 459]}}, {"key": {"text": "Age", "bbox": [56, 466, 82, 475]}, "value": {"text": "82", "bbox": [86, 466, 100, 473]}}, {"key": {"text": "DOB", "bbox": [56, 480, 84, 487]}, "value": {"text": "04/05/1941", "bbox": [88, 480, 151, 488]}}]}