{"filename": "6670427471_05-26-2000-FORFILE_CT_ABD_ANDOR_PEL_-_CD-25398_5_000000-NEPHRO__4_0__B40f__M0_4-18678_1-044.dcm", "annotation": [{"key": {"text": "Institution Name", "bbox": [82, 47, 181, 55]}, "value": {"text": "Coleman-Cooper Community Clinic", "bbox": [185, 47, 380, 57]}}, {"key": {"text": "Study Date", "bbox": [82, 61, 149, 71]}, "value": {"text": "2023 Oct 10", "bbox": [153, 62, 221, 69]}}, {"key": {"text": "Patient ID", "bbox": [82, 75, 142, 83]}, "value": {"text": "6670427471", "bbox": [146, 76, 216, 83]}}, {"key": {"text": "Name", "bbox": [82, 90, 118, 97]}, "value": {"text": "Ivana Horton", "bbox": [122, 90, 195, 97]}}, {"key": {"text": "Age", "bbox": [82, 104, 108, 113]}, "value": {"text": "52", "bbox": [112, 104, 126, 111]}}, {"key": {"text": "DOB", "bbox": [82, 118, 110, 125]}, "value": {"text": "06/03/1971", "bbox": [114, 118, 177, 126]}}]}