{"filename": "6670427471_05-26-2000-FORFILE_CT_ABD_ANDOR_PEL_-_CD-25398_5_000000-NEPHRO__4_0__B40f__M0_4-18678_1-105.dcm", "annotation": [{"key": {"text": "Institution Name", "bbox": [97, 35, 196, 43]}, "value": {"text": "Coleman-Cooper Community Clinic", "bbox": [200, 35, 395, 45]}}, {"key": {"text": "Study Date", "bbox": [97, 49, 164, 59]}, "value": {"text": "2023 Mar 12", "bbox": [168, 50, 238, 57]}}, {"key": {"text": "Patient ID", "bbox": [97, 63, 157, 71]}, "value": {"text": "6670427471", "bbox": [161, 64, 231, 71]}}, {"key": {"text": "Name", "bbox": [97, 78, 133, 85]}, "value": {"text": "Marianne Mordini", "bbox": [137, 77, 236, 85]}}, {"key": {"text": "Age", "bbox": [97, 92, 123, 101]}, "value": {"text": "31", "bbox": [127, 92, 141, 99]}}, {"key": {"text": "DOB", "bbox": [97, 106, 125, 113]}, "value": {"text": "10/04/1991", "bbox": [129, 106, 192, 114]}}]}