{"filename": "6670427471_05-26-2000-FORFILE_CT_ABD_ANDOR_PEL_-_CD-25398_5_000000-NEPHRO__4_0__B40f__M0_4-18678_1-069.dcm", "annotation": [{"key": {"text": "Institution Name", "bbox": [82, 66, 181, 74]}, "value": {"text": "Coleman-Cooper Community Clinic", "bbox": [185, 66, 380, 76]}}, {"key": {"text": "Study Date", "bbox": [82, 80, 149, 90]}, "value": {"text": "2023 Apr 13", "bbox": [153, 81, 222, 90]}}, {"key": {"text": "Patient ID", "bbox": [82, 94, 142, 102]}, "value": {"text": "6670427471", "bbox": [146, 95, 216, 102]}}, {"key": {"text": "Name", "bbox": [82, 109, 118, 116]}, "value": {"text": "Clora Yeomans", "bbox": [122, 108, 205, 116]}}, {"key": {"text": "Age", "bbox": [82, 123, 108, 132]}, "value": {"text": "22", "bbox": [112, 123, 126, 130]}}, {"key": {"text": "DOB", "bbox": [82, 137, 110, 144]}, "value": {"text": "08/04/2000", "bbox": [114, 137, 177, 145]}}]}