{"filename": "6670427471_05-26-2000-FORFILE_CT_ABD_ANDOR_PEL_-_CD-25398_5_000000-NEPHRO__4_0__B40f__M0_4-18678_1-022.dcm", "annotation": [{"key": {"text": "Institution Name", "bbox": [76, 77, 175, 85]}, "value": {"text": "Coleman-Cooper Community Clinic", "bbox": [179, 77, 374, 87]}}, {"key": {"text": "Study Date", "bbox": [76, 91, 143, 101]}, "value": {"text": "2023 Nov 20", "bbox": [147, 92, 218, 99]}}, {"key": {"text": "Patient ID", "bbox": [76, 105, 136, 113]}, "value": {"text": "6670427471", "bbox": [140, 106, 210, 113]}}, {"key": {"text": "Name", "bbox": [76, 120, 112, 127]}, "value": {"text": "MILAN COZZY", "bbox": [116, 120, 194, 127]}}, {"key": {"text": "Age", "bbox": [76, 134, 102, 143]}, "value": {"text": "68", "bbox": [106, 134, 120, 141]}}, {"key": {"text": "DOB", "bbox": [76, 148, 104, 155]}, "value": {"text": "04/10/1955", "bbox": [108, 148, 171, 156]}}]}