{"filename": "6670427471_05-26-2000-FORFILE_CT_ABD_ANDOR_PEL_-_CD-25398_5_000000-NEPHRO__4_0__B40f__M0_4-18678_1-037.dcm", "annotation": [{"key": {"text": "Institution Name", "bbox": [62, 410, 161, 418]}, "value": {"text": "Coleman-Cooper Community Clinic", "bbox": [165, 410, 360, 420]}}, {"key": {"text": "Study Date", "bbox": [62, 424, 129, 434]}, "value": {"text": "2023 Apr 13", "bbox": [133, 425, 202, 434]}}, {"key": {"text": "Patient ID", "bbox": [62, 438, 122, 446]}, "value": {"text": "6670427471", "bbox": [126, 439, 196, 446]}}, {"key": {"text": "Name", "bbox": [62, 453, 98, 460]}, "value": {"text": "AGNUS DELAHOYA", "bbox": [102, 453, 205, 460]}}, {"key": {"text": "Age", "bbox": [62, 467, 88, 476]}, "value": {"text": "68", "bbox": [92, 467, 106, 474]}}, {"key": {"text": "DOB", "bbox": [62, 481, 90, 488]}, "value": {"text": "01/10/1955", "bbox": [94, 481, 157, 489]}}]}