{"filename": "6670427471_05-26-2000-FORFILE_CT_ABD_ANDOR_PEL_-_CD-25398_5_000000-NEPHRO__4_0__B40f__M0_4-18678_1-105.dcm", "annotation": [{"key": {"text": "Institution Name", "bbox": [80, 51, 179, 59]}, "value": {"text": "Coleman-Cooper Community Clinic", "bbox": [183, 51, 378, 61]}}, {"key": {"text": "Study Date", "bbox": [80, 65, 147, 75]}, "value": {"text": "2000 May 26", "bbox": [151, 66, 223, 75]}}, {"key": {"text": "Patient ID", "bbox": [80, 79, 140, 87]}, "value": {"text": "6670427471", "bbox": [144, 80, 214, 87]}}, {"key": {"text": "Name", "bbox": [80, 94, 116, 101]}, "value": {"text": "RIVERA MICHAEL", "bbox": [120, 94, 216, 101]}}, {"key": {"text": "Age", "bbox": [80, 108, 106, 117]}, "value": {"text": "76", "bbox": [110, 108, 124, 115]}}, {"key": {"text": "DOB", "bbox": [80, 122, 108, 129]}, "value": {"text": "03/31/1924", "bbox": [112, 122, 175, 130]}}]}