{"filename": "6670427471_05-26-2000-FORFILE_CT_ABD_ANDOR_PEL_-_CD-25398_5_000000-NEPHRO__4_0__B40f__M0_4-18678_1-059.dcm", "annotation": [{"key": {"text": "Study Date"}, "value": {"text": "2023 Feb 20", "bbox": [293, 434, 362, 442]}}, {"key": {"text": "Name"}, "value": {"text": "TIFFINY KENDI", "bbox": [366, 435, 448, 442]}}, {"key": {"text": "Patient Sex"}, "value": {"text": "F", "bbox": [452, 435, 459, 442]}}, {"key": {"text": "DOB", "bbox": [293, 449, 321, 456]}, "value": {"text": "02/17/1946", "bbox": [325, 449, 388, 457]}}]}