{"filename": "6670427471_05-26-2000-FORFILE_CT_ABD_ANDOR_PEL_-_CD-25398_5_000000-NEPHRO__4_0__B40f__M0_4-18678_1-060.dcm", "annotation": [{"key": {"text": "Institution Name", "bbox": [97, 64, 196, 72]}, "value": {"text": "Coleman-Cooper Community Clinic", "bbox": [200, 64, 395, 74]}}, {"key": {"text": "Study Date", "bbox": [97, 78, 164, 88]}, "value": {"text": "2023 May 28", "bbox": [168, 79, 240, 88]}}, {"key": {"text": "Patient ID", "bbox": [97, 92, 157, 100]}, "value": {"text": "6670427471", "bbox": [161, 93, 231, 100]}}, {"key": {"text": "Name", "bbox": [97, 107, 133, 114]}, "value": {"text": "Majorie Toups", "bbox": [137, 106, 215, 116]}}, {"key": {"text": "Age", "bbox": [97, 121, 123, 130]}, "value": {"text": "40", "bbox": [127, 121, 141, 128]}}, {"key": {"text": "DOB", "bbox": [97, 135, 125, 142]}, "value": {"text": "04/23/1983", "bbox": [129, 135, 192, 143]}}]}