{"filename": "6670427471_05-26-2000-FORFILE_CT_ABD_ANDOR_PEL_-_CD-25398_5_000000-NEPHRO__4_0__B40f__M0_4-18678_1-075.dcm", "annotation": [{"key": {"text": "Institution Name", "bbox": [66, 418, 165, 426]}, "value": {"text": "Coleman-Cooper Community Clinic", "bbox": [169, 418, 364, 428]}}, {"key": {"text": "Study Date", "bbox": [66, 432, 133, 442]}, "value": {"text": "2023 Nov 04", "bbox": [137, 433, 208, 440]}}, {"key": {"text": "Patient ID", "bbox": [66, 446, 126, 454]}, "value": {"text": "6670427471", "bbox": [130, 447, 200, 454]}}, {"key": {"text": "Name", "bbox": [66, 461, 102, 468]}, "value": {"text": "EDA DOSKOCIL", "bbox": [106, 461, 190, 468]}}, {"key": {"text": "Age", "bbox": [66, 475, 92, 484]}, "value": {"text": "36", "bbox": [96, 475, 110, 482]}}, {"key": {"text": "DOB", "bbox": [66, 489, 94, 496]}, "value": {"text": "04/09/1987", "bbox": [98, 489, 161, 497]}}]}