{"filename": "6670427471_05-26-2000-FORFILE_CT_ABD_ANDOR_PEL_-_CD-25398_5_000000-NEPHRO__4_0__B40f__M0_4-18678_1-058.dcm", "annotation": [{"key": {"text": "Institution Name", "bbox": [86, 50, 185, 58]}, "value": {"text": "Coleman-Cooper Community Clinic", "bbox": [189, 50, 384, 60]}}, {"key": {"text": "Study Date", "bbox": [86, 64, 153, 74]}, "value": {"text": "2023 Aug 10", "bbox": [157, 65, 228, 74]}}, {"key": {"text": "Patient ID", "bbox": [86, 78, 146, 86]}, "value": {"text": "6670427471", "bbox": [150, 79, 220, 86]}}, {"key": {"text": "Name", "bbox": [86, 93, 122, 100]}, "value": {"text": "HARVEY HOELTER", "bbox": [126, 93, 225, 100]}}, {"key": {"text": "Age", "bbox": [86, 107, 112, 116]}, "value": {"text": "83", "bbox": [116, 107, 130, 114]}}, {"key": {"text": "DOB", "bbox": [86, 121, 114, 128]}, "value": {"text": "01/31/1940", "bbox": [118, 121, 181, 129]}}]}