{"filename": "6670427471_05-26-2000-FORFILE_CT_ABD_ANDOR_PEL_-_CD-25398_5_000000-NEPHRO__4_0__B40f__M0_4-18678_1-002.dcm", "annotation": [{"key": {"text": "Institution Name", "bbox": [58, 52, 157, 60]}, "value": {"text": "Coleman-Cooper Community Clinic", "bbox": [161, 52, 356, 62]}}, {"key": {"text": "Study Date", "bbox": [58, 66, 125, 76]}, "value": {"text": "2023 Aug 19", "bbox": [129, 67, 200, 76]}}, {"key": {"text": "Patient ID", "bbox": [58, 80, 118, 88]}, "value": {"text": "6670427471", "bbox": [122, 81, 192, 88]}}, {"key": {"text": "Name", "bbox": [58, 95, 94, 102]}, "value": {"text": "Susan Sapnu", "bbox": [98, 95, 171, 104]}}, {"key": {"text": "Age", "bbox": [58, 109, 84, 118]}, "value": {"text": "35", "bbox": [88, 109, 102, 116]}}, {"key": {"text": "DOB", "bbox": [58, 123, 86, 130]}, "value": {"text": "08/11/1988", "bbox": [90, 123, 153, 131]}}]}