{"filename": "6670427471_05-26-2000-FORFILE_CT_ABD_ANDOR_PEL_-_CD-25398_5_000000-NEPHRO__4_0__B40f__M0_4-18678_1-001.dcm", "annotation": [{"key": {"text": "Institution Name", "bbox": [102, 35, 201, 43]}, "value": {"text": "Coleman-Cooper Community Clinic", "bbox": [205, 35, 400, 45]}}, {"key": {"text": "Study Date", "bbox": [102, 49, 169, 59]}, "value": {"text": "2023 Jun 11", "bbox": [173, 50, 240, 59]}}, {"key": {"text": "Patient ID", "bbox": [102, 63, 162, 71]}, "value": {"text": "6670427471", "bbox": [166, 64, 236, 71]}}, {"key": {"text": "Name", "bbox": [102, 78, 138, 85]}, "value": {"text": "SHAUNDA POULTER", "bbox": [142, 78, 251, 85]}}, {"key": {"text": "Age", "bbox": [102, 92, 128, 101]}, "value": {"text": "21", "bbox": [132, 92, 146, 99]}}, {"key": {"text": "DOB", "bbox": [102, 106, 130, 113]}, "value": {"text": "09/15/2001", "bbox": [134, 106, 197, 114]}}]}