{"filename": "6670427471_05-26-2000-FORFILE_CT_ABD_ANDOR_PEL_-_CD-25398_5_000000-NEPHRO__4_0__B40f__M0_4-18678_1-024.dcm", "annotation": [{"key": {"text": "Study Date"}, "value": {"text": "2023 Jan 28", "bbox": [256, 67, 322, 76]}}, {"key": {"text": "Name"}, "value": {"text": "ELVA MICKLES", "bbox": [326, 67, 405, 74]}}, {"key": {"text": "Patient Sex"}, "value": {"text": "F", "bbox": [409, 67, 416, 74]}}, {"key": {"text": "DOB", "bbox": [256, 81, 284, 88]}, "value": {"text": "09/30/1992", "bbox": [288, 81, 351, 89]}}]}