{"filename": "6670427471_05-26-2000-FORFILE_CT_ABD_ANDOR_PEL_-_CD-25398_5_000000-NEPHRO__4_0__B40f__M0_4-18678_1-101.dcm", "annotation": [{"key": {"text": "Institution Name", "bbox": [89, 34, 188, 42]}, "value": {"text": "Coleman-Cooper Community Clinic", "bbox": [192, 34, 387, 44]}}, {"key": {"text": "Study Date", "bbox": [89, 48, 156, 58]}, "value": {"text": "2023 Feb 13", "bbox": [160, 48, 229, 56]}}, {"key": {"text": "Patient ID", "bbox": [89, 62, 149, 70]}, "value": {"text": "6670427471", "bbox": [153, 63, 223, 70]}}, {"key": {"text": "Name", "bbox": [89, 77, 125, 84]}, "value": {"text": "Dalene Latsko", "bbox": [129, 76, 209, 84]}}, {"key": {"text": "Age", "bbox": [89, 91, 115, 100]}, "value": {"text": "36", "bbox": [119, 91, 133, 98]}}, {"key": {"text": "DOB", "bbox": [89, 105, 117, 112]}, "value": {"text": "01/18/1987", "bbox": [121, 105, 184, 113]}}]}