{"filename": "6670427471_05-26-2000-FORFILE_CT_ABD_ANDOR_PEL_-_CD-25398_5_000000-NEPHRO__4_0__B40f__M0_4-18678_1-045.dcm", "annotation": [{"key": {"text": "Institution Name", "bbox": [78, 41, 177, 49]}, "value": {"text": "Coleman-Cooper Community Clinic", "bbox": [181, 41, 376, 51]}}, {"key": {"text": "Study Date", "bbox": [78, 55, 145, 65]}, "value": {"text": "2023 Sep 10", "bbox": [149, 56, 219, 65]}}, {"key": {"text": "Patient ID", "bbox": [78, 69, 138, 77]}, "value": {"text": "6670427471", "bbox": [142, 70, 212, 77]}}, {"key": {"text": "Name", "bbox": [78, 84, 114, 91]}, "value": {"text": "Tiffaney Keib", "bbox": [118, 83, 192, 93]}}, {"key": {"text": "Age", "bbox": [78, 98, 104, 107]}, "value": {"text": "47", "bbox": [108, 98, 122, 105]}}, {"key": {"text": "DOB", "bbox": [78, 112, 106, 119]}, "value": {"text": "02/13/1976", "bbox": [110, 112, 173, 120]}}]}