{"filename": "6670427471_05-26-2000-FORFILE_CT_ABD_ANDOR_PEL_-_CD-25398_5_000000-NEPHRO__4_0__B40f__M0_4-18678_1-035.dcm", "annotation": [{"key": {"text": "Institution Name", "bbox": [70, 46, 169, 54]}, "value": {"text": "Coleman-Cooper Community Clinic", "bbox": [173, 46, 368, 56]}}, {"key": {"text": "Study Date", "bbox": [70, 60, 137, 70]}, "value": {"text": "2023 Jan 25", "bbox": [141, 61, 207, 70]}}, {"key": {"text": "Patient ID", "bbox": [70, 74, 130, 82]}, "value": {"text": "6670427471", "bbox": [134, 75, 204, 82]}}, {"key": {"text": "Name", "bbox": [70, 89, 106, 96]}, "value": {"text": "TRACEE WAYBRIGHT", "bbox": [110, 89, 224, 96]}}, {"key": {"text": "Age", "bbox": [70, 103, 96, 112]}, "value": {"text": "55", "bbox": [100, 103, 114, 110]}}, {"key": {"text": "DOB", "bbox": [70, 117, 98, 124]}, "value": {"text": "06/10/1967", "bbox": [102, 117, 165, 125]}}]}