{"filename": "6670427471_05-26-2000-FORFILE_CT_ABD_ANDOR_PEL_-_CD-25398_5_000000-NEPHRO__4_0__B40f__M0_4-18678_1-039.dcm", "annotation": [{"key": {"text": "Institution Name", "bbox": [95, 34, 194, 42]}, "value": {"text": "Coleman-Cooper Community Clinic", "bbox": [198, 34, 393, 44]}}, {"key": {"text": "Study Date", "bbox": [95, 48, 162, 58]}, "value": {"text": "2023 Nov 03", "bbox": [166, 49, 237, 56]}}, {"key": {"text": "Patient ID", "bbox": [95, 62, 155, 70]}, "value": {"text": "6670427471", "bbox": [159, 63, 229, 70]}}, {"key": {"text": "Name", "bbox": [95, 77, 131, 84]}, "value": {"text": "Shasta Insogna", "bbox": [135, 76, 222, 86]}}, {"key": {"text": "Age", "bbox": [95, 91, 121, 100]}, "value": {"text": "21", "bbox": [125, 91, 139, 98]}}, {"key": {"text": "DOB", "bbox": [95, 105, 123, 112]}, "value": {"text": "03/29/2002", "bbox": [127, 105, 190, 113]}}]}