{"filename": "6670427471_05-26-2000-FORFILE_CT_ABD_ANDOR_PEL_-_CD-25398_5_000000-NEPHRO__4_0__B40f__M0_4-18678_1-008.dcm", "annotation": [{"key": {"text": "Institution Name", "bbox": [76, 67, 175, 75]}, "value": {"text": "Coleman-Cooper Community Clinic", "bbox": [179, 67, 374, 77]}}, {"key": {"text": "Study Date", "bbox": [76, 81, 143, 91]}, "value": {"text": "2023 Oct 09", "bbox": [147, 82, 215, 89]}}, {"key": {"text": "Patient ID", "bbox": [76, 95, 136, 103]}, "value": {"text": "6670427471", "bbox": [140, 96, 210, 103]}}, {"key": {"text": "Name", "bbox": [76, 110, 112, 117]}, "value": {"text": "Gordon Vanarsdale", "bbox": [116, 109, 224, 117]}}, {"key": {"text": "Age", "bbox": [76, 124, 102, 133]}, "value": {"text": "46", "bbox": [106, 124, 120, 131]}}, {"key": {"text": "DOB", "bbox": [76, 138, 104, 145]}, "value": {"text": "05/12/1977", "bbox": [108, 138, 171, 146]}}]}