{"filename": "6670427471_05-26-2000-FORFILE_CT_ABD_ANDOR_PEL_-_CD-25398_5_000000-NEPHRO__4_0__B40f__M0_4-18678_1-014.dcm", "annotation": [{"key": {"text": "Study Date"}, "value": {"text": "2023 Sep 24", "bbox": [65, 419, 135, 428]}}, {"key": {"text": "Name"}, "value": {"text": "Elly Iwashita", "bbox": [139, 418, 210, 428]}}, {"key": {"text": "Patient Sex"}, "value": {"text": "F", "bbox": [214, 419, 221, 426]}}, {"key": {"text": "DOB", "bbox": [65, 433, 93, 440]}, "value": {"text": "08/25/1959", "bbox": [97, 433, 160, 441]}}]}