{"filename": "6670427471_05-26-2000-FORFILE_CT_ABD_ANDOR_PEL_-_CD-25398_5_000000-NEPHRO__4_0__B40f__M0_4-18678_1-097.dcm", "annotation": [{"key": {"text": "Study Date"}, "value": {"text": "2023 Jul 07", "bbox": [256, 56, 319, 66]}}, {"key": {"text": "Name"}, "value": {"text": "AMI LILJEDAHL", "bbox": [323, 57, 406, 66]}}, {"key": {"text": "Patient Sex"}, "value": {"text": "F", "bbox": [410, 57, 417, 64]}}, {"key": {"text": "DOB", "bbox": [256, 71, 284, 78]}, "value": {"text": "09/21/2008", "bbox": [288, 71, 351, 79]}}]}