{"filename": "6670427471_05-26-2000-FORFILE_CT_ABD_ANDOR_PEL_-_CD-25398_5_000000-NEPHRO__4_0__B40f__M0_4-18678_1-098.dcm", "annotation": [{"key": {"text": "Institution Name", "bbox": [91, 33, 190, 41]}, "value": {"text": "Coleman-Cooper Community Clinic", "bbox": [194, 33, 389, 43]}}, {"key": {"text": "Study Date", "bbox": [91, 47, 158, 57]}, "value": {"text": "2000 May 26", "bbox": [162, 48, 234, 57]}}, {"key": {"text": "Patient ID", "bbox": [91, 61, 151, 69]}, "value": {"text": "6670427471", "bbox": [155, 62, 225, 69]}}, {"key": {"text": "Name", "bbox": [91, 76, 127, 83]}, "value": {"text": "RIVERA MICHAEL", "bbox": [131, 76, 227, 83]}}, {"key": {"text": "Age", "bbox": [91, 90, 117, 99]}, "value": {"text": "76", "bbox": [121, 90, 135, 97]}}, {"key": {"text": "DOB", "bbox": [91, 104, 119, 111]}, "value": {"text": "03/31/1924", "bbox": [123, 104, 186, 112]}}]}