{"filename": "6670427471_05-26-2000-FORFILE_CT_ABD_ANDOR_PEL_-_CD-25398_5_000000-NEPHRO__4_0__B40f__M0_4-18678_1-057.dcm", "annotation": [{"key": {"text": "Institution Name", "bbox": [98, 432, 197, 440]}, "value": {"text": "Coleman-Cooper Community Clinic", "bbox": [201, 432, 396, 442]}}, {"key": {"text": "Study Date", "bbox": [98, 446, 165, 456]}, "value": {"text": "2023 Dec 01", "bbox": [169, 447, 239, 454]}}, {"key": {"text": "Patient ID", "bbox": [98, 460, 158, 468]}, "value": {"text": "6670427471", "bbox": [162, 461, 232, 468]}}, {"key": {"text": "Name", "bbox": [98, 475, 134, 482]}, "value": {"text": "Windy Barick", "bbox": [138, 474, 212, 484]}}, {"key": {"text": "Age", "bbox": [98, 489, 124, 498]}, "value": {"text": "22", "bbox": [128, 489, 142, 496]}}, {"key": {"text": "DOB", "bbox": [98, 503, 126, 510]}, "value": {"text": "07/27/2001", "bbox": [130, 503, 193, 511]}}]}