{"filename": "6670427471_05-26-2000-FORFILE_CT_ABD_ANDOR_PEL_-_CD-25398_5_000000-NEPHRO__4_0__B40f__M0_4-18678_1-061.dcm", "annotation": [{"key": {"text": "Institution Name", "bbox": [65, 61, 164, 69]}, "value": {"text": "Coleman-Cooper Community Clinic", "bbox": [168, 61, 363, 71]}}, {"key": {"text": "Study Date", "bbox": [65, 75, 132, 85]}, "value": {"text": "2023 Oct 08", "bbox": [136, 76, 204, 83]}}, {"key": {"text": "Patient ID", "bbox": [65, 89, 125, 97]}, "value": {"text": "6670427471", "bbox": [129, 90, 199, 97]}}, {"key": {"text": "Name", "bbox": [65, 104, 101, 111]}, "value": {"text": "SHALANDA KEYTON", "bbox": [105, 104, 216, 111]}}, {"key": {"text": "Age", "bbox": [65, 118, 91, 127]}, "value": {"text": "19", "bbox": [95, 118, 109, 125]}}, {"key": {"text": "DOB", "bbox": [65, 132, 93, 139]}, "value": {"text": "10/19/2003", "bbox": [97, 132, 160, 140]}}]}