{"filename": "6670427471_05-26-2000-FORFILE_CT_ABD_ANDOR_PEL_-_CD-25398_5_000000-NEPHRO__4_0__B40f__M0_4-18678_1-063.dcm", "annotation": [{"key": {"text": "Institution Name", "bbox": [52, 35, 151, 43]}, "value": {"text": "Coleman-Cooper Community Clinic", "bbox": [155, 35, 350, 45]}}, {"key": {"text": "Study Date", "bbox": [52, 49, 119, 59]}, "value": {"text": "2023 Mar 17", "bbox": [123, 50, 193, 57]}}, {"key": {"text": "Patient ID", "bbox": [52, 63, 112, 71]}, "value": {"text": "6670427471", "bbox": [116, 64, 186, 71]}}, {"key": {"text": "Name", "bbox": [52, 78, 88, 85]}, "value": {"text": "Trent Skillern", "bbox": [92, 77, 168, 85]}}, {"key": {"text": "Age", "bbox": [52, 92, 78, 101]}, "value": {"text": "30", "bbox": [82, 92, 96, 99]}}, {"key": {"text": "DOB", "bbox": [52, 106, 80, 113]}, "value": {"text": "07/08/1992", "bbox": [84, 106, 147, 114]}}]}