{"filename": "6670427471_05-26-2000-FORFILE_CT_ABD_ANDOR_PEL_-_CD-25398_5_000000-NEPHRO__4_0__B40f__M0_4-18678_1-092.dcm", "annotation": [{"key": {"text": "Institution Name", "bbox": [57, 59, 156, 67]}, "value": {"text": "Coleman-Cooper Community Clinic", "bbox": [160, 59, 355, 69]}}, {"key": {"text": "Study Date", "bbox": [57, 73, 124, 83]}, "value": {"text": "2023 Mar 26", "bbox": [128, 74, 198, 81]}}, {"key": {"text": "Patient ID", "bbox": [57, 87, 117, 95]}, "value": {"text": "6670427471", "bbox": [121, 88, 191, 95]}}, {"key": {"text": "Name", "bbox": [57, 102, 93, 109]}, "value": {"text": "ANNABEL LOAIZA", "bbox": [97, 102, 194, 109]}}, {"key": {"text": "Age", "bbox": [57, 116, 83, 125]}, "value": {"text": "36", "bbox": [87, 116, 101, 123]}}, {"key": {"text": "DOB", "bbox": [57, 130, 85, 137]}, "value": {"text": "04/02/1986", "bbox": [89, 130, 152, 138]}}]}