{"filename": "6670427471_05-26-2000-FORFILE_CT_ABD_ANDOR_PEL_-_CD-25398_5_000000-NEPHRO__4_0__B40f__M0_4-18678_1-062.dcm", "annotation": [{"key": {"text": "Study Date"}, "value": {"text": "2023 Nov 24", "bbox": [85, 47, 156, 54]}}, {"key": {"text": "Name"}, "value": {"text": "MARILU DEISCH", "bbox": [160, 47, 249, 54]}}, {"key": {"text": "Patient Sex"}, "value": {"text": "M", "bbox": [253, 47, 263, 54]}}, {"key": {"text": "DOB", "bbox": [85, 61, 113, 68]}, "value": {"text": "10/07/1941", "bbox": [117, 61, 180, 69]}}]}