{"filename": "6670427471_05-26-2000-FORFILE_CT_ABD_ANDOR_PEL_-_CD-25398_5_000000-NEPHRO__4_0__B40f__M0_4-18678_1-041.dcm", "annotation": [{"key": {"text": "Institution Name", "bbox": [65, 31, 164, 39]}, "value": {"text": "Coleman-Cooper Community Clinic", "bbox": [168, 31, 363, 41]}}, {"key": {"text": "Study Date", "bbox": [65, 45, 132, 55]}, "value": {"text": "2023 Sep 05", "bbox": [136, 46, 206, 55]}}, {"key": {"text": "Patient ID", "bbox": [65, 59, 125, 67]}, "value": {"text": "6670427471", "bbox": [129, 60, 199, 67]}}, {"key": {"text": "Name", "bbox": [65, 74, 101, 81]}, "value": {"text": "CHU KORZEP", "bbox": [105, 74, 177, 81]}}, {"key": {"text": "Age", "bbox": [65, 88, 91, 97]}, "value": {"text": "48", "bbox": [95, 88, 109, 95]}}, {"key": {"text": "DOB", "bbox": [65, 102, 93, 109]}, "value": {"text": "11/08/1974", "bbox": [97, 102, 160, 110]}}]}