{"filename": "6670427471_05-26-2000-FORFILE_CT_ABD_ANDOR_PEL_-_CD-25398_5_000000-NEPHRO__4_0__B40f__M0_4-18678_1-066.dcm", "annotation": [{"key": {"text": "Institution Name", "bbox": [84, 64, 183, 72]}, "value": {"text": "Coleman-Cooper Community Clinic", "bbox": [187, 64, 382, 74]}}, {"key": {"text": "Study Date", "bbox": [84, 78, 151, 88]}, "value": {"text": "2023 Jul 22", "bbox": [155, 78, 218, 88]}}, {"key": {"text": "Patient ID", "bbox": [84, 92, 144, 100]}, "value": {"text": "6670427471", "bbox": [148, 93, 218, 100]}}, {"key": {"text": "Name", "bbox": [84, 107, 120, 114]}, "value": {"text": "SCOTT LOOI", "bbox": [124, 107, 191, 114]}}, {"key": {"text": "Age", "bbox": [84, 121, 110, 130]}, "value": {"text": "68", "bbox": [114, 121, 128, 128]}}, {"key": {"text": "DOB", "bbox": [84, 135, 112, 142]}, "value": {"text": "08/05/1954", "bbox": [116, 135, 179, 143]}}]}