{"filename": "6670427471_05-26-2000-FORFILE_CT_ABD_ANDOR_PEL_-_CD-25398_5_000000-NEPHRO__4_0__B40f__M0_4-18678_1-076.dcm", "annotation": [{"key": {"text": "Institution Name", "bbox": [83, 408, 182, 416]}, "value": {"text": "Coleman-Cooper Community Clinic", "bbox": [186, 408, 381, 418]}}, {"key": {"text": "Study Date", "bbox": [83, 422, 150, 432]}, "value": {"text": "2023 Dec 03", "bbox": [154, 423, 224, 430]}}, {"key": {"text": "Patient ID", "bbox": [83, 436, 143, 444]}, "value": {"text": "6670427471", "bbox": [147, 437, 217, 444]}}, {"key": {"text": "Name", "bbox": [83, 451, 119, 458]}, "value": {"text": "NETTIE GRITTEN", "bbox": [123, 451, 215, 458]}}, {"key": {"text": "Age", "bbox": [83, 465, 109, 474]}, "value": {"text": "21", "bbox": [113, 465, 127, 472]}}, {"key": {"text": "DOB", "bbox": [83, 479, 111, 486]}, "value": {"text": "07/11/2002", "bbox": [115, 479, 178, 487]}}]}