{"filename": "6670427471_05-26-2000-FORFILE_CT_ABD_ANDOR_PEL_-_CD-25398_5_000000-NEPHRO__4_0__B40f__M0_4-18678_1-023.dcm", "annotation": [{"key": {"text": "Institution Name", "bbox": [64, 72, 163, 80]}, "value": {"text": "Coleman-Cooper Community Clinic", "bbox": [167, 72, 362, 82]}}, {"key": {"text": "Study Date", "bbox": [64, 86, 131, 96]}, "value": {"text": "2023 Dec 12", "bbox": [135, 87, 205, 94]}}, {"key": {"text": "Patient ID", "bbox": [64, 100, 124, 108]}, "value": {"text": "6670427471", "bbox": [128, 101, 198, 108]}}, {"key": {"text": "Name", "bbox": [64, 115, 100, 122]}, "value": {"text": "CHARLOTTE FLOWER", "bbox": [104, 115, 221, 122]}}, {"key": {"text": "Age", "bbox": [64, 129, 90, 138]}, "value": {"text": "75", "bbox": [94, 129, 108, 136]}}, {"key": {"text": "DOB", "bbox": [64, 143, 92, 150]}, "value": {"text": "06/03/1948", "bbox": [96, 143, 159, 151]}}]}