{"filename": "6670427471_05-26-2000-FORFILE_CT_ABD_ANDOR_PEL_-_CD-25398_5_000000-NEPHRO__4_0__B40f__M0_4-18678_1-004.dcm", "annotation": [{"key": {"text": "Institution Name", "bbox": [83, 41, 182, 49]}, "value": {"text": "Coleman-Cooper Community Clinic", "bbox": [186, 41, 381, 51]}}, {"key": {"text": "Study Date", "bbox": [83, 55, 150, 65]}, "value": {"text": "2023 Jul 27", "bbox": [154, 55, 217, 65]}}, {"key": {"text": "Patient ID", "bbox": [83, 69, 143, 77]}, "value": {"text": "6670427471", "bbox": [147, 70, 217, 77]}}, {"key": {"text": "Name", "bbox": [83, 84, 119, 91]}, "value": {"text": "SEBRINA MERCADANTE", "bbox": [123, 84, 253, 91]}}, {"key": {"text": "Age", "bbox": [83, 98, 109, 107]}, "value": {"text": "51", "bbox": [113, 98, 127, 105]}}, {"key": {"text": "DOB", "bbox": [83, 112, 111, 119]}, "value": {"text": "06/09/1972", "bbox": [115, 112, 178, 120]}}]}