{"filename": "6670427471_05-26-2000-FORFILE_CT_ABD_ANDOR_PEL_-_CD-25398_5_000000-NEPHRO__4_0__B40f__M0_4-18678_1-013.dcm", "annotation": [{"key": {"text": "Study Date"}, "value": {"text": "2023 Jun 23", "bbox": [82, 421, 149, 430]}}, {"key": {"text": "Name"}, "value": {"text": "HAI DEMLING", "bbox": [153, 421, 228, 428]}}, {"key": {"text": "Patient Sex"}, "value": {"text": "F", "bbox": [232, 421, 239, 428]}}, {"key": {"text": "DOB", "bbox": [82, 435, 110, 442]}, "value": {"text": "12/02/1963", "bbox": [114, 435, 177, 443]}}]}