{"filename": "6670427471_05-26-2000-FORFILE_CT_ABD_ANDOR_PEL_-_CD-25398_5_000000-NEPHRO__4_0__B40f__M0_4-18678_1-074.dcm", "annotation": [{"key": {"text": "Institution Name", "bbox": [87, 35, 186, 43]}, "value": {"text": "Coleman-Cooper Community Clinic", "bbox": [190, 35, 385, 45]}}, {"key": {"text": "Study Date", "bbox": [87, 49, 154, 59]}, "value": {"text": "2023 Feb 06", "bbox": [158, 49, 227, 57]}}, {"key": {"text": "Patient ID", "bbox": [87, 63, 147, 71]}, "value": {"text": "6670427471", "bbox": [151, 64, 221, 71]}}, {"key": {"text": "Name", "bbox": [87, 78, 123, 85]}, "value": {"text": "LADONNA HALYK", "bbox": [127, 78, 223, 85]}}, {"key": {"text": "Age", "bbox": [87, 92, 113, 101]}, "value": {"text": "76", "bbox": [117, 92, 131, 99]}}, {"key": {"text": "DOB", "bbox": [87, 106, 115, 113]}, "value": {"text": "05/07/1946", "bbox": [119, 106, 182, 114]}}]}