{"filename": "6670427471_05-26-2000-FORFILE_CT_ABD_ANDOR_PEL_-_CD-25398_5_000000-NEPHRO__4_0__B40f__M0_4-18678_1-007.dcm", "annotation": [{"key": {"text": "Study Date"}, "value": {"text": "2023 Aug 31", "bbox": [286, 46, 357, 55]}}, {"key": {"text": "Name"}, "value": {"text": "Mindy Ruiz", "bbox": [361, 45, 423, 55]}}, {"key": {"text": "Patient Sex"}, "value": {"text": "M", "bbox": [427, 46, 437, 53]}}, {"key": {"text": "DOB", "bbox": [286, 60, 314, 67]}, "value": {"text": "03/11/1985", "bbox": [318, 60, 381, 68]}}]}