{"filename": "6670427471_05-26-2000-FORFILE_CT_ABD_ANDOR_PEL_-_CD-25398_5_000000-NEPHRO__4_0__B40f__M0_4-18678_1-016.dcm", "annotation": [{"key": {"text": "Institution Name", "bbox": [82, 52, 181, 60]}, "value": {"text": "Coleman-Cooper Community Clinic", "bbox": [185, 52, 380, 62]}}, {"key": {"text": "Study Date", "bbox": [82, 66, 149, 76]}, "value": {"text": "2023 Nov 01", "bbox": [153, 67, 224, 74]}}, {"key": {"text": "Patient ID", "bbox": [82, 80, 142, 88]}, "value": {"text": "6670427471", "bbox": [146, 81, 216, 88]}}, {"key": {"text": "Name", "bbox": [82, 95, 118, 102]}, "value": {"text": "CLARIS SHIVEL", "bbox": [122, 95, 206, 102]}}, {"key": {"text": "Age", "bbox": [82, 109, 108, 118]}, "value": {"text": "24", "bbox": [112, 109, 126, 116]}}, {"key": {"text": "DOB", "bbox": [82, 123, 110, 130]}, "value": {"text": "01/05/1999", "bbox": [114, 123, 177, 131]}}]}