{"filename": "6670427471_05-26-2000-FORFILE_CT_ABD_ANDOR_PEL_-_CD-25398_5_000000-NEPHRO__4_0__B40f__M0_4-18678_1-100.dcm", "annotation": [{"key": {"text": "Institution Name", "bbox": [95, 38, 194, 46]}, "value": {"text": "Coleman-Cooper Community Clinic", "bbox": [198, 38, 393, 48]}}, {"key": {"text": "Study Date", "bbox": [95, 52, 162, 62]}, "value": {"text": "2023 Oct 26", "bbox": [166, 53, 234, 60]}}, {"key": {"text": "Patient ID", "bbox": [95, 66, 155, 74]}, "value": {"text": "6670427471", "bbox": [159, 67, 229, 74]}}, {"key": {"text": "Name", "bbox": [95, 81, 131, 88]}, "value": {"text": "Abby Wieciech", "bbox": [135, 80, 217, 90]}}, {"key": {"text": "Age", "bbox": [95, 95, 121, 104]}, "value": {"text": "58", "bbox": [125, 95, 139, 102]}}, {"key": {"text": "DOB", "bbox": [95, 109, 123, 116]}, "value": {"text": "10/11/1965", "bbox": [127, 109, 190, 117]}}]}