{"filename": "6670427471_05-26-2000-FORFILE_CT_ABD_ANDOR_PEL_-_CD-25398_5_000000-NEPHRO__4_0__B40f__M0_4-18678_1-104.dcm", "annotation": [{"key": {"text": "Study Date"}, "value": {"text": "2023 Dec 29", "bbox": [276, 396, 346, 403]}}, {"key": {"text": "Name"}, "value": {"text": "SOOK SPENSER", "bbox": [350, 396, 437, 403]}}, {"key": {"text": "Patient Sex"}, "value": {"text": "M", "bbox": [441, 396, 451, 403]}}, {"key": {"text": "DOB", "bbox": [276, 410, 304, 417]}, "value": {"text": "01/28/1958", "bbox": [308, 410, 371, 418]}}]}