{"filename": "6670427471_05-26-2000-FORFILE_CT_ABD_ANDOR_PEL_-_CD-25398_5_000000-NEPHRO__4_0__B40f__M0_4-18678_1-049.dcm", "annotation": [{"key": {"text": "Study Date"}, "value": {"text": "2023 Oct 28", "bbox": [90, 72, 158, 79]}}, {"key": {"text": "Name"}, "value": {"text": "Shenika Vialpando", "bbox": [162, 71, 267, 81]}}, {"key": {"text": "Patient Sex"}, "value": {"text": "M", "bbox": [271, 72, 281, 79]}}, {"key": {"text": "DOB", "bbox": [90, 86, 118, 93]}, "value": {"text": "01/10/1940", "bbox": [122, 86, 185, 94]}}]}