{"filename": "6670427471_05-26-2000-FORFILE_CT_ABD_ANDOR_PEL_-_CD-25398_5_000000-NEPHRO__4_0__B40f__M0_4-18678_1-048.dcm", "annotation": [{"key": {"text": "Institution Name", "bbox": [72, 55, 171, 63]}, "value": {"text": "Coleman-Cooper Community Clinic", "bbox": [175, 55, 370, 65]}}, {"key": {"text": "Study Date", "bbox": [72, 69, 139, 79]}, "value": {"text": "2023 Mar 17", "bbox": [143, 70, 213, 77]}}, {"key": {"text": "Patient ID", "bbox": [72, 83, 132, 91]}, "value": {"text": "6670427471", "bbox": [136, 84, 206, 91]}}, {"key": {"text": "Name", "bbox": [72, 98, 108, 105]}, "value": {"text": "Mariel Feder", "bbox": [112, 97, 183, 105]}}, {"key": {"text": "Age", "bbox": [72, 112, 98, 121]}, "value": {"text": "30", "bbox": [102, 112, 116, 119]}}, {"key": {"text": "DOB", "bbox": [72, 126, 100, 133]}, "value": {"text": "02/17/1993", "bbox": [104, 126, 167, 134]}}]}