{"filename": "6670427471_05-26-2000-FORFILE_CT_ABD_ANDOR_PEL_-_CD-25398_5_000000-NEPHRO__4_0__B40f__M0_4-18678_1-067.dcm", "annotation": [{"key": {"text": "Study Date"}, "value": {"text": "2023 Oct 29", "bbox": [261, 34, 329, 41]}}, {"key": {"text": "Name"}, "value": {"text": "Vanetta Polacek", "bbox": [333, 33, 425, 41]}}, {"key": {"text": "Patient Sex"}, "value": {"text": "M", "bbox": [429, 34, 439, 41]}}, {"key": {"text": "DOB", "bbox": [261, 48, 289, 55]}, "value": {"text": "11/10/1990", "bbox": [293, 48, 356, 56]}}]}