{"filename": "6670427471_05-26-2000-FORFILE_CT_ABD_ANDOR_PEL_-_CD-25398_5_000000-NEPHRO__4_0__B40f__M0_4-18678_1-088.dcm", "annotation": [{"key": {"text": "Institution Name", "bbox": [76, 45, 175, 53]}, "value": {"text": "Coleman-Cooper Community Clinic", "bbox": [179, 45, 374, 55]}}, {"key": {"text": "Study Date", "bbox": [76, 59, 143, 69]}, "value": {"text": "2023 Nov 29", "bbox": [147, 60, 218, 67]}}, {"key": {"text": "Patient ID", "bbox": [76, 73, 136, 81]}, "value": {"text": "6670427471", "bbox": [140, 74, 210, 81]}}, {"key": {"text": "Name", "bbox": [76, 88, 112, 95]}, "value": {"text": "TENNILLE SCHUHMACHER", "bbox": [116, 88, 261, 95]}}, {"key": {"text": "Age", "bbox": [76, 102, 102, 111]}, "value": {"text": "46", "bbox": [106, 102, 120, 109]}}, {"key": {"text": "DOB", "bbox": [76, 116, 104, 123]}, "value": {"text": "08/04/1977", "bbox": [108, 116, 171, 124]}}]}