{"filename": "6670427471_05-26-2000-FORFILE_CT_ABD_ANDOR_PEL_-_CD-25398_5_000000-NEPHRO__4_0__B40f__M0_4-18678_1-047.dcm", "annotation": [{"key": {"text": "Institution Name", "bbox": [101, 73, 200, 81]}, "value": {"text": "Coleman-Cooper Community Clinic", "bbox": [204, 73, 399, 83]}}, {"key": {"text": "Study Date", "bbox": [101, 87, 168, 97]}, "value": {"text": "2023 Jan 14", "bbox": [172, 88, 238, 97]}}, {"key": {"text": "Patient ID", "bbox": [101, 101, 161, 109]}, "value": {"text": "6670427471", "bbox": [165, 102, 235, 109]}}, {"key": {"text": "Name", "bbox": [101, 116, 137, 123]}, "value": {"text": "Margy Sellin", "bbox": [141, 115, 211, 125]}}, {"key": {"text": "Age", "bbox": [101, 130, 127, 139]}, "value": {"text": "39", "bbox": [131, 130, 145, 137]}}, {"key": {"text": "DOB", "bbox": [101, 144, 129, 151]}, "value": {"text": "04/20/1983", "bbox": [133, 144, 196, 152]}}]}