{"filename": "6670427471_05-26-2000-FORFILE_CT_ABD_ANDOR_PEL_-_CD-25398_5_000000-NEPHRO__4_0__B40f__M0_4-18678_1-090.dcm", "annotation": [{"key": {"text": "Institution Name", "bbox": [301, 56, 400, 64]}, "value": {"text": "Coleman-Cooper Community Clinic", "bbox": [404, 70, 502, 80]}}, {"key": {"text": "Study Date", "bbox": [301, 84, 368, 94]}, "value": {"text": "2023 Sep 25", "bbox": [372, 85, 442, 94]}}, {"key": {"text": "Patient ID", "bbox": [301, 98, 361, 106]}, "value": {"text": "6670427471", "bbox": [365, 99, 435, 106]}}, {"key": {"text": "Name", "bbox": [301, 113, 337, 120]}, "value": {"text": "Bobby Shelpman", "bbox": [341, 112, 436, 122]}}, {"key": {"text": "Age", "bbox": [301, 127, 327, 136]}, "value": {"text": "45", "bbox": [331, 127, 345, 134]}}, {"key": {"text": "DOB", "bbox": [301, 141, 329, 148]}, "value": {"text": "06/08/1978", "bbox": [333, 141, 396, 149]}}]}