{"filename": "6670427471_05-26-2000-FORFILE_CT_ABD_ANDOR_PEL_-_CD-25398_5_000000-NEPHRO__4_0__B40f__M0_4-18678_1-027.dcm", "annotation": [{"key": {"text": "Institution Name", "bbox": [86, 33, 185, 41]}, "value": {"text": "Coleman-Cooper Community Clinic", "bbox": [189, 33, 384, 43]}}, {"key": {"text": "Study Date", "bbox": [86, 47, 153, 57]}, "value": {"text": "2023 Jun 14", "bbox": [157, 48, 224, 57]}}, {"key": {"text": "Patient ID", "bbox": [86, 61, 146, 69]}, "value": {"text": "6670427471", "bbox": [150, 62, 220, 69]}}, {"key": {"text": "Name", "bbox": [86, 76, 122, 83]}, "value": {"text": "HASSAN KATSBULAS", "bbox": [126, 76, 241, 83]}}, {"key": {"text": "Age", "bbox": [86, 90, 112, 99]}, "value": {"text": "59", "bbox": [116, 90, 130, 97]}}, {"key": {"text": "DOB", "bbox": [86, 104, 114, 111]}, "value": {"text": "09/24/1963", "bbox": [118, 104, 181, 112]}}]}