{"filename": "6670427471_05-26-2000-FORFILE_CT_ABD_ANDOR_PEL_-_CD-25398_5_000000-NEPHRO__4_0__B40f__M0_4-18678_1-079.dcm", "annotation": [{"key": {"text": "Institution Name", "bbox": [88, 422, 187, 430]}, "value": {"text": "Coleman-Cooper Community Clinic", "bbox": [191, 422, 386, 432]}}, {"key": {"text": "Study Date", "bbox": [88, 436, 155, 446]}, "value": {"text": "2023 Nov 27", "bbox": [159, 437, 230, 444]}}, {"key": {"text": "Patient ID", "bbox": [88, 450, 148, 458]}, "value": {"text": "6670427471", "bbox": [152, 451, 222, 458]}}, {"key": {"text": "Name", "bbox": [88, 465, 124, 472]}, "value": {"text": "ASHLY EKSTRAND", "bbox": [128, 465, 228, 472]}}, {"key": {"text": "Age", "bbox": [88, 479, 114, 488]}, "value": {"text": "67", "bbox": [118, 479, 132, 486]}}, {"key": {"text": "DOB", "bbox": [88, 493, 116, 500]}, "value": {"text": "02/14/1956", "bbox": [120, 493, 183, 501]}}]}