{"filename": "6670427471_05-26-2000-FORFILE_CT_ABD_ANDOR_PEL_-_CD-25398_5_000000-NEPHRO__4_0__B40f__M0_4-18678_1-036.dcm", "annotation": [{"key": {"text": "Institution Name", "bbox": [56, 31, 155, 39]}, "value": {"text": "Coleman-Cooper Community Clinic", "bbox": [159, 31, 354, 41]}}, {"key": {"text": "Study Date", "bbox": [56, 45, 123, 55]}, "value": {"text": "2023 Dec 26", "bbox": [127, 46, 197, 53]}}, {"key": {"text": "Patient ID", "bbox": [56, 59, 116, 67]}, "value": {"text": "6670427471", "bbox": [120, 60, 190, 67]}}, {"key": {"text": "Name", "bbox": [56, 74, 92, 81]}, "value": {"text": "Leeanne Koosman", "bbox": [96, 74, 199, 81]}}, {"key": {"text": "Age", "bbox": [56, 88, 82, 97]}, "value": {"text": "72", "bbox": [86, 88, 100, 95]}}, {"key": {"text": "DOB", "bbox": [56, 102, 84, 109]}, "value": {"text": "01/15/1951", "bbox": [88, 102, 151, 110]}}]}