{"filename": "6670427471_05-26-2000-FORFILE_CT_ABD_ANDOR_PEL_-_CD-25398_5_000000-NEPHRO__4_0__B40f__M0_4-18678_1-020.dcm", "annotation": [{"key": {"text": "Institution Name", "bbox": [59, 28, 158, 36]}, "value": {"text": "Coleman-Cooper Community Clinic", "bbox": [162, 28, 357, 38]}}, {"key": {"text": "Study Date", "bbox": [59, 42, 126, 52]}, "value": {"text": "2023 Jun 30", "bbox": [130, 43, 197, 52]}}, {"key": {"text": "Patient ID", "bbox": [59, 56, 119, 64]}, "value": {"text": "6670427471", "bbox": [123, 57, 193, 64]}}, {"key": {"text": "Name", "bbox": [59, 71, 95, 78]}, "value": {"text": "LIZBETH PARADIS", "bbox": [99, 71, 198, 78]}}, {"key": {"text": "Age", "bbox": [59, 85, 85, 94]}, "value": {"text": "27", "bbox": [89, 85, 103, 92]}}, {"key": {"text": "DOB", "bbox": [59, 99, 87, 106]}, "value": {"text": "11/05/1995", "bbox": [91, 99, 154, 107]}}]}