{"filename": "6670427471_05-26-2000-FORFILE_CT_ABD_ANDOR_PEL_-_CD-25398_5_000000-NEPHRO__4_0__B40f__M0_4-18678_1-025.dcm", "annotation": [{"key": {"text": "Institution Name", "bbox": [81, 63, 180, 71]}, "value": {"text": "Coleman-Cooper Community Clinic", "bbox": [184, 63, 379, 73]}}, {"key": {"text": "Study Date", "bbox": [81, 77, 148, 87]}, "value": {"text": "2023 May 14", "bbox": [152, 78, 224, 87]}}, {"key": {"text": "Patient ID", "bbox": [81, 91, 141, 99]}, "value": {"text": "6670427471", "bbox": [145, 92, 215, 99]}}, {"key": {"text": "Name", "bbox": [81, 106, 117, 113]}, "value": {"text": "LARHONDA MAYBERRY", "bbox": [121, 106, 249, 113]}}, {"key": {"text": "Age", "bbox": [81, 120, 107, 129]}, "value": {"text": "44", "bbox": [111, 120, 125, 127]}}, {"key": {"text": "DOB", "bbox": [81, 134, 109, 141]}, "value": {"text": "10/22/1978", "bbox": [113, 134, 176, 142]}}]}