{"filename": "6670427471_05-26-2000-FORFILE_CT_ABD_ANDOR_PEL_-_CD-25398_5_000000-NEPHRO__4_0__B40f__M0_4-18678_1-093.dcm", "annotation": [{"key": {"text": "Institution Name", "bbox": [72, 418, 171, 426]}, "value": {"text": "Coleman-Cooper Community Clinic", "bbox": [175, 418, 370, 428]}}, {"key": {"text": "Study Date", "bbox": [72, 432, 139, 442]}, "value": {"text": "2023 Nov 13", "bbox": [143, 433, 214, 440]}}, {"key": {"text": "Patient ID", "bbox": [72, 446, 132, 454]}, "value": {"text": "6670427471", "bbox": [136, 447, 206, 454]}}, {"key": {"text": "Name", "bbox": [72, 461, 108, 468]}, "value": {"text": "Nicole Ringdahl", "bbox": [112, 460, 200, 470]}}, {"key": {"text": "Age", "bbox": [72, 475, 98, 484]}, "value": {"text": "47", "bbox": [102, 475, 116, 482]}}, {"key": {"text": "DOB", "bbox": [72, 489, 100, 496]}, "value": {"text": "04/16/1976", "bbox": [104, 489, 167, 497]}}]}