{"filename": "6670427471_05-26-2000-FORFILE_CT_ABD_ANDOR_PEL_-_CD-25398_5_000000-NEPHRO__4_0__B40f__M0_4-18678_1-021.dcm", "annotation": [{"key": {"text": "Institution Name", "bbox": [63, 408, 162, 416]}, "value": {"text": "Coleman-Cooper Community Clinic", "bbox": [166, 408, 361, 418]}}, {"key": {"text": "Study Date", "bbox": [63, 422, 130, 432]}, "value": {"text": "2023 May 07", "bbox": [134, 423, 206, 432]}}, {"key": {"text": "Patient ID", "bbox": [63, 436, 123, 444]}, "value": {"text": "6670427471", "bbox": [127, 437, 197, 444]}}, {"key": {"text": "Name", "bbox": [63, 451, 99, 458]}, "value": {"text": "KATHE CADA", "bbox": [103, 451, 175, 458]}}, {"key": {"text": "Age", "bbox": [63, 465, 89, 474]}, "value": {"text": "47", "bbox": [93, 465, 107, 472]}}, {"key": {"text": "DOB", "bbox": [63, 479, 91, 486]}, "value": {"text": "11/08/1975", "bbox": [95, 479, 158, 487]}}]}