{"filename": "6670427471_05-26-2000-FORFILE_CT_ABD_ANDOR_PEL_-_CD-25398_5_000000-NEPHRO__4_0__B40f__M0_4-18678_1-015.dcm", "annotation": [{"key": {"text": "Institution Name", "bbox": [93, 71, 192, 79]}, "value": {"text": "Coleman-Cooper Community Clinic", "bbox": [196, 71, 391, 81]}}, {"key": {"text": "Study Date", "bbox": [93, 85, 160, 95]}, "value": {"text": "2023 Apr 30", "bbox": [164, 86, 233, 95]}}, {"key": {"text": "Patient ID", "bbox": [93, 99, 153, 107]}, "value": {"text": "6670427471", "bbox": [157, 100, 227, 107]}}, {"key": {"text": "Name", "bbox": [93, 114, 129, 121]}, "value": {"text": "Dian Greulich", "bbox": [133, 113, 209, 121]}}, {"key": {"text": "Age", "bbox": [93, 128, 119, 137]}, "value": {"text": "76", "bbox": [123, 128, 137, 135]}}, {"key": {"text": "DOB", "bbox": [93, 142, 121, 149]}, "value": {"text": "05/17/1946", "bbox": [125, 142, 188, 150]}}]}