{"filename": "6670427471_05-26-2000-FORFILE_CT_ABD_ANDOR_PEL_-_CD-25398_5_000000-NEPHRO__4_0__B40f__M0_4-18678_1-053.dcm", "annotation": [{"key": {"text": "Study Date"}, "value": {"text": "2023 Nov 23", "bbox": [259, 59, 330, 66]}}, {"key": {"text": "Name"}, "value": {"text": "Eleanore Gosz", "bbox": [334, 58, 414, 66]}}, {"key": {"text": "Patient Sex"}, "value": {"text": "F", "bbox": [418, 59, 425, 66]}}, {"key": {"text": "DOB", "bbox": [259, 73, 287, 80]}, "value": {"text": "01/31/1982", "bbox": [291, 73, 354, 81]}}]}