{"filename": "6670427471_05-26-2000-FORFILE_CT_ABD_ANDOR_PEL_-_CD-25398_5_000000-NEPHRO__4_0__B40f__M0_4-18678_1-042.dcm", "annotation": [{"key": {"text": "Study Date"}, "value": {"text": "2023 May 26", "bbox": [88, 76, 160, 85]}}, {"key": {"text": "Name"}, "value": {"text": "NADENE SCHUHMANN", "bbox": [164, 76, 288, 83]}}, {"key": {"text": "Patient Sex"}, "value": {"text": "F", "bbox": [292, 76, 299, 83]}}, {"key": {"text": "DOB", "bbox": [88, 90, 116, 97]}, "value": {"text": "08/02/1996", "bbox": [120, 90, 183, 98]}}]}