{"filename": "6670427471_05-26-2000-FORFILE_CT_ABD_ANDOR_PEL_-_CD-25398_5_000000-NEPHRO__4_0__B40f__M0_4-18678_1-098.dcm", "annotation": [{"key": {"text": "Institution Name", "bbox": [79, 51, 178, 59]}, "value": {"text": "Coleman-Cooper Community Clinic", "bbox": [182, 51, 377, 61]}}, {"key": {"text": "Study Date", "bbox": [79, 65, 146, 75]}, "value": {"text": "2023 Mar 13", "bbox": [150, 66, 220, 73]}}, {"key": {"text": "Patient ID", "bbox": [79, 79, 139, 87]}, "value": {"text": "6670427471", "bbox": [143, 80, 213, 87]}}, {"key": {"text": "Name", "bbox": [79, 94, 115, 101]}, "value": {"text": "SUSANA MENCL", "bbox": [119, 94, 208, 101]}}, {"key": {"text": "Age", "bbox": [79, 108, 105, 117]}, "value": {"text": "72", "bbox": [109, 108, 123, 115]}}, {"key": {"text": "DOB", "bbox": [79, 122, 107, 129]}, "value": {"text": "11/30/1950", "bbox": [111, 122, 174, 130]}}]}