{"filename": "6670427471_05-26-2000-FORFILE_CT_ABD_ANDOR_PEL_-_CD-25398_5_000000-NEPHRO__4_0__B40f__M0_4-18678_1-101.dcm", "annotation": [{"key": {"text": "Institution Name", "bbox": [60, 34, 159, 42]}, "value": {"text": "Coleman-Cooper Community Clinic", "bbox": [163, 34, 358, 44]}}, {"key": {"text": "Study Date", "bbox": [60, 48, 127, 58]}, "value": {"text": "2000 May 26", "bbox": [131, 49, 203, 58]}}, {"key": {"text": "Patient ID", "bbox": [60, 62, 120, 70]}, "value": {"text": "6670427471", "bbox": [124, 63, 194, 70]}}, {"key": {"text": "Name", "bbox": [60, 77, 96, 84]}, "value": {"text": "RIVERA MICHAEL", "bbox": [100, 77, 196, 84]}}, {"key": {"text": "Age", "bbox": [60, 91, 86, 100]}, "value": {"text": "76", "bbox": [90, 91, 104, 98]}}, {"key": {"text": "DOB", "bbox": [60, 105, 88, 112]}, "value": {"text": "03/31/1924", "bbox": [92, 105, 155, 113]}}]}