{"filename": "6670427471_05-26-2000-FORFILE_CT_ABD_ANDOR_PEL_-_CD-25398_5_000000-NEPHRO__4_0__B40f__M0_4-18678_1-055.dcm", "annotation": [{"key": {"text": "Institution Name", "bbox": [79, 66, 178, 74]}, "value": {"text": "Coleman-Cooper Community Clinic", "bbox": [182, 66, 377, 76]}}, {"key": {"text": "Study Date", "bbox": [79, 80, 146, 90]}, "value": {"text": "2023 Apr 14", "bbox": [150, 81, 219, 90]}}, {"key": {"text": "Patient ID", "bbox": [79, 94, 139, 102]}, "value": {"text": "6670427471", "bbox": [143, 95, 213, 102]}}, {"key": {"text": "Name", "bbox": [79, 109, 115, 116]}, "value": {"text": "FREIDA WELLNER", "bbox": [119, 109, 217, 116]}}, {"key": {"text": "Age", "bbox": [79, 123, 105, 132]}, "value": {"text": "58", "bbox": [109, 123, 123, 130]}}, {"key": {"text": "DOB", "bbox": [79, 137, 107, 144]}, "value": {"text": "04/03/1965", "bbox": [111, 137, 174, 145]}}]}