{"filename": "6670427471_05-26-2000-FORFILE_CT_ABD_ANDOR_PEL_-_CD-25398_5_000000-NEPHRO__4_0__B40f__M0_4-18678_1-003.dcm", "annotation": [{"key": {"text": "Institution Name", "bbox": [54, 44, 153, 52]}, "value": {"text": "Coleman-Cooper Community Clinic", "bbox": [157, 44, 352, 54]}}, {"key": {"text": "Study Date", "bbox": [54, 58, 121, 68]}, "value": {"text": "2023 Jul 01", "bbox": [125, 58, 188, 68]}}, {"key": {"text": "Patient ID", "bbox": [54, 72, 114, 80]}, "value": {"text": "6670427471", "bbox": [118, 73, 188, 80]}}, {"key": {"text": "Name", "bbox": [54, 87, 90, 94]}, "value": {"text": "RHONDA BARNELL", "bbox": [94, 87, 198, 94]}}, {"key": {"text": "Age", "bbox": [54, 101, 80, 110]}, "value": {"text": "37", "bbox": [84, 101, 98, 108]}}, {"key": {"text": "DOB", "bbox": [54, 115, 82, 122]}, "value": {"text": "04/26/1986", "bbox": [86, 115, 149, 123]}}]}