{"filename": "6670427471_05-26-2000-FORFILE_CT_ABD_ANDOR_PEL_-_CD-25398_5_000000-NEPHRO__4_0__B40f__M0_4-18678_1-040.dcm", "annotation": [{"key": {"text": "Institution Name", "bbox": [72, 392, 171, 400]}, "value": {"text": "Coleman-Cooper Community Clinic", "bbox": [175, 392, 370, 402]}}, {"key": {"text": "Study Date", "bbox": [72, 406, 139, 416]}, "value": {"text": "2023 May 06", "bbox": [143, 407, 215, 416]}}, {"key": {"text": "Patient ID", "bbox": [72, 420, 132, 428]}, "value": {"text": "6670427471", "bbox": [136, 421, 206, 428]}}, {"key": {"text": "Name", "bbox": [72, 435, 108, 442]}, "value": {"text": "Venessa Kimbrel", "bbox": [112, 434, 206, 442]}}, {"key": {"text": "Age", "bbox": [72, 449, 98, 458]}, "value": {"text": "33", "bbox": [102, 449, 116, 456]}}, {"key": {"text": "DOB", "bbox": [72, 463, 100, 470]}, "value": {"text": "05/09/1989", "bbox": [104, 463, 167, 471]}}]}