{"filename": "6670427471_05-26-2000-FORFILE_CT_ABD_ANDOR_PEL_-_CD-25398_5_000000-NEPHRO__4_0__B40f__M0_4-18678_1-078.dcm", "annotation": [{"key": {"text": "Institution Name", "bbox": [64, 54, 163, 62]}, "value": {"text": "Coleman-Cooper Community Clinic", "bbox": [167, 54, 362, 64]}}, {"key": {"text": "Study Date", "bbox": [64, 68, 131, 78]}, "value": {"text": "2023 Feb 26", "bbox": [135, 68, 204, 76]}}, {"key": {"text": "Patient ID", "bbox": [64, 82, 124, 90]}, "value": {"text": "6670427471", "bbox": [128, 83, 198, 90]}}, {"key": {"text": "Name", "bbox": [64, 97, 100, 104]}, "value": {"text": "DENISSE CLEMENS", "bbox": [104, 97, 208, 104]}}, {"key": {"text": "Age", "bbox": [64, 111, 90, 120]}, "value": {"text": "73", "bbox": [94, 111, 108, 118]}}, {"key": {"text": "DOB", "bbox": [64, 125, 92, 132]}, "value": {"text": "09/02/1949", "bbox": [96, 125, 159, 133]}}]}