{"filename": "6670427471_05-26-2000-FORFILE_CT_ABD_ANDOR_PEL_-_CD-25398_5_000000-NEPHRO__4_0__B40f__M0_4-18678_1-011.dcm", "annotation": [{"key": {"text": "Institution Name", "bbox": [77, 60, 176, 68]}, "value": {"text": "Coleman-Cooper Community Clinic", "bbox": [180, 60, 375, 70]}}, {"key": {"text": "Study Date", "bbox": [77, 74, 144, 84]}, "value": {"text": "2023 Jun 22", "bbox": [148, 75, 215, 84]}}, {"key": {"text": "Patient ID", "bbox": [77, 88, 137, 96]}, "value": {"text": "6670427471", "bbox": [141, 89, 211, 96]}}, {"key": {"text": "Name", "bbox": [77, 103, 113, 110]}, "value": {"text": "WOODROW LITZAU", "bbox": [117, 103, 224, 110]}}, {"key": {"text": "Age", "bbox": [77, 117, 103, 126]}, "value": {"text": "49", "bbox": [107, 117, 121, 124]}}, {"key": {"text": "DOB", "bbox": [77, 131, 105, 138]}, "value": {"text": "02/22/1974", "bbox": [109, 131, 172, 139]}}]}