{"filename": "6670427471_05-26-2000-FORFILE_CT_ABD_ANDOR_PEL_-_CD-25398_5_000000-NEPHRO__4_0__B40f__M0_4-18678_1-017.dcm", "annotation": [{"key": {"text": "Study Date"}, "value": {"text": "2023 Jan 04", "bbox": [272, 405, 338, 414]}}, {"key": {"text": "Name"}, "value": {"text": "KEIRA STRATAKOS", "bbox": [342, 405, 445, 412]}}, {"key": {"text": "Patient Sex"}, "value": {"text": "F", "bbox": [449, 405, 456, 412]}}, {"key": {"text": "DOB", "bbox": [272, 419, 300, 426]}, "value": {"text": "02/03/2002", "bbox": [304, 419, 367, 427]}}]}