{"filename": "6670427471_05-26-2000-FORFILE_CT_ABD_ANDOR_PEL_-_CD-25398_5_000000-NEPHRO__4_0__B40f__M0_4-18678_1-085.dcm", "annotation": [{"key": {"text": "Institution Name", "bbox": [74, 400, 173, 408]}, "value": {"text": "Coleman-Cooper Community Clinic", "bbox": [177, 400, 372, 410]}}, {"key": {"text": "Study Date", "bbox": [74, 414, 141, 424]}, "value": {"text": "2023 Jan 12", "bbox": [145, 415, 211, 424]}}, {"key": {"text": "Patient ID", "bbox": [74, 428, 134, 436]}, "value": {"text": "6670427471", "bbox": [138, 429, 208, 436]}}, {"key": {"text": "Name", "bbox": [74, 443, 110, 450]}, "value": {"text": "Felicia Gerold", "bbox": [114, 442, 191, 450]}}, {"key": {"text": "Age", "bbox": [74, 457, 100, 466]}, "value": {"text": "25", "bbox": [104, 457, 118, 464]}}, {"key": {"text": "DOB", "bbox": [74, 471, 102, 478]}, "value": {"text": "04/08/1997", "bbox": [106, 471, 169, 479]}}]}