{"filename": "6670427471_05-26-2000-FORFILE_CT_ABD_ANDOR_PEL_-_CD-25398_5_000000-NEPHRO__4_0__B40f__M0_4-18678_1-018.dcm", "annotation": [{"key": {"text": "Study Date"}, "value": {"text": "2023 Nov 25", "bbox": [268, 394, 339, 401]}}, {"key": {"text": "Name"}, "value": {"text": "Cristi Jelinek", "bbox": [343, 393, 415, 403]}}, {"key": {"text": "Patient Sex"}, "value": {"text": "M", "bbox": [419, 394, 429, 401]}}, {"key": {"text": "DOB", "bbox": [268, 408, 296, 415]}, "value": {"text": "01/18/1956", "bbox": [300, 408, 363, 416]}}]}