{"filename": "6670427471_05-26-2000-FORFILE_CT_ABD_ANDOR_PEL_-_CD-25398_5_000000-NEPHRO__4_0__B40f__M0_4-18678_1-006.dcm", "annotation": [{"key": {"text": "Institution Name", "bbox": [71, 407, 170, 415]}, "value": {"text": "Coleman-Cooper Community Clinic", "bbox": [174, 407, 369, 417]}}, {"key": {"text": "Study Date", "bbox": [71, 421, 138, 431]}, "value": {"text": "2023 Oct 21", "bbox": [142, 422, 210, 429]}}, {"key": {"text": "Patient ID", "bbox": [71, 435, 131, 443]}, "value": {"text": "6670427471", "bbox": [135, 436, 205, 443]}}, {"key": {"text": "Name", "bbox": [71, 450, 107, 457]}, "value": {"text": "Mickie Ketchem", "bbox": [111, 449, 200, 457]}}, {"key": {"text": "Age", "bbox": [71, 464, 97, 473]}, "value": {"text": "24", "bbox": [101, 464, 115, 471]}}, {"key": {"text": "DOB", "bbox": [71, 478, 99, 485]}, "value": {"text": "09/09/1999", "bbox": [103, 478, 166, 486]}}]}