{"filename": "6774825273_09-11-2013-XR_CHEST_AP_PORTABLE_for_Scott_Kaufman-73078_1_000000-91318_1-1.dcm", "annotation": [{"key": {"text": "Institution Name", "bbox": [90, 22, 159, 28]}, "value": {"text": "Francis, Todd and Boyer Medical Center", "bbox": [163, 22, 320, 29]}}, {"key": {"text": "Study Date", "bbox": [90, 33, 137, 40]}, "value": {"text": "2023 Sep 25", "bbox": [141, 34, 190, 40]}}, {"key": {"text": "Patient ID", "bbox": [90, 44, 132, 50]}, "value": {"text": "6774825273", "bbox": [136, 45, 185, 50]}}, {"key": {"text": "Name", "bbox": [90, 56, 116, 61]}, "value": {"text": "Phebe Hirezi", "bbox": [120, 55, 170, 61]}}, {"key": {"text": "Age", "bbox": [90, 67, 108, 73]}, "value": {"text": "59", "bbox": [112, 67, 122, 72]}}, {"key": {"text": "DOB", "bbox": [90, 78, 110, 83]}, "value": {"text": "01/14/1964", "bbox": [114, 78, 158, 84]}}]}