{"filename": "6774825273_09-11-2013-XR_CHEST_AP_PORTABLE_for_Scott_Kaufman-87318_1_000000-AP-85558_1-1.dcm", "annotation": [{"key": {"text": "Institution Name", "bbox": [123, 654, 281, 666]}, "value": {"text": "", "bbox": [0, 0, 0, 0]}}, {"key": {"text": "Study Date", "bbox": [123, 674, 230, 689]}, "value": {"text": "2023 Jan 24", "bbox": [234, 674, 340, 689]}}, {"key": {"text": "Patient ID", "bbox": [123, 694, 219, 706]}, "value": {"text": "6774825273", "bbox": [223, 694, 334, 706]}}, {"key": {"text": "Name", "bbox": [123, 714, 181, 726]}, "value": {"text": "DULCE MASKI", "bbox": [185, 714, 308, 726]}}, {"key": {"text": "Age", "bbox": [123, 734, 164, 749]}, "value": {"text": "51", "bbox": [168, 734, 190, 746]}}, {"key": {"text": "DOB", "bbox": [123, 754, 169, 766]}, "value": {"text": "04/18/1971", "bbox": [173, 754, 274, 767]}}]}