{"filename": "7361647728_07-21-2013-XR_CHEST_AP_PORTABLE-74838_1_000000-AP-94838_1-1.dcm", "annotation": [{"key": {"text": "Institution Name", "bbox": [160, 627, 318, 639]}, "value": {"text": "Vargas, Harris and Henderson Medical Center", "bbox": [322, 627, 734, 642]}}, {"key": {"text": "Study Date", "bbox": [160, 647, 267, 662]}, "value": {"text": "2023 Feb 13", "bbox": [271, 647, 382, 659]}}, {"key": {"text": "Patient ID", "bbox": [160, 667, 256, 679]}, "value": {"text": "7361647728", "bbox": [260, 667, 371, 679]}}, {"key": {"text": "Name", "bbox": [160, 687, 218, 699]}, "value": {"text": "Stasia Bui", "bbox": [222, 687, 312, 699]}}, {"key": {"text": "Age", "bbox": [160, 707, 201, 722]}, "value": {"text": "44", "bbox": [205, 707, 227, 719]}}, {"key": {"text": "DOB", "bbox": [160, 727, 206, 739]}, "value": {"text": "02/15/1978", "bbox": [210, 727, 311, 740]}}]}