{"filename": "8155012288_09-08-1999-FORFILE_CT_CHABPEL_-_CD_for_8155012288-44118_1_000000-SCOUT-12438_1-1.dcm", "annotation": [{"key": {"text": "Institution Name", "bbox": [294, 664, 389, 676]}, "value": {"text": "Williams-Johnson Medical Center", "bbox": [393, 664, 548, 676]}}, {"key": {"text": "Study Date", "bbox": [294, 684, 401, 699]}, "value": {"text": "2023 Jan 29", "bbox": [405, 684, 511, 699]}}, {"key": {"text": "Patient ID", "bbox": [294, 704, 390, 716]}, "value": {"text": "8155012288", "bbox": [394, 704, 505, 716]}}, {"key": {"text": "Name", "bbox": [294, 724, 352, 736]}, "value": {"text": "CALANDRA GLESSNER", "bbox": [356, 724, 553, 736]}}, {"key": {"text": "Age", "bbox": [294, 744, 335, 759]}, "value": {"text": "53", "bbox": [339, 744, 361, 756]}}, {"key": {"text": "DOB", "bbox": [294, 764, 340, 776]}, "value": {"text": "01/29/1969", "bbox": [344, 764, 445, 777]}}]}