{"filename": "8155012288_09-08-1999-FORFILE_CT_CHABPEL_-_CD_for_8155012288-44118_1_000000-SCOUT-12438_2-1.dcm", "annotation": [{"key": {"text": "Institution Name", "bbox": [291, 131, 386, 143]}, "value": {"text": "Williams-Johnson Medical Center", "bbox": [390, 131, 545, 143]}}, {"key": {"text": "Study Date", "bbox": [291, 151, 398, 166]}, "value": {"text": "2023 Jan 27", "bbox": [402, 151, 508, 166]}}, {"key": {"text": "Patient ID", "bbox": [291, 171, 387, 183]}, "value": {"text": "8155012288", "bbox": [391, 171, 502, 183]}}, {"key": {"text": "Name", "bbox": [291, 191, 349, 203]}, "value": {"text": "Garry Strother", "bbox": [353, 191, 485, 206]}}, {"key": {"text": "Age", "bbox": [291, 211, 332, 226]}, "value": {"text": "47", "bbox": [336, 211, 358, 223]}}, {"key": {"text": "DOB", "bbox": [291, 231, 337, 243]}, "value": {"text": "06/19/1975", "bbox": [341, 231, 442, 244]}}]}