{"filename": "8155012288_09-08-1999-FORFILE_CT_CHABPEL_-_CD_for_8155012288-44118_1_000000-SCOUT-12438_2-1.dcm", "annotation": [{"key": {"text": "Institution Name", "bbox": [303, 655, 398, 667]}, "value": {"text": "Williams-Johnson Medical Center", "bbox": [402, 655, 557, 667]}}, {"key": {"text": "Study Date", "bbox": [303, 675, 410, 690]}, "value": {"text": "1999 Sep 08", "bbox": [414, 675, 526, 690]}}, {"key": {"text": "Patient ID", "bbox": [303, 695, 399, 707]}, "value": {"text": "8155012288", "bbox": [403, 695, 514, 707]}}, {"key": {"text": "Name", "bbox": [303, 715, 361, 727]}, "value": {"text": "HOOVER RODNEY", "bbox": [365, 715, 522, 727]}}, {"key": {"text": "Age", "bbox": [303, 735, 344, 750]}, "value": {"text": "57", "bbox": [348, 735, 370, 747]}}, {"key": {"text": "DOB", "bbox": [303, 755, 349, 767]}, "value": {"text": "07/28/1942", "bbox": [353, 755, 454, 768]}}]}