{"filename": "8189244869_07-01-2010-DIGITAL_MAMMOGRAM_BILATERAL-76918_3_000000-L_CC-95158_1-1.dcm", "annotation": [{"key": {"text": "Institution Name", "bbox": [79, 663, 237, 675]}, "value": {"text": "Holland Memorial", "bbox": [241, 663, 400, 675]}}, {"key": {"text": "Study Date", "bbox": [79, 683, 186, 698]}, "value": {"text": "2023 Jan 29", "bbox": [190, 683, 296, 698]}}, {"key": {"text": "Patient ID", "bbox": [79, 703, 175, 715]}, "value": {"text": "8189244869", "bbox": [179, 703, 290, 715]}}, {"key": {"text": "Name", "bbox": [79, 723, 137, 735]}, "value": {"text": "ADRIANNA FONESCA", "bbox": [141, 723, 327, 735]}}, {"key": {"text": "Age", "bbox": [79, 743, 120, 758]}, "value": {"text": "45", "bbox": [124, 743, 146, 755]}}, {"key": {"text": "DOB", "bbox": [79, 763, 125, 775]}, "value": {"text": "08/24/1977", "bbox": [129, 763, 230, 776]}}]}