{"filename": "8732322741_01-05-2008-MRI_PROSTATE_W_WO_CONTRAST-39318_4_000000-t2spcrstaxial_oblProstate-50358_1-31.dcm", "annotation": [{"key": {"text": "Institution Name", "bbox": [41, 193, 90, 198]}, "value": {"text": "", "bbox": [0, 0, 0, 0]}}, {"key": {"text": "Study Date", "bbox": [41, 202, 74, 208]}, "value": {"text": "2023 Dec 29", "bbox": [78, 203, 113, 207]}}, {"key": {"text": "Patient ID", "bbox": [41, 211, 71, 216]}, "value": {"text": "8732322741", "bbox": [75, 212, 110, 216]}}, {"key": {"text": "Name", "bbox": [41, 221, 59, 225]}, "value": {"text": "Teddy Florance", "bbox": [63, 220, 106, 226]}}, {"key": {"text": "Age", "bbox": [41, 230, 54, 235]}, "value": {"text": "75", "bbox": [58, 230, 65, 234]}}, {"key": {"text": "DOB", "bbox": [41, 239, 55, 243]}, "value": {"text": "06/24/1948", "bbox": [59, 239, 91, 243]}}]}