{"filename": "8732322741_01-05-2008-MRI_PROSTATE_W_WO_CONTRAST-39318_4_000000-t2spcrstaxial_oblProstate-50358_1-17.dcm", "annotation": [{"key": {"text": "Institution Name", "bbox": [137, 193, 186, 198]}, "value": {"text": "", "bbox": [0, 0, 0, 0]}}, {"key": {"text": "Study Date", "bbox": [137, 202, 170, 208]}, "value": {"text": "2023 Mar 29", "bbox": [174, 203, 210, 207]}}, {"key": {"text": "Patient ID", "bbox": [137, 211, 167, 216]}, "value": {"text": "8732322741", "bbox": [171, 212, 206, 216]}}, {"key": {"text": "Name", "bbox": [137, 221, 155, 225]}, "value": {"text": "VELLA PETROUITS", "bbox": [159, 221, 210, 225]}}, {"key": {"text": "Age", "bbox": [137, 230, 150, 235]}, "value": {"text": "32", "bbox": [154, 230, 161, 234]}}, {"key": {"text": "DOB", "bbox": [137, 239, 151, 243]}, "value": {"text": "05/09/1990", "bbox": [155, 239, 187, 243]}}]}