{"filename": "8732322741_01-05-2008-MRI_PROSTATE_W_WO_CONTRAST-39318_4_000000-t2spcrstaxial_oblProstate-50358_1-51.dcm", "annotation": [{"key": {"text": "Institution Name", "bbox": [50, 207, 99, 212]}, "value": {"text": "", "bbox": [0, 0, 0, 0]}}, {"key": {"text": "Study Date", "bbox": [50, 216, 83, 222]}, "value": {"text": "2023 Feb 27", "bbox": [87, 216, 122, 221]}}, {"key": {"text": "Patient ID", "bbox": [50, 225, 80, 230]}, "value": {"text": "8732322741", "bbox": [84, 226, 119, 230]}}, {"key": {"text": "Name", "bbox": [50, 235, 68, 239]}, "value": {"text": "Magaret Lobello", "bbox": [72, 234, 118, 240]}}, {"key": {"text": "Age", "bbox": [50, 244, 63, 249]}, "value": {"text": "76", "bbox": [67, 244, 74, 248]}}]}