{"filename": "8732322741_01-05-2008-MRI_PROSTATE_W_WO_CONTRAST-39318_4_000000-t2spcrstaxial_oblProstate-50358_1-19.dcm", "annotation": [{"key": {"text": "Institution Name", "bbox": [48, 200, 97, 205]}, "value": {"text": "", "bbox": [0, 0, 0, 0]}}, {"key": {"text": "Study Date", "bbox": [48, 209, 81, 215]}, "value": {"text": "2023 Dec 25", "bbox": [85, 210, 120, 214]}}, {"key": {"text": "Patient ID", "bbox": [48, 218, 78, 223]}, "value": {"text": "8732322741", "bbox": [82, 219, 117, 223]}}, {"key": {"text": "Name", "bbox": [48, 228, 66, 232]}, "value": {"text": "MYUNG GALLUS", "bbox": [70, 228, 115, 232]}}, {"key": {"text": "Age", "bbox": [48, 237, 61, 242]}, "value": {"text": "47", "bbox": [65, 237, 72, 241]}}, {"key": {"text": "DOB", "bbox": [48, 246, 62, 250]}, "value": {"text": "02/11/1976", "bbox": [66, 246, 98, 250]}}]}