{"filename": "8732322741_01-05-2008-MRI_PROSTATE_W_WO_CONTRAST-39318_4_000000-t2spcrstaxial_oblProstate-50358_1-32.dcm", "annotation": [{"key": {"text": "Study Date"}, "value": {"text": "2023 Feb 15", "bbox": [48, 22, 83, 27]}}, {"key": {"text": "Name"}, "value": {"text": "DEBI CLENDENING", "bbox": [87, 23, 138, 27]}}, {"key": {"text": "Patient Sex"}, "value": {"text": "F", "bbox": [142, 23, 145, 27]}}, {"key": {"text": "DOB", "bbox": [48, 32, 62, 36]}, "value": {"text": "09/03/1960", "bbox": [66, 32, 98, 36]}}]}