{"filename": "8732322741_01-05-2008-MRI_PROSTATE_W_WO_CONTRAST-39318_4_000000-t2spcrstaxial_oblProstate-50358_1-01.dcm", "annotation": [{"key": {"text": "Institution Name", "bbox": [35, 210, 84, 215]}, "value": {"text": "", "bbox": [0, 0, 0, 0]}}, {"key": {"text": "Study Date", "bbox": [35, 219, 68, 225]}, "value": {"text": "2023 Nov 07", "bbox": [72, 220, 108, 224]}}, {"key": {"text": "Patient ID", "bbox": [35, 228, 65, 233]}, "value": {"text": "8732322741", "bbox": [69, 229, 104, 233]}}, {"key": {"text": "Name", "bbox": [35, 238, 53, 242]}, "value": {"text": "SHANI CROSE", "bbox": [57, 238, 96, 242]}}, {"key": {"text": "Age", "bbox": [35, 247, 48, 252]}, "value": {"text": "64", "bbox": [52, 247, 59, 251]}}]}