{"filename": "8732322741_01-05-2008-MRI_PROSTATE_W_WO_CONTRAST-39318_4_000000-t2spcrstaxial_oblProstate-50358_1-21.dcm", "annotation": [{"key": {"text": "Institution Name", "bbox": [132, 215, 181, 220]}, "value": {"text": "", "bbox": [0, 0, 0, 0]}}, {"key": {"text": "Study Date", "bbox": [132, 224, 165, 230]}, "value": {"text": "2023 Sep 14", "bbox": [169, 225, 204, 230]}}, {"key": {"text": "Patient ID", "bbox": [132, 233, 162, 238]}, "value": {"text": "8732322741", "bbox": [166, 234, 201, 238]}}, {"key": {"text": "Name", "bbox": [132, 243, 150, 247]}, "value": {"text": "LYNETTE AMORIM", "bbox": [154, 243, 204, 247]}}]}