{"filename": "8732322741_01-05-2008-MRI_PROSTATE_W_WO_CONTRAST-39318_4_000000-t2spcrstaxial_oblProstate-50358_1-09.dcm", "annotation": [{"key": {"text": "Institution Name", "bbox": [30, 30, 79, 35]}, "value": {"text": "", "bbox": [0, 0, 0, 0]}}, {"key": {"text": "Study Date", "bbox": [30, 39, 63, 45]}, "value": {"text": "2023 Oct 22", "bbox": [67, 40, 102, 44]}}, {"key": {"text": "Patient ID", "bbox": [30, 48, 60, 53]}, "value": {"text": "8732322741", "bbox": [64, 49, 99, 53]}}, {"key": {"text": "Name", "bbox": [30, 58, 48, 62]}, "value": {"text": "SHAWANA SILLAS", "bbox": [52, 58, 102, 62]}}, {"key": {"text": "Age", "bbox": [30, 67, 43, 72]}, "value": {"text": "50", "bbox": [47, 67, 54, 71]}}, {"key": {"text": "DOB", "bbox": [30, 76, 44, 80]}, "value": {"text": "03/12/1973", "bbox": [48, 76, 80, 80]}}]}