{"filename": "8732322741_01-05-2008-MRI_PROSTATE_W_WO_CONTRAST-39318_4_000000-t2spcrstaxial_oblProstate-50358_1-13.dcm", "annotation": [{"key": {"text": "Institution Name", "bbox": [49, 206, 98, 211]}, "value": {"text": "", "bbox": [0, 0, 0, 0]}}, {"key": {"text": "Study Date", "bbox": [49, 215, 82, 221]}, "value": {"text": "2023 Jan 30", "bbox": [86, 216, 120, 221]}}, {"key": {"text": "Patient ID", "bbox": [49, 224, 79, 229]}, "value": {"text": "8732322741", "bbox": [83, 225, 118, 229]}}, {"key": {"text": "Name", "bbox": [49, 234, 67, 238]}, "value": {"text": "Rosaura Foussell", "bbox": [71, 233, 119, 238]}}, {"key": {"text": "Age", "bbox": [49, 243, 62, 248]}, "value": {"text": "72", "bbox": [66, 243, 73, 247]}}]}