{"filename": "8732322741_01-05-2008-MRI_PROSTATE_W_WO_CONTRAST-39318_4_000000-t2spcrstaxial_oblProstate-50358_1-05.dcm", "annotation": [{"key": {"text": "Institution Name", "bbox": [130, 32, 179, 37]}, "value": {"text": "", "bbox": [0, 0, 0, 0]}}, {"key": {"text": "Study Date", "bbox": [130, 41, 163, 47]}, "value": {"text": "2023 Dec 06", "bbox": [167, 42, 202, 46]}}, {"key": {"text": "Patient ID", "bbox": [130, 50, 160, 55]}, "value": {"text": "8732322741", "bbox": [164, 51, 199, 55]}}, {"key": {"text": "Name", "bbox": [130, 60, 148, 64]}, "value": {"text": "MAIDA LEFRANCOIS", "bbox": [152, 60, 208, 64]}}, {"key": {"text": "Age", "bbox": [130, 69, 143, 74]}, "value": {"text": "79", "bbox": [147, 69, 154, 73]}}, {"key": {"text": "DOB", "bbox": [130, 78, 144, 82]}, "value": {"text": "07/23/1944", "bbox": [148, 78, 180, 82]}}]}