{"filename": "8732322741_01-05-2008-MRI_PROSTATE_W_WO_CONTRAST-39318_4_000000-t2spcrstaxial_oblProstate-50358_1-27.dcm", "annotation": [{"key": {"text": "Institution Name", "bbox": [133, 24, 182, 29]}, "value": {"text": "", "bbox": [0, 0, 0, 0]}}, {"key": {"text": "Study Date", "bbox": [133, 33, 166, 39]}, "value": {"text": "2023 Nov 17", "bbox": [170, 34, 206, 38]}}, {"key": {"text": "Patient ID", "bbox": [133, 42, 163, 47]}, "value": {"text": "8732322741", "bbox": [167, 43, 202, 47]}}, {"key": {"text": "Name", "bbox": [133, 52, 151, 56]}, "value": {"text": "Judy Bakst", "bbox": [154, 51, 185, 57]}}, {"key": {"text": "Age", "bbox": [133, 61, 146, 66]}, "value": {"text": "59", "bbox": [150, 61, 157, 65]}}, {"key": {"text": "DOB", "bbox": [133, 70, 147, 74]}, "value": {"text": "03/29/1964", "bbox": [151, 70, 183, 74]}}]}