{"filename": "8732322741_01-05-2008-MRI_PROSTATE_W_WO_CONTRAST-39318_4_000000-t2spcrstaxial_oblProstate-50358_1-06.dcm", "annotation": [{"key": {"text": "Institution Name", "bbox": [40, 194, 89, 199]}, "value": {"text": "", "bbox": [0, 0, 0, 0]}}, {"key": {"text": "Study Date", "bbox": [40, 203, 73, 209]}, "value": {"text": "2023 Jul 29", "bbox": [77, 203, 109, 209]}}, {"key": {"text": "Patient ID", "bbox": [40, 212, 70, 217]}, "value": {"text": "8732322741", "bbox": [74, 213, 109, 217]}}, {"key": {"text": "Name", "bbox": [40, 222, 58, 226]}, "value": {"text": "Meda Plumpton", "bbox": [62, 221, 107, 227]}}, {"key": {"text": "Age", "bbox": [40, 231, 53, 236]}, "value": {"text": "33", "bbox": [57, 231, 64, 235]}}, {"key": {"text": "DOB", "bbox": [40, 240, 54, 244]}, "value": {"text": "07/19/1990", "bbox": [58, 240, 90, 244]}}]}