{"filename": "8732322741_01-05-2008-MRI_PROSTATE_W_WO_CONTRAST-39318_4_000000-t2spcrstaxial_oblProstate-50358_1-57.dcm", "annotation": [{"key": {"text": "Institution Name", "bbox": [150, 216, 199, 221]}, "value": {"text": "", "bbox": [0, 0, 0, 0]}}, {"key": {"text": "Study Date", "bbox": [150, 225, 183, 231]}, "value": {"text": "2023 Oct 19", "bbox": [187, 226, 222, 230]}}, {"key": {"text": "Patient ID", "bbox": [150, 234, 180, 239]}, "value": {"text": "8732322741", "bbox": [184, 235, 219, 239]}}, {"key": {"text": "Name", "bbox": [150, 244, 168, 248]}, "value": {"text": "Claudio Host", "bbox": [172, 243, 208, 248]}}]}