{"filename": "8732322741_01-05-2008-MRI_PROSTATE_W_WO_CONTRAST-39318_4_000000-t2spcrstaxial_oblProstate-50358_1-41.dcm", "annotation": [{"key": {"text": "Institution Name", "bbox": [50, 214, 99, 219]}, "value": {"text": "", "bbox": [0, 0, 0, 0]}}, {"key": {"text": "Study Date", "bbox": [50, 223, 83, 229]}, "value": {"text": "2023 Jan 15", "bbox": [87, 224, 121, 229]}}, {"key": {"text": "Patient ID", "bbox": [50, 232, 80, 237]}, "value": {"text": "8732322741", "bbox": [84, 233, 119, 237]}}, {"key": {"text": "Name", "bbox": [50, 242, 68, 246]}, "value": {"text": "ART CHAGOLLAN", "bbox": [72, 242, 119, 246]}}]}