{"filename": "8732322741_01-05-2008-MRI_PROSTATE_W_WO_CONTRAST-39318_4_000000-t2spcrstaxial_oblProstate-50358_1-03.dcm", "annotation": [{"key": {"text": "Study Date"}, "value": {"text": "2023 Dec 22", "bbox": [46, 199, 81, 203]}}, {"key": {"text": "Name"}, "value": {"text": "Larhonda Oxner", "bbox": [85, 198, 131, 203]}}, {"key": {"text": "Patient Sex"}, "value": {"text": "F", "bbox": [135, 199, 138, 203]}}, {"key": {"text": "DOB", "bbox": [46, 208, 60, 212]}, "value": {"text": "01/16/1952", "bbox": [64, 208, 96, 212]}}]}