{"filename": "8732322741_01-05-2008-MRI_PROSTATE_W_WO_CONTRAST-39318_4_000000-t2spcrstaxial_oblProstate-50358_1-38.dcm", "annotation": [{"key": {"text": "Institution Name", "bbox": [41, 204, 90, 209]}, "value": {"text": "", "bbox": [0, 0, 0, 0]}}, {"key": {"text": "Study Date", "bbox": [41, 213, 74, 219]}, "value": {"text": "2023 May 16", "bbox": [78, 214, 114, 219]}}, {"key": {"text": "Patient ID", "bbox": [41, 222, 71, 227]}, "value": {"text": "8732322741", "bbox": [75, 223, 110, 227]}}, {"key": {"text": "Name", "bbox": [41, 232, 59, 236]}, "value": {"text": "MELLISA FRANCE", "bbox": [63, 232, 112, 236]}}, {"key": {"text": "Age", "bbox": [41, 241, 54, 246]}, "value": {"text": "78", "bbox": [58, 241, 65, 245]}}, {"key": {"text": "DOB", "bbox": [41, 250, 55, 254]}, "value": {"text": "03/06/1945", "bbox": [59, 250, 91, 254]}}]}