{"filename": "8732322741_01-05-2008-MRI_PROSTATE_W_WO_CONTRAST-39318_4_000000-t2spcrstaxial_oblProstate-50358_1-15.dcm", "annotation": [{"key": {"text": "Institution Name", "bbox": [30, 212, 79, 217]}, "value": {"text": "", "bbox": [0, 0, 0, 0]}}, {"key": {"text": "Study Date", "bbox": [30, 221, 63, 227]}, "value": {"text": "2023 Apr 30", "bbox": [67, 222, 102, 227]}}, {"key": {"text": "Patient ID", "bbox": [30, 230, 60, 235]}, "value": {"text": "8732322741", "bbox": [64, 231, 99, 235]}}, {"key": {"text": "Name", "bbox": [30, 240, 48, 244]}, "value": {"text": "Etha Sabota", "bbox": [52, 239, 86, 244]}}, {"key": {"text": "Age", "bbox": [30, 249, 43, 254]}, "value": {"text": "57", "bbox": [47, 249, 54, 253]}}]}