{"filename": "8732322741_01-05-2008-MRI_PROSTATE_W_WO_CONTRAST-39318_4_000000-t2spcrstaxial_oblProstate-50358_1-14.dcm", "annotation": [{"key": {"text": "Institution Name", "bbox": [137, 217, 186, 222]}, "value": {"text": "", "bbox": [0, 0, 0, 0]}}, {"key": {"text": "Study Date", "bbox": [137, 226, 170, 232]}, "value": {"text": "2023 Apr 09", "bbox": [174, 227, 209, 232]}}, {"key": {"text": "Patient ID", "bbox": [137, 235, 167, 240]}, "value": {"text": "8732322741", "bbox": [171, 236, 206, 240]}}, {"key": {"text": "Name", "bbox": [137, 245, 155, 249]}, "value": {"text": "Wanita Koffler", "bbox": [159, 244, 200, 249]}}]}