{"filename": "8732322741_01-05-2008-MRI_PROSTATE_W_WO_CONTRAST-39318_4_000000-t2spcrstaxial_oblProstate-50358_1-12.dcm", "annotation": [{"key": {"text": "Institution Name", "bbox": [136, 30, 185, 35]}, "value": {"text": "", "bbox": [0, 0, 0, 0]}}, {"key": {"text": "Study Date", "bbox": [136, 39, 169, 45]}, "value": {"text": "2023 Mar 05", "bbox": [173, 40, 209, 44]}}, {"key": {"text": "Patient ID", "bbox": [136, 48, 166, 53]}, "value": {"text": "8732322741", "bbox": [170, 49, 205, 53]}}, {"key": {"text": "Name", "bbox": [136, 58, 154, 62]}, "value": {"text": "ORPHA WHITEN", "bbox": [158, 58, 202, 62]}}, {"key": {"text": "Age", "bbox": [136, 67, 149, 72]}, "value": {"text": "76", "bbox": [153, 67, 160, 71]}}, {"key": {"text": "DOB", "bbox": [136, 76, 150, 80]}, "value": {"text": "07/02/1946", "bbox": [154, 76, 186, 80]}}]}