{"filename": "8732322741_01-05-2008-MRI_PROSTATE_W_WO_CONTRAST-39318_4_000000-t2spcrstaxial_oblProstate-50358_1-54.dcm", "annotation": [{"key": {"text": "Institution Name", "bbox": [142, 215, 191, 220]}, "value": {"text": "", "bbox": [0, 0, 0, 0]}}, {"key": {"text": "Study Date", "bbox": [142, 224, 175, 230]}, "value": {"text": "2023 Sep 19", "bbox": [179, 225, 214, 230]}}, {"key": {"text": "Patient ID", "bbox": [142, 233, 172, 238]}, "value": {"text": "8732322741", "bbox": [176, 234, 211, 238]}}, {"key": {"text": "Name", "bbox": [142, 243, 160, 247]}, "value": {"text": "SHAUNA LOSSING", "bbox": [164, 243, 214, 247]}}]}