{"filename": "8732322741_01-05-2008-MRI_PROSTATE_W_WO_CONTRAST-39318_4_000000-t2spcrstaxial_oblProstate-50358_1-48.dcm", "annotation": [{"key": {"text": "Institution Name", "bbox": [41, 210, 90, 215]}, "value": {"text": "", "bbox": [0, 0, 0, 0]}}, {"key": {"text": "Study Date", "bbox": [41, 219, 74, 225]}, "value": {"text": "2023 Sep 25", "bbox": [78, 220, 113, 225]}}, {"key": {"text": "Patient ID", "bbox": [41, 228, 71, 233]}, "value": {"text": "8732322741", "bbox": [75, 229, 110, 233]}}, {"key": {"text": "Name", "bbox": [41, 238, 59, 242]}, "value": {"text": "Mozella Rawlings", "bbox": [63, 237, 112, 243]}}, {"key": {"text": "Age", "bbox": [41, 247, 54, 252]}, "value": {"text": "27", "bbox": [58, 247, 65, 251]}}]}