{"filename": "8732322741_01-05-2008-MRI_PROSTATE_W_WO_CONTRAST-39318_4_000000-t2spcrstaxial_oblProstate-50358_1-60.dcm", "annotation": [{"key": {"text": "Institution Name", "bbox": [32, 20, 81, 25]}, "value": {"text": "", "bbox": [0, 0, 0, 0]}}, {"key": {"text": "Study Date", "bbox": [32, 29, 65, 35]}, "value": {"text": "2023 Nov 10", "bbox": [69, 30, 105, 34]}}, {"key": {"text": "Patient ID", "bbox": [32, 38, 62, 43]}, "value": {"text": "8732322741", "bbox": [66, 39, 101, 43]}}, {"key": {"text": "Name", "bbox": [32, 48, 50, 52]}, "value": {"text": "Carie Schleining", "bbox": [54, 47, 100, 53]}}, {"key": {"text": "Age", "bbox": [32, 57, 45, 62]}, "value": {"text": "46", "bbox": [49, 57, 56, 61]}}, {"key": {"text": "DOB", "bbox": [32, 66, 46, 70]}, "value": {"text": "01/26/1977", "bbox": [50, 66, 82, 70]}}]}