{"filename": "8732322741_01-05-2008-MRI_PROSTATE_W_WO_CONTRAST-39318_4_000000-t2spcrstaxial_oblProstate-50358_1-50.dcm", "annotation": [{"key": {"text": "Institution Name", "bbox": [144, 20, 193, 25]}, "value": {"text": "", "bbox": [0, 0, 0, 0]}}, {"key": {"text": "Study Date", "bbox": [144, 29, 177, 35]}, "value": {"text": "2023 Dec 04", "bbox": [181, 30, 216, 34]}}, {"key": {"text": "Patient ID", "bbox": [144, 38, 174, 43]}, "value": {"text": "8732322741", "bbox": [178, 39, 213, 43]}}, {"key": {"text": "Name", "bbox": [144, 48, 162, 52]}, "value": {"text": "KAMALA MEISELS", "bbox": [166, 48, 216, 52]}}, {"key": {"text": "Age", "bbox": [144, 57, 157, 62]}, "value": {"text": "39", "bbox": [161, 57, 168, 61]}}, {"key": {"text": "DOB", "bbox": [144, 66, 158, 70]}, "value": {"text": "02/21/1984", "bbox": [162, 66, 194, 70]}}]}