{"filename": "8732322741_01-05-2008-MRI_PROSTATE_W_WO_CONTRAST-39318_4_000000-t2spcrstaxial_oblProstate-50358_1-28.dcm", "annotation": [{"key": {"text": "Institution Name", "bbox": [137, 29, 186, 34]}, "value": {"text": "", "bbox": [0, 0, 0, 0]}}, {"key": {"text": "Study Date", "bbox": [137, 38, 170, 44]}, "value": {"text": "2023 Mar 09", "bbox": [174, 39, 210, 43]}}, {"key": {"text": "Patient ID", "bbox": [137, 47, 167, 52]}, "value": {"text": "8732322741", "bbox": [171, 48, 206, 52]}}, {"key": {"text": "Name", "bbox": [137, 57, 155, 61]}, "value": {"text": "DANIELL SIANO", "bbox": [159, 57, 202, 61]}}, {"key": {"text": "Age", "bbox": [137, 66, 150, 71]}, "value": {"text": "52", "bbox": [154, 66, 161, 70]}}, {"key": {"text": "DOB", "bbox": [137, 75, 151, 79]}, "value": {"text": "08/28/1970", "bbox": [155, 75, 187, 79]}}]}