{"filename": "8732322741_01-05-2008-MRI_PROSTATE_W_WO_CONTRAST-39318_4_000000-t2spcrstaxial_oblProstate-50358_1-59.dcm", "annotation": [{"key": {"text": "Institution Name", "bbox": [150, 205, 199, 210]}, "value": {"text": "", "bbox": [0, 0, 0, 0]}}, {"key": {"text": "Study Date", "bbox": [150, 214, 183, 220]}, "value": {"text": "2023 May 22", "bbox": [187, 215, 223, 220]}}, {"key": {"text": "Patient ID", "bbox": [150, 223, 180, 228]}, "value": {"text": "8732322741", "bbox": [184, 224, 219, 228]}}, {"key": {"text": "Name", "bbox": [150, 233, 168, 237]}, "value": {"text": "CHARLINE BARROW", "bbox": [172, 233, 228, 237]}}, {"key": {"text": "Age", "bbox": [150, 242, 163, 247]}, "value": {"text": "76", "bbox": [167, 242, 174, 246]}}, {"key": {"text": "DOB", "bbox": [150, 251, 164, 255]}, "value": {"text": "12/17/1946", "bbox": [168, 251, 200, 255]}}]}