{"filename": "8732322741_01-05-2008-MRI_PROSTATE_W_WO_CONTRAST-39318_4_000000-t2spcrstaxial_oblProstate-50358_1-35.dcm", "annotation": [{"key": {"text": "Institution Name", "bbox": [42, 206, 91, 211]}, "value": {"text": "", "bbox": [0, 0, 0, 0]}}, {"key": {"text": "Study Date", "bbox": [42, 215, 75, 221]}, "value": {"text": "2023 Jun 05", "bbox": [79, 216, 113, 221]}}, {"key": {"text": "Patient ID", "bbox": [42, 224, 72, 229]}, "value": {"text": "8732322741", "bbox": [76, 225, 111, 229]}}, {"key": {"text": "Name", "bbox": [42, 234, 60, 238]}, "value": {"text": "SYLVIA MURIEL", "bbox": [64, 234, 107, 238]}}, {"key": {"text": "Age", "bbox": [42, 243, 55, 248]}, "value": {"text": "26", "bbox": [59, 243, 66, 247]}}]}