{"filename": "8732322741_01-05-2008-MRI_PROSTATE_W_WO_CONTRAST-39318_4_000000-t2spcrstaxial_oblProstate-50358_1-33.dcm", "annotation": [{"key": {"text": "Institution Name", "bbox": [28, 36, 77, 41]}, "value": {"text": "", "bbox": [0, 0, 0, 0]}}, {"key": {"text": "Study Date", "bbox": [28, 45, 61, 51]}, "value": {"text": "2023 Feb 11", "bbox": [65, 45, 100, 50]}}, {"key": {"text": "Patient ID", "bbox": [28, 54, 58, 59]}, "value": {"text": "8732322741", "bbox": [62, 55, 97, 59]}}, {"key": {"text": "Name", "bbox": [28, 64, 46, 68]}, "value": {"text": "CHASIDY STAGGERS", "bbox": [50, 64, 106, 68]}}, {"key": {"text": "Age", "bbox": [28, 73, 41, 78]}, "value": {"text": "47", "bbox": [45, 73, 52, 77]}}, {"key": {"text": "DOB", "bbox": [28, 82, 42, 86]}, "value": {"text": "01/06/1976", "bbox": [46, 82, 78, 86]}}]}