{"filename": "8732322741_01-05-2008-MRI_PROSTATE_W_WO_CONTRAST-39318_4_000000-t2spcrstaxial_oblProstate-50358_1-39.dcm", "annotation": [{"key": {"text": "Study Date"}, "value": {"text": "2023 Aug 04", "bbox": [146, 17, 182, 22]}}, {"key": {"text": "Name"}, "value": {"text": "Cher Magnia", "bbox": [186, 16, 221, 22]}}, {"key": {"text": "Patient Sex"}, "value": {"text": "M", "bbox": [225, 17, 230, 21]}}, {"key": {"text": "DOB", "bbox": [146, 26, 160, 30]}, "value": {"text": "12/15/1983", "bbox": [164, 26, 196, 30]}}]}