{"filename": "8732322741_01-05-2008-MRI_PROSTATE_W_WO_CONTRAST-39318_4_000000-t2spcrstaxial_oblProstate-50358_1-52.dcm", "annotation": [{"key": {"text": "Institution Name", "bbox": [141, 203, 190, 208]}, "value": {"text": "", "bbox": [0, 0, 0, 0]}}, {"key": {"text": "Study Date", "bbox": [141, 212, 174, 218]}, "value": {"text": "2023 Sep 24", "bbox": [178, 213, 213, 218]}}, {"key": {"text": "Patient ID", "bbox": [141, 221, 171, 226]}, "value": {"text": "8732322741", "bbox": [175, 222, 210, 226]}}, {"key": {"text": "Name", "bbox": [141, 231, 159, 235]}, "value": {"text": "DOUGLASS HEYS", "bbox": [163, 231, 211, 235]}}, {"key": {"text": "Age", "bbox": [141, 240, 154, 245]}, "value": {"text": "63", "bbox": [158, 240, 165, 244]}}, {"key": {"text": "DOB", "bbox": [141, 249, 155, 253]}, "value": {"text": "01/13/1960", "bbox": [159, 249, 191, 253]}}]}