{"filename": "8732322741_01-05-2008-MRI_PROSTATE_W_WO_CONTRAST-39318_4_000000-t2spcrstaxial_oblProstate-50358_1-18.dcm", "annotation": [{"key": {"text": "Institution Name", "bbox": [31, 206, 80, 211]}, "value": {"text": "", "bbox": [0, 0, 0, 0]}}, {"key": {"text": "Study Date", "bbox": [31, 215, 64, 221]}, "value": {"text": "2023 Jul 10", "bbox": [68, 215, 100, 221]}}, {"key": {"text": "Patient ID", "bbox": [31, 224, 61, 229]}, "value": {"text": "8732322741", "bbox": [65, 225, 100, 229]}}, {"key": {"text": "Name", "bbox": [31, 234, 49, 238]}, "value": {"text": "Pinkie Moulder", "bbox": [53, 233, 96, 238]}}, {"key": {"text": "Age", "bbox": [31, 243, 44, 248]}, "value": {"text": "82", "bbox": [48, 243, 55, 247]}}]}