{"filename": "8732322741_01-05-2008-MRI_PROSTATE_W_WO_CONTRAST-39318_4_000000-t2spcrstaxial_oblProstate-50358_1-02.dcm", "annotation": [{"key": {"text": "Institution Name", "bbox": [139, 22, 188, 27]}, "value": {"text": "", "bbox": [0, 0, 0, 0]}}, {"key": {"text": "Study Date", "bbox": [139, 31, 172, 37]}, "value": {"text": "2023 Oct 23", "bbox": [176, 32, 211, 36]}}, {"key": {"text": "Patient ID", "bbox": [139, 40, 169, 45]}, "value": {"text": "8732322741", "bbox": [173, 41, 208, 45]}}, {"key": {"text": "Name", "bbox": [139, 50, 157, 54]}, "value": {"text": "SELENA DELMONT", "bbox": [161, 50, 213, 54]}}, {"key": {"text": "Age", "bbox": [139, 59, 152, 64]}, "value": {"text": "16", "bbox": [156, 59, 163, 63]}}, {"key": {"text": "DOB", "bbox": [139, 68, 153, 72]}, "value": {"text": "08/23/2007", "bbox": [157, 68, 189, 72]}}]}