{"filename": "8732322741_01-05-2008-MRI_PROSTATE_W_WO_CONTRAST-39318_4_000000-t2spcrstaxial_oblProstate-50358_1-20.dcm", "annotation": [{"key": {"text": "Institution Name", "bbox": [142, 200, 191, 205]}, "value": {"text": "", "bbox": [0, 0, 0, 0]}}, {"key": {"text": "Study Date", "bbox": [142, 209, 175, 215]}, "value": {"text": "2023 May 01", "bbox": [179, 210, 215, 215]}}, {"key": {"text": "Patient ID", "bbox": [142, 218, 172, 223]}, "value": {"text": "8732322741", "bbox": [176, 219, 211, 223]}}, {"key": {"text": "Name", "bbox": [142, 228, 160, 232]}, "value": {"text": "LANORA LILJA", "bbox": [164, 228, 203, 233]}}, {"key": {"text": "Age", "bbox": [142, 237, 155, 242]}, "value": {"text": "53", "bbox": [159, 237, 166, 241]}}, {"key": {"text": "DOB", "bbox": [142, 246, 156, 250]}, "value": {"text": "04/09/1970", "bbox": [160, 246, 192, 250]}}]}