{"filename": "8732322741_01-05-2008-MRI_PROSTATE_W_WO_CONTRAST-39318_4_000000-t2spcrstaxial_oblProstate-50358_1-29.dcm", "annotation": [{"key": {"text": "Institution Name", "bbox": [49, 25, 98, 30]}, "value": {"text": "", "bbox": [0, 0, 0, 0]}}, {"key": {"text": "Study Date", "bbox": [49, 34, 82, 40]}, "value": {"text": "2023 Jan 11", "bbox": [86, 35, 120, 40]}}, {"key": {"text": "Patient ID", "bbox": [49, 43, 79, 48]}, "value": {"text": "8732322741", "bbox": [83, 44, 118, 48]}}, {"key": {"text": "Name", "bbox": [49, 53, 67, 57]}, "value": {"text": "TERESIA NEHRING", "bbox": [71, 53, 122, 57]}}, {"key": {"text": "Age", "bbox": [49, 62, 62, 67]}, "value": {"text": "40", "bbox": [66, 62, 73, 66]}}, {"key": {"text": "DOB", "bbox": [49, 71, 63, 75]}, "value": {"text": "11/02/1982", "bbox": [67, 71, 99, 75]}}]}