{"filename": "8732322741_01-05-2008-MRI_PROSTATE_W_WO_CONTRAST-39318_4_000000-t2spcrstaxial_oblProstate-50358_1-43.dcm", "annotation": [{"key": {"text": "Study Date"}, "value": {"text": "2023 Dec 27", "bbox": [40, 203, 75, 207]}}, {"key": {"text": "Name"}, "value": {"text": "OLIVA CAPOSSELA", "bbox": [79, 203, 130, 207]}}, {"key": {"text": "Patient Sex"}, "value": {"text": "F", "bbox": [134, 203, 137, 207]}}, {"key": {"text": "DOB", "bbox": [40, 212, 54, 216]}, "value": {"text": "01/30/1962", "bbox": [58, 212, 90, 216]}}]}