{"filename": "8732322741_01-05-2008-MRI_PROSTATE_W_WO_CONTRAST-39318_4_000000-t2spcrstaxial_oblProstate-50358_1-11.dcm", "annotation": [{"key": {"text": "Institution Name", "bbox": [46, 22, 95, 27]}, "value": {"text": "", "bbox": [0, 0, 0, 0]}}, {"key": {"text": "Study Date", "bbox": [46, 31, 79, 37]}, "value": {"text": "2023 Sep 30", "bbox": [83, 32, 118, 37]}}, {"key": {"text": "Patient ID", "bbox": [46, 40, 76, 45]}, "value": {"text": "8732322741", "bbox": [80, 41, 115, 45]}}, {"key": {"text": "Name", "bbox": [46, 50, 64, 54]}, "value": {"text": "DEJA TEREPKA", "bbox": [68, 50, 109, 55]}}, {"key": {"text": "Age", "bbox": [46, 59, 59, 64]}, "value": {"text": "24", "bbox": [63, 59, 70, 63]}}, {"key": {"text": "DOB", "bbox": [46, 68, 60, 72]}, "value": {"text": "10/27/1998", "bbox": [64, 68, 96, 72]}}]}