{"filename": "8732322741_01-05-2008-MRI_PROSTATE_W_WO_CONTRAST-39318_4_000000-t2spcrstaxial_oblProstate-50358_1-56.dcm", "annotation": [{"key": {"text": "Institution Name", "bbox": [26, 199, 75, 204]}, "value": {"text": "", "bbox": [0, 0, 0, 0]}}, {"key": {"text": "Study Date", "bbox": [26, 208, 59, 214]}, "value": {"text": "2023 Apr 23", "bbox": [63, 209, 98, 214]}}, {"key": {"text": "Patient ID", "bbox": [26, 217, 56, 222]}, "value": {"text": "8732322741", "bbox": [60, 218, 95, 222]}}, {"key": {"text": "Name", "bbox": [26, 227, 44, 231]}, "value": {"text": "FLORIDA MARKWELL", "bbox": [48, 227, 107, 231]}}, {"key": {"text": "Age", "bbox": [26, 236, 39, 241]}, "value": {"text": "39", "bbox": [43, 236, 50, 240]}}, {"key": {"text": "DOB", "bbox": [26, 245, 40, 249]}, "value": {"text": "10/25/1983", "bbox": [44, 245, 76, 249]}}]}