{"filename": "8732322741_01-05-2008-MRI_PROSTATE_W_WO_CONTRAST-39318_4_000000-t2spcrstaxial_oblProstate-50358_1-44.dcm", "annotation": [{"key": {"text": "Institution Name", "bbox": [135, 204, 184, 209]}, "value": {"text": "", "bbox": [0, 0, 0, 0]}}, {"key": {"text": "Study Date", "bbox": [135, 213, 168, 219]}, "value": {"text": "2023 Jan 20", "bbox": [172, 214, 206, 219]}}, {"key": {"text": "Patient ID", "bbox": [135, 222, 165, 227]}, "value": {"text": "8732322741", "bbox": [169, 223, 204, 227]}}, {"key": {"text": "Name", "bbox": [135, 232, 153, 236]}, "value": {"text": "MORTON SULLEY", "bbox": [157, 232, 205, 236]}}, {"key": {"text": "Age", "bbox": [135, 241, 148, 246]}, "value": {"text": "64", "bbox": [152, 241, 159, 245]}}, {"key": {"text": "DOB", "bbox": [135, 250, 149, 254]}, "value": {"text": "01/27/1958", "bbox": [153, 250, 185, 254]}}]}