{"filename": "8732322741_01-05-2008-MRI_PROSTATE_W_WO_CONTRAST-39318_4_000000-t2spcrstaxial_oblProstate-50358_1-40.dcm", "annotation": [{"key": {"text": "Institution Name", "bbox": [36, 13, 85, 18]}, "value": {"text": "", "bbox": [0, 0, 0, 0]}}, {"key": {"text": "Study Date", "bbox": [36, 22, 69, 28]}, "value": {"text": "2023 Apr 26", "bbox": [73, 23, 108, 28]}}, {"key": {"text": "Patient ID", "bbox": [36, 31, 66, 36]}, "value": {"text": "8732322741", "bbox": [70, 32, 105, 36]}}, {"key": {"text": "Name", "bbox": [36, 41, 54, 45]}, "value": {"text": "GEORGIANN AMSILI", "bbox": [58, 41, 113, 45]}}, {"key": {"text": "Age", "bbox": [36, 50, 49, 55]}, "value": {"text": "34", "bbox": [53, 50, 60, 54]}}, {"key": {"text": "DOB", "bbox": [36, 59, 50, 63]}, "value": {"text": "08/18/1988", "bbox": [54, 59, 86, 63]}}]}