{"filename": "8732322741_01-05-2008-MRI_PROSTATE_W_WO_CONTRAST-39318_4_000000-t2spcrstaxial_oblProstate-50358_1-25.dcm", "annotation": [{"key": {"text": "Study Date"}, "value": {"text": "2023 May 12", "bbox": [40, 200, 76, 205]}}, {"key": {"text": "Name"}, "value": {"text": "Migdalia Meehleder", "bbox": [80, 199, 136, 205]}}, {"key": {"text": "Patient Sex"}, "value": {"text": "F", "bbox": [140, 200, 143, 204]}}, {"key": {"text": "DOB", "bbox": [40, 209, 54, 213]}, "value": {"text": "06/11/1998", "bbox": [58, 209, 90, 213]}}]}