{"filename": "8732322741_01-05-2008-MRI_PROSTATE_W_WO_CONTRAST-39318_4_000000-t2spcrstaxial_oblProstate-50358_1-24.dcm", "annotation": [{"key": {"text": "Study Date"}, "value": {"text": "2023 Jan 07", "bbox": [138, 211, 172, 216]}}, {"key": {"text": "Name"}, "value": {"text": "SHENITA TRAUERNICHT", "bbox": [176, 211, 242, 215]}}, {"key": {"text": "Patient Sex"}, "value": {"text": "F", "bbox": [246, 211, 249, 215]}}, {"key": {"text": "DOB", "bbox": [138, 220, 152, 224]}, "value": {"text": "04/16/1947", "bbox": [156, 220, 188, 224]}}]}