{"filename": "8732322741_01-05-2008-MRI_PROSTATE_W_WO_CONTRAST-39318_4_000000-t2spcrstaxial_oblProstate-50358_1-04.dcm", "annotation": [{"key": {"text": "Institution Name", "bbox": [130, 22, 179, 27]}, "value": {"text": "", "bbox": [0, 0, 0, 0]}}, {"key": {"text": "Study Date", "bbox": [130, 31, 163, 37]}, "value": {"text": "2023 Dec 30", "bbox": [167, 32, 202, 36]}}, {"key": {"text": "Patient ID", "bbox": [130, 40, 160, 45]}, "value": {"text": "8732322741", "bbox": [164, 41, 199, 45]}}, {"key": {"text": "Name", "bbox": [130, 50, 148, 54]}, "value": {"text": "NAKIA HOLBERTON", "bbox": [152, 50, 206, 54]}}, {"key": {"text": "Age", "bbox": [130, 59, 143, 64]}, "value": {"text": "14", "bbox": [147, 59, 154, 63]}}, {"key": {"text": "DOB", "bbox": [130, 68, 144, 72]}, "value": {"text": "11/09/2009", "bbox": [148, 68, 180, 72]}}]}