{"filename": "8732322741_01-05-2008-MRI_PROSTATE_W_WO_CONTRAST-39318_4_000000-t2spcrstaxial_oblProstate-50358_1-23.dcm", "annotation": [{"key": {"text": "Study Date"}, "value": {"text": "2023 Apr 11", "bbox": [40, 203, 75, 208]}}, {"key": {"text": "Name"}, "value": {"text": "FERNANDE LAWLER", "bbox": [79, 203, 134, 207]}}, {"key": {"text": "Patient Sex"}, "value": {"text": "F", "bbox": [138, 203, 141, 207]}}, {"key": {"text": "DOB", "bbox": [40, 212, 54, 216]}, "value": {"text": "07/22/1956", "bbox": [58, 212, 90, 216]}}]}