{"filename": "8732322741_01-05-2008-MRI_PROSTATE_W_WO_CONTRAST-39318_4_000000-t2spcrstaxial_oblProstate-50358_1-42.dcm", "annotation": [{"key": {"text": "Institution Name", "bbox": [48, 35, 97, 40]}, "value": {"text": "", "bbox": [0, 0, 0, 0]}}, {"key": {"text": "Study Date", "bbox": [48, 44, 81, 50]}, "value": {"text": "2023 Feb 15", "bbox": [85, 44, 120, 49]}}, {"key": {"text": "Patient ID", "bbox": [48, 53, 78, 58]}, "value": {"text": "8732322741", "bbox": [82, 54, 117, 58]}}, {"key": {"text": "Name", "bbox": [48, 63, 66, 67]}, "value": {"text": "DELORSE FIORA", "bbox": [70, 63, 115, 67]}}, {"key": {"text": "Age", "bbox": [48, 72, 61, 77]}, "value": {"text": "25", "bbox": [65, 72, 72, 76]}}, {"key": {"text": "DOB", "bbox": [48, 81, 62, 85]}, "value": {"text": "05/31/1997", "bbox": [66, 81, 98, 85]}}]}