{"filename": "8732322741_01-05-2008-MRI_PROSTATE_W_WO_CONTRAST-39318_4_000000-t2spcrstaxial_oblProstate-50358_1-07.dcm", "annotation": [{"key": {"text": "Study Date"}, "value": {"text": "2023 Jan 15", "bbox": [139, 33, 173, 38]}}, {"key": {"text": "Name"}, "value": {"text": "Marylou Sirak", "bbox": [177, 32, 217, 38]}}, {"key": {"text": "Patient Sex"}, "value": {"text": "F", "bbox": [221, 33, 224, 37]}}, {"key": {"text": "DOB", "bbox": [139, 42, 153, 46]}, "value": {"text": "05/15/1992", "bbox": [157, 42, 189, 46]}}]}