{"filename": "8732322741_01-05-2008-MRI_PROSTATE_W_WO_CONTRAST-39318_4_000000-t2spcrstaxial_oblProstate-50358_1-37.dcm", "annotation": [{"key": {"text": "Institution Name", "bbox": [143, 193, 192, 198]}, "value": {"text": "", "bbox": [0, 0, 0, 0]}}, {"key": {"text": "Study Date", "bbox": [143, 202, 176, 208]}, "value": {"text": "2023 Oct 17", "bbox": [180, 203, 215, 207]}}, {"key": {"text": "Patient ID", "bbox": [143, 211, 173, 216]}, "value": {"text": "8732322741", "bbox": [177, 212, 212, 216]}}, {"key": {"text": "Name", "bbox": [143, 221, 161, 225]}, "value": {"text": "WANDA KEIRN", "bbox": [165, 221, 205, 225]}}, {"key": {"text": "Age", "bbox": [143, 230, 156, 235]}, "value": {"text": "39", "bbox": [160, 230, 167, 234]}}, {"key": {"text": "DOB", "bbox": [143, 239, 157, 243]}, "value": {"text": "08/30/1984", "bbox": [161, 239, 193, 243]}}]}