{"filename": "8732322741_01-05-2008-MRI_PROSTATE_W_WO_CONTRAST-39318_4_000000-t2spcrstaxial_oblProstate-50358_1-53.dcm", "annotation": [{"key": {"text": "Institution Name", "bbox": [134, 199, 183, 204]}, "value": {"text": "", "bbox": [0, 0, 0, 0]}}, {"key": {"text": "Study Date", "bbox": [134, 208, 167, 214]}, "value": {"text": "2023 Jun 20", "bbox": [171, 209, 205, 214]}}, {"key": {"text": "Patient ID", "bbox": [134, 217, 164, 222]}, "value": {"text": "8732322741", "bbox": [168, 218, 203, 222]}}, {"key": {"text": "Name", "bbox": [134, 227, 152, 231]}, "value": {"text": "NYDIA BERARDINO", "bbox": [156, 227, 209, 231]}}, {"key": {"text": "Age", "bbox": [134, 236, 147, 241]}, "value": {"text": "55", "bbox": [151, 236, 158, 240]}}, {"key": {"text": "DOB", "bbox": [134, 245, 148, 249]}, "value": {"text": "06/09/1968", "bbox": [152, 245, 184, 249]}}]}