{"filename": "8732322741_01-05-2008-MRI_PROSTATE_W_WO_CONTRAST-39318_4_000000-t2spcrstaxial_oblProstate-50358_1-16.dcm", "annotation": [{"key": {"text": "Institution Name", "bbox": [142, 211, 191, 216]}, "value": {"text": "", "bbox": [0, 0, 0, 0]}}, {"key": {"text": "Study Date", "bbox": [142, 220, 175, 226]}, "value": {"text": "2023 Sep 09", "bbox": [179, 221, 214, 226]}}, {"key": {"text": "Patient ID", "bbox": [142, 229, 172, 234]}, "value": {"text": "8732322741", "bbox": [176, 230, 211, 234]}}, {"key": {"text": "Name", "bbox": [142, 239, 160, 243]}, "value": {"text": "Cher Eschrich", "bbox": [164, 238, 203, 243]}}, {"key": {"text": "Age", "bbox": [142, 248, 155, 253]}, "value": {"text": "68", "bbox": [159, 248, 166, 252]}}]}