{"filename": "8732322741_01-05-2008-MRI_PROSTATE_W_WO_CONTRAST-39318_4_000000-t2spcrstaxial_oblProstate-50358_1-47.dcm", "annotation": [{"key": {"text": "Study Date"}, "value": {"text": "2023 Aug 18", "bbox": [38, 25, 74, 30]}}, {"key": {"text": "Name"}, "value": {"text": "FLORANCE KLEMKE", "bbox": [78, 25, 133, 29]}}, {"key": {"text": "Patient Sex"}, "value": {"text": "F", "bbox": [137, 25, 140, 29]}}, {"key": {"text": "DOB", "bbox": [38, 34, 52, 38]}, "value": {"text": "08/20/1965", "bbox": [56, 34, 88, 38]}}]}