{"filename": "8732322741_01-05-2008-MRI_PROSTATE_W_WO_CONTRAST-39318_4_000000-t2spcrstaxial_oblProstate-50358_1-58.dcm", "annotation": [{"key": {"text": "Institution Name", "bbox": [45, 204, 94, 209]}, "value": {"text": "", "bbox": [0, 0, 0, 0]}}, {"key": {"text": "Study Date", "bbox": [45, 213, 78, 219]}, "value": {"text": "2023 Jul 06", "bbox": [82, 213, 114, 219]}}, {"key": {"text": "Patient ID", "bbox": [45, 222, 75, 227]}, "value": {"text": "8732322741", "bbox": [79, 223, 114, 227]}}, {"key": {"text": "Name", "bbox": [45, 232, 63, 236]}, "value": {"text": "SHANE SUMROW", "bbox": [67, 232, 115, 236]}}, {"key": {"text": "Age", "bbox": [45, 241, 58, 246]}, "value": {"text": "31", "bbox": [62, 241, 69, 245]}}, {"key": {"text": "DOB", "bbox": [45, 250, 59, 254]}, "value": {"text": "09/17/1991", "bbox": [63, 250, 95, 254]}}]}