{"filename": "8732322741_01-05-2008-MRI_PROSTATE_W_WO_CONTRAST-39318_4_000000-t2spcrstaxial_oblProstate-50358_1-45.dcm", "annotation": [{"key": {"text": "Institution Name", "bbox": [145, 214, 194, 219]}, "value": {"text": "", "bbox": [0, 0, 0, 0]}}, {"key": {"text": "Study Date", "bbox": [145, 223, 178, 229]}, "value": {"text": "2023 Apr 30", "bbox": [182, 224, 217, 229]}}, {"key": {"text": "Patient ID", "bbox": [145, 232, 175, 237]}, "value": {"text": "8732322741", "bbox": [179, 233, 214, 237]}}, {"key": {"text": "Name", "bbox": [145, 242, 163, 246]}, "value": {"text": "Hallie Selvester", "bbox": [167, 241, 212, 246]}}]}