{"filename": "8732322741_01-05-2008-MRI_PROSTATE_W_WO_CONTRAST-39318_4_000000-t2spcrstaxial_oblProstate-50358_1-26.dcm", "annotation": [{"key": {"text": "Institution Name", "bbox": [30, 19, 79, 24]}, "value": {"text": "", "bbox": [0, 0, 0, 0]}}, {"key": {"text": "Study Date", "bbox": [30, 28, 63, 34]}, "value": {"text": "2023 Nov 08", "bbox": [67, 29, 103, 33]}}, {"key": {"text": "Patient ID", "bbox": [30, 37, 60, 42]}, "value": {"text": "8732322741", "bbox": [64, 38, 99, 42]}}, {"key": {"text": "Name", "bbox": [30, 47, 48, 51]}, "value": {"text": "Simon Hammacher", "bbox": [52, 46, 106, 51]}}, {"key": {"text": "Age", "bbox": [30, 56, 43, 61]}, "value": {"text": "80", "bbox": [47, 56, 54, 60]}}, {"key": {"text": "DOB", "bbox": [30, 65, 44, 69]}, "value": {"text": "12/08/1942", "bbox": [48, 65, 80, 69]}}]}