{"filename": "8732322741_01-05-2008-MRI_PROSTATE_W_WO_CONTRAST-39318_4_000000-t2spcrstaxial_oblProstate-50358_1-36.dcm", "annotation": [{"key": {"text": "Institution Name", "bbox": [130, 34, 179, 39]}, "value": {"text": "", "bbox": [0, 0, 0, 0]}}, {"key": {"text": "Study Date", "bbox": [130, 43, 163, 49]}, "value": {"text": "2023 Jul 20", "bbox": [167, 43, 199, 49]}}, {"key": {"text": "Patient ID", "bbox": [130, 52, 160, 57]}, "value": {"text": "8732322741", "bbox": [164, 53, 199, 57]}}, {"key": {"text": "Name", "bbox": [130, 62, 148, 66]}, "value": {"text": "Delicia Snarr", "bbox": [152, 61, 189, 66]}}, {"key": {"text": "Age", "bbox": [130, 71, 143, 76]}, "value": {"text": "81", "bbox": [147, 71, 154, 75]}}, {"key": {"text": "DOB", "bbox": [130, 80, 144, 84]}, "value": {"text": "12/14/1941", "bbox": [148, 80, 180, 84]}}]}