{"filename": "8732322741_01-05-2008-MRI_PROSTATE_W_WO_CONTRAST-39318_4_000000-t2spcrstaxial_oblProstate-50358_1-55.dcm", "annotation": [{"key": {"text": "Institution Name", "bbox": [35, 202, 84, 207]}, "value": {"text": "", "bbox": [0, 0, 0, 0]}}, {"key": {"text": "Study Date", "bbox": [35, 211, 68, 217]}, "value": {"text": "2023 Apr 15", "bbox": [72, 212, 107, 217]}}, {"key": {"text": "Patient ID", "bbox": [35, 220, 65, 225]}, "value": {"text": "8732322741", "bbox": [69, 221, 104, 225]}}, {"key": {"text": "Name", "bbox": [35, 230, 53, 234]}, "value": {"text": "Norene Tebbetts", "bbox": [57, 229, 104, 234]}}, {"key": {"text": "Age", "bbox": [35, 239, 48, 244]}, "value": {"text": "79", "bbox": [52, 239, 59, 243]}}, {"key": {"text": "DOB", "bbox": [35, 248, 49, 252]}, "value": {"text": "07/22/1943", "bbox": [53, 248, 85, 252]}}]}