{"filename": "8732322741_01-05-2008-MRI_PROSTATE_W_WO_CONTRAST-39318_4_000000-t2spcrstaxial_oblProstate-50358_1-49.dcm", "annotation": [{"key": {"text": "Institution Name", "bbox": [143, 28, 192, 33]}, "value": {"text": "", "bbox": [0, 0, 0, 0]}}, {"key": {"text": "Study Date", "bbox": [143, 37, 176, 43]}, "value": {"text": "2023 Jul 28", "bbox": [180, 37, 212, 43]}}, {"key": {"text": "Patient ID", "bbox": [143, 46, 173, 51]}, "value": {"text": "8732322741", "bbox": [177, 47, 212, 51]}}, {"key": {"text": "Name", "bbox": [143, 56, 161, 60]}, "value": {"text": "KENNETH BORTNER", "bbox": [165, 56, 220, 60]}}, {"key": {"text": "Age", "bbox": [143, 65, 156, 70]}, "value": {"text": "67", "bbox": [160, 65, 167, 69]}}, {"key": {"text": "DOB", "bbox": [143, 74, 157, 78]}, "value": {"text": "06/30/1956", "bbox": [161, 74, 193, 78]}}]}