{"filename": "8732322741_01-05-2008-MRI_PROSTATE_W_WO_CONTRAST-39318_4_000000-t2spcrstaxial_oblProstate-50358_1-46.dcm", "annotation": [{"key": {"text": "Institution Name", "bbox": [33, 199, 82, 204]}, "value": {"text": "", "bbox": [0, 0, 0, 0]}}, {"key": {"text": "Study Date", "bbox": [33, 208, 66, 214]}, "value": {"text": "2023 Nov 03", "bbox": [70, 209, 106, 213]}}, {"key": {"text": "Patient ID", "bbox": [33, 217, 63, 222]}, "value": {"text": "8732322741", "bbox": [67, 218, 102, 222]}}, {"key": {"text": "Name", "bbox": [33, 227, 51, 231]}, "value": {"text": "ANNE SCHOEPF", "bbox": [55, 227, 99, 231]}}, {"key": {"text": "Age", "bbox": [33, 236, 46, 241]}, "value": {"text": "69", "bbox": [50, 236, 57, 240]}}, {"key": {"text": "DOB", "bbox": [33, 245, 47, 249]}, "value": {"text": "10/19/1954", "bbox": [51, 245, 83, 249]}}]}