{"filename": "8732322741_01-05-2008-MRI_PROSTATE_W_WO_CONTRAST-39318_4_000000-t2spcrstaxial_oblProstate-50358_1-34.dcm", "annotation": [{"key": {"text": "Institution Name", "bbox": [48, 215, 97, 220]}, "value": {"text": "", "bbox": [0, 0, 0, 0]}}, {"key": {"text": "Study Date", "bbox": [48, 224, 81, 230]}, "value": {"text": "2023 Apr 12", "bbox": [85, 225, 120, 230]}}, {"key": {"text": "Patient ID", "bbox": [48, 233, 78, 238]}, "value": {"text": "8732322741", "bbox": [82, 234, 117, 238]}}, {"key": {"text": "Name", "bbox": [48, 243, 66, 247]}, "value": {"text": "OTELIA SAVELLS", "bbox": [70, 243, 117, 247]}}]}