{"filename": "8732322741_01-05-2008-MRI_PROSTATE_W_WO_CONTRAST-39318_4_000000-t2spcrstaxial_oblProstate-50358_1-10.dcm", "annotation": [{"key": {"text": "Institution Name", "bbox": [42, 35, 91, 40]}, "value": {"text": "", "bbox": [0, 0, 0, 0]}}, {"key": {"text": "Study Date", "bbox": [42, 44, 75, 50]}, "value": {"text": "2023 Jul 17", "bbox": [79, 44, 111, 50]}}, {"key": {"text": "Patient ID", "bbox": [42, 53, 72, 58]}, "value": {"text": "8732322741", "bbox": [76, 54, 111, 58]}}, {"key": {"text": "Name", "bbox": [42, 63, 60, 67]}, "value": {"text": "ORVILLE NICKLIEN", "bbox": [64, 63, 116, 67]}}, {"key": {"text": "Age", "bbox": [42, 72, 55, 77]}, "value": {"text": "47", "bbox": [59, 72, 66, 76]}}, {"key": {"text": "DOB", "bbox": [42, 81, 56, 85]}, "value": {"text": "08/19/1975", "bbox": [60, 81, 92, 85]}}]}