{"filename": "8732322741_01-05-2008-MRI_PROSTATE_W_WO_CONTRAST-39318_4_000000-t2spcrstaxial_oblProstate-50358_1-30.dcm", "annotation": [{"key": {"text": "Institution Name", "bbox": [150, 22, 199, 27]}, "value": {"text": "", "bbox": [0, 0, 0, 0]}}, {"key": {"text": "Study Date", "bbox": [150, 31, 183, 37]}, "value": {"text": "2023 Jul 19", "bbox": [187, 31, 219, 37]}}, {"key": {"text": "Patient ID", "bbox": [150, 40, 180, 45]}, "value": {"text": "8732322741", "bbox": [184, 41, 219, 45]}}, {"key": {"text": "Name", "bbox": [150, 50, 168, 54]}, "value": {"text": "LAVERA HENSCHEL", "bbox": [172, 50, 226, 54]}}, {"key": {"text": "Age", "bbox": [150, 59, 163, 64]}, "value": {"text": "18", "bbox": [167, 59, 174, 63]}}, {"key": {"text": "DOB", "bbox": [150, 68, 164, 72]}, "value": {"text": "09/09/2004", "bbox": [168, 68, 200, 72]}}]}