{"filename": "8989193730_04-06-2004-18038_1001_000000-46518_1-1.dcm", "annotation": [{"key": {"text": "Institution Name", "bbox": [148, 103, 306, 115]}, "value": {"text": "Smith-Carpenter Community Hospital", "bbox": [310, 103, 648, 118]}}, {"key": {"text": "Study Date", "bbox": [148, 123, 255, 138]}, "value": {"text": "2023 Sep 04", "bbox": [259, 123, 371, 138]}}, {"key": {"text": "Patient ID", "bbox": [148, 143, 244, 155]}, "value": {"text": "8989193730", "bbox": [248, 143, 359, 155]}}, {"key": {"text": "Name", "bbox": [148, 163, 206, 175]}, "value": {"text": "Gerardo Heatwole", "bbox": [210, 163, 374, 175]}}, {"key": {"text": "Age", "bbox": [148, 183, 189, 198]}, "value": {"text": "13", "bbox": [193, 183, 215, 195]}}, {"key": {"text": "DOB", "bbox": [148, 203, 194, 215]}, "value": {"text": "06/03/2010", "bbox": [198, 203, 299, 216]}}]}