{"filename": "9894340694_04-16-1997-MRI_ABDOMEN_PELVIS_WWO_CONT-87318_15_000000-LIVER-PELVISHASTEAXIALP-65398_1-13.dcm", "annotation": [{"key": {"text": "Institution Name", "bbox": [49, 33, 98, 38]}, "value": {"text": "", "bbox": [0, 0, 0, 0]}}, {"key": {"text": "Study Date", "bbox": [49, 42, 82, 48]}, "value": {"text": "2023 Oct 14", "bbox": [86, 43, 121, 47]}}, {"key": {"text": "Patient ID", "bbox": [49, 51, 79, 56]}, "value": {"text": "9894340694", "bbox": [83, 52, 118, 56]}}, {"key": {"text": "Name", "bbox": [49, 61, 67, 65]}, "value": {"text": "Florentino Burry", "bbox": [71, 60, 118, 66]}}, {"key": {"text": "Age", "bbox": [49, 70, 62, 75]}, "value": {"text": "18", "bbox": [66, 70, 73, 74]}}, {"key": {"text": "DOB", "bbox": [49, 79, 63, 83]}, "value": {"text": "04/22/2005", "bbox": [67, 79, 99, 83]}}]}