{"filename": "9894340694_04-16-1997-MRI_ABDOMEN_PELVIS_WWO_CONT-87318_16_000000-LIVER-PELVISHASTESAGPOS-74838_1-10.dcm", "annotation": [{"key": {"text": "Institution Name", "bbox": [31, 28, 80, 33]}, "value": {"text": "", "bbox": [0, 0, 0, 0]}}, {"key": {"text": "Study Date", "bbox": [31, 37, 64, 43]}, "value": {"text": "2023 Feb 11", "bbox": [68, 37, 103, 42]}}, {"key": {"text": "Patient ID", "bbox": [31, 46, 61, 51]}, "value": {"text": "9894340694", "bbox": [65, 47, 100, 51]}}, {"key": {"text": "Name", "bbox": [31, 56, 49, 60]}, "value": {"text": "Anh Maniscalco", "bbox": [53, 55, 97, 60]}}, {"key": {"text": "Age", "bbox": [31, 65, 44, 70]}, "value": {"text": "57", "bbox": [48, 65, 55, 69]}}, {"key": {"text": "DOB", "bbox": [31, 74, 45, 78]}, "value": {"text": "01/01/1966", "bbox": [49, 74, 81, 78]}}]}