{"filename": "9894340694_04-16-1997-MRI_ABDOMEN_PELVIS_WWO_CONT-87318_6_000000-LIVER-KIDNEYTIFL2DAXIAL-30038_1-10.dcm", "annotation": [{"key": {"text": "Institution Name", "bbox": [47, 30, 96, 35]}, "value": {"text": "", "bbox": [0, 0, 0, 0]}}, {"key": {"text": "Study Date", "bbox": [47, 39, 80, 45]}, "value": {"text": "2023 Jun 26", "bbox": [84, 40, 118, 45]}}, {"key": {"text": "Patient ID", "bbox": [47, 48, 77, 53]}, "value": {"text": "9894340694", "bbox": [81, 49, 116, 53]}}, {"key": {"text": "Name", "bbox": [47, 58, 65, 62]}, "value": {"text": "SHENA CIRONE", "bbox": [69, 58, 112, 62]}}, {"key": {"text": "Age", "bbox": [47, 67, 60, 72]}, "value": {"text": "31", "bbox": [64, 67, 71, 71]}}, {"key": {"text": "DOB", "bbox": [47, 76, 61, 80]}, "value": {"text": "03/28/1992", "bbox": [65, 76, 97, 80]}}]}