{"filename": "9894340694_04-16-1997-MRI_ABDOMEN_PELVIS_WWO_CONT-87318_15_000000-LIVER-PELVISHASTEAXIALP-65398_1-08.dcm", "annotation": [{"key": {"text": "Institution Name", "bbox": [138, 211, 187, 216]}, "value": {"text": "", "bbox": [0, 0, 0, 0]}}, {"key": {"text": "Study Date", "bbox": [138, 220, 171, 226]}, "value": {"text": "2023 Sep 11", "bbox": [175, 221, 210, 226]}}, {"key": {"text": "Patient ID", "bbox": [138, 229, 168, 234]}, "value": {"text": "9894340694", "bbox": [172, 230, 207, 234]}}, {"key": {"text": "Name", "bbox": [138, 239, 156, 243]}, "value": {"text": "Coletta Kirschke", "bbox": [160, 238, 207, 243]}}, {"key": {"text": "Age", "bbox": [138, 248, 151, 253]}, "value": {"text": "74", "bbox": [155, 248, 162, 252]}}]}