{"filename": "9894340694_04-16-1997-MRI_ABDOMEN_PELVIS_WWO_CONT-87318_15_000000-LIVER-PELVISHASTEAXIALP-65398_1-05.dcm", "annotation": [{"key": {"text": "Study Date"}, "value": {"text": "2023 Nov 07", "bbox": [152, 39, 188, 43]}}, {"key": {"text": "Name"}, "value": {"text": "Otto Ramp", "bbox": [192, 39, 223, 44]}}, {"key": {"text": "Patient Sex"}, "value": {"text": "F", "bbox": [227, 39, 230, 43]}}, {"key": {"text": "DOB", "bbox": [152, 48, 166, 52]}, "value": {"text": "08/02/1976", "bbox": [170, 48, 202, 52]}}]}