{"filename": "9894340694_04-16-1997-MRI_ABDOMEN_PELVIS_WWO_CONT-87318_15_000000-LIVER-PELVISHASTEAXIALP-65398_1-01.dcm", "annotation": [{"key": {"text": "Institution Name", "bbox": [148, 211, 197, 216]}, "value": {"text": "", "bbox": [0, 0, 0, 0]}}, {"key": {"text": "Study Date", "bbox": [148, 220, 181, 226]}, "value": {"text": "2023 Sep 30", "bbox": [185, 221, 220, 226]}}, {"key": {"text": "Patient ID", "bbox": [148, 229, 178, 234]}, "value": {"text": "9894340694", "bbox": [182, 230, 217, 234]}}, {"key": {"text": "Name", "bbox": [148, 239, 166, 243]}, "value": {"text": "Karleen Mautte", "bbox": [170, 238, 214, 243]}}, {"key": {"text": "Age", "bbox": [148, 248, 161, 253]}, "value": {"text": "23", "bbox": [165, 248, 172, 252]}}]}