{"filename": "9894340694_04-16-1997-MRI_ABDOMEN_PELVIS_WWO_CONT-87318_6_000000-LIVER-KIDNEYTIFL2DAXIAL-30038_1-02.dcm", "annotation": [{"key": {"text": "Institution Name", "bbox": [27, 206, 76, 211]}, "value": {"text": "", "bbox": [0, 0, 0, 0]}}, {"key": {"text": "Study Date", "bbox": [27, 215, 60, 221]}, "value": {"text": "2023 Oct 08", "bbox": [64, 216, 99, 220]}}, {"key": {"text": "Patient ID", "bbox": [27, 224, 57, 229]}, "value": {"text": "9894340694", "bbox": [61, 225, 96, 229]}}, {"key": {"text": "Name", "bbox": [27, 234, 45, 238]}, "value": {"text": "Lawanda Miecznikowski", "bbox": [49, 233, 117, 238]}}, {"key": {"text": "Age", "bbox": [27, 243, 40, 248]}, "value": {"text": "73", "bbox": [44, 243, 51, 247]}}]}