{"filename": "9894340694_04-16-1997-MRI_ABDOMEN_PELVIS_WWO_CONT-87318_15_000000-LIVER-PELVISHASTEAXIALP-65398_1-26.dcm", "annotation": [{"key": {"text": "Institution Name", "bbox": [35, 207, 84, 212]}, "value": {"text": "", "bbox": [0, 0, 0, 0]}}, {"key": {"text": "Study Date", "bbox": [35, 216, 68, 222]}, "value": {"text": "2023 Feb 06", "bbox": [72, 216, 107, 221]}}, {"key": {"text": "Patient ID", "bbox": [35, 225, 65, 230]}, "value": {"text": "9894340694", "bbox": [69, 226, 104, 230]}}, {"key": {"text": "Name", "bbox": [35, 235, 53, 239]}, "value": {"text": "Luanne Perciballi", "bbox": [57, 234, 106, 239]}}, {"key": {"text": "Age", "bbox": [35, 244, 48, 249]}, "value": {"text": "76", "bbox": [52, 244, 59, 248]}}]}