{"filename": "9894340694_04-16-1997-MRI_ABDOMEN_PELVIS_WWO_CONT-87318_15_000000-LIVER-PELVISHASTEAXIALP-65398_1-06.dcm", "annotation": [{"key": {"text": "Institution Name", "bbox": [44, 38, 93, 43]}, "value": {"text": "", "bbox": [0, 0, 0, 0]}}, {"key": {"text": "Study Date", "bbox": [44, 47, 77, 53]}, "value": {"text": "2023 Jul 04", "bbox": [81, 47, 113, 53]}}, {"key": {"text": "Patient ID", "bbox": [44, 56, 74, 61]}, "value": {"text": "9894340694", "bbox": [78, 57, 113, 61]}}, {"key": {"text": "Name", "bbox": [44, 66, 62, 70]}, "value": {"text": "Rochell Geddis", "bbox": [66, 65, 108, 70]}}, {"key": {"text": "Age", "bbox": [44, 75, 57, 80]}, "value": {"text": "39", "bbox": [61, 75, 68, 79]}}, {"key": {"text": "DOB", "bbox": [44, 84, 58, 88]}, "value": {"text": "10/06/1983", "bbox": [62, 84, 94, 88]}}]}