{"filename": "9894340694_04-16-1997-MRI_ABDOMEN_PELVIS_WWO_CONT-87318_16_000000-LIVER-PELVISHASTESAGPOS-74838_1-25.dcm", "annotation": [{"key": {"text": "Institution Name", "bbox": [37, 16, 86, 21]}, "value": {"text": "", "bbox": [0, 0, 0, 0]}}, {"key": {"text": "Study Date", "bbox": [37, 25, 70, 31]}, "value": {"text": "2023 Sep 06", "bbox": [74, 26, 109, 31]}}, {"key": {"text": "Patient ID", "bbox": [37, 34, 67, 39]}, "value": {"text": "9894340694", "bbox": [71, 35, 106, 39]}}, {"key": {"text": "Name", "bbox": [37, 44, 55, 48]}, "value": {"text": "LILA GIANNINI", "bbox": [59, 44, 99, 48]}}, {"key": {"text": "Age", "bbox": [37, 53, 50, 58]}, "value": {"text": "17", "bbox": [54, 53, 61, 57]}}, {"key": {"text": "DOB", "bbox": [37, 62, 51, 66]}, "value": {"text": "06/15/2006", "bbox": [55, 62, 87, 66]}}]}