{"filename": "9894340694_04-16-1997-MRI_ABDOMEN_PELVIS_WWO_CONT-87318_16_000000-LIVER-PELVISHASTESAGPOS-74838_1-19.dcm", "annotation": [{"key": {"text": "Institution Name", "bbox": [153, 198, 202, 203]}, "value": {"text": "", "bbox": [0, 0, 0, 0]}}, {"key": {"text": "Study Date", "bbox": [153, 207, 186, 213]}, "value": {"text": "2023 Oct 13", "bbox": [190, 208, 225, 212]}}, {"key": {"text": "Patient ID", "bbox": [153, 216, 183, 221]}, "value": {"text": "9894340694", "bbox": [187, 217, 222, 221]}}, {"key": {"text": "Name", "bbox": [153, 226, 171, 230]}, "value": {"text": "Val Stjacques", "bbox": [175, 225, 213, 231]}}, {"key": {"text": "Age", "bbox": [153, 235, 166, 240]}, "value": {"text": "23", "bbox": [170, 235, 177, 239]}}, {"key": {"text": "DOB", "bbox": [153, 244, 167, 248]}, "value": {"text": "02/06/2000", "bbox": [171, 244, 203, 248]}}]}