{"filename": "9894340694_04-16-1997-MRI_ABDOMEN_PELVIS_WWO_CONT-87318_6_000000-LIVER-KIDNEYTIFL2DAXIAL-30038_1-16.dcm", "annotation": [{"key": {"text": "Institution Name", "bbox": [26, 28, 75, 33]}, "value": {"text": "", "bbox": [0, 0, 0, 0]}}, {"key": {"text": "Study Date", "bbox": [26, 37, 59, 43]}, "value": {"text": "2023 Feb 26", "bbox": [63, 37, 98, 42]}}, {"key": {"text": "Patient ID", "bbox": [26, 46, 56, 51]}, "value": {"text": "9894340694", "bbox": [60, 47, 95, 51]}}, {"key": {"text": "Name", "bbox": [26, 56, 44, 60]}, "value": {"text": "POLLY AMAKER", "bbox": [48, 56, 91, 60]}}, {"key": {"text": "Age", "bbox": [26, 65, 39, 70]}, "value": {"text": "49", "bbox": [43, 65, 50, 69]}}, {"key": {"text": "DOB", "bbox": [26, 74, 40, 78]}, "value": {"text": "05/21/1973", "bbox": [44, 74, 76, 78]}}]}