{"filename": "9894340694_04-16-1997-MRI_ABDOMEN_PELVIS_WWO_CONT-87318_16_000000-LIVER-PELVISHASTESAGPOS-74838_1-17.dcm", "annotation": [{"key": {"text": "Institution Name", "bbox": [37, 203, 86, 208]}, "value": {"text": "", "bbox": [0, 0, 0, 0]}}, {"key": {"text": "Study Date", "bbox": [37, 212, 70, 218]}, "value": {"text": "2023 Oct 12", "bbox": [74, 213, 109, 217]}}, {"key": {"text": "Patient ID", "bbox": [37, 221, 67, 226]}, "value": {"text": "9894340694", "bbox": [71, 222, 106, 226]}}, {"key": {"text": "Name", "bbox": [37, 231, 55, 235]}, "value": {"text": "LONI SERMENO", "bbox": [59, 231, 102, 235]}}, {"key": {"text": "Age", "bbox": [37, 240, 50, 245]}, "value": {"text": "41", "bbox": [54, 240, 61, 244]}}, {"key": {"text": "DOB", "bbox": [37, 249, 51, 253]}, "value": {"text": "05/25/1982", "bbox": [55, 249, 87, 253]}}]}