{"filename": "9894340694_04-16-1997-MRI_ABDOMEN_PELVIS_WWO_CONT-87318_15_000000-LIVER-PELVISHASTEAXIALP-65398_1-25.dcm", "annotation": [{"key": {"text": "Institution Name", "bbox": [137, 16, 186, 21]}, "value": {"text": "", "bbox": [0, 0, 0, 0]}}, {"key": {"text": "Study Date", "bbox": [137, 25, 170, 31]}, "value": {"text": "2023 Aug 16", "bbox": [174, 26, 210, 31]}}, {"key": {"text": "Patient ID", "bbox": [137, 34, 167, 39]}, "value": {"text": "9894340694", "bbox": [171, 35, 206, 39]}}, {"key": {"text": "Name", "bbox": [137, 44, 155, 48]}, "value": {"text": "SEPTEMBER DUMAG", "bbox": [159, 44, 215, 48]}}, {"key": {"text": "Age", "bbox": [137, 53, 150, 58]}, "value": {"text": "77", "bbox": [154, 53, 161, 57]}}, {"key": {"text": "DOB", "bbox": [137, 62, 151, 66]}, "value": {"text": "04/28/1946", "bbox": [155, 62, 187, 66]}}]}