{"filename": "9894340694_04-16-1997-MRI_ABDOMEN_PELVIS_WWO_CONT-87318_16_000000-LIVER-PELVISHASTESAGPOS-74838_1-03.dcm", "annotation": [{"key": {"text": "Study Date"}, "value": {"text": "2023 Jun 20", "bbox": [42, 20, 76, 25]}}, {"key": {"text": "Name"}, "value": {"text": "Elouise Ogletree", "bbox": [80, 19, 127, 25]}}, {"key": {"text": "Patient Sex"}, "value": {"text": "M", "bbox": [131, 20, 136, 24]}}, {"key": {"text": "DOB", "bbox": [42, 29, 56, 33]}, "value": {"text": "03/16/1992", "bbox": [60, 29, 92, 33]}}]}