{"filename": "9894340694_04-16-1997-MRI_ABDOMEN_PELVIS_WWO_CONT-87318_16_000000-LIVER-PELVISHASTESAGPOS-74838_1-23.dcm", "annotation": [{"key": {"text": "Institution Name", "bbox": [45, 34, 94, 39]}, "value": {"text": "", "bbox": [0, 0, 0, 0]}}, {"key": {"text": "Study Date", "bbox": [45, 43, 78, 49]}, "value": {"text": "2023 Mar 18", "bbox": [82, 44, 118, 48]}}, {"key": {"text": "Patient ID", "bbox": [45, 52, 75, 57]}, "value": {"text": "9894340694", "bbox": [79, 53, 114, 57]}}, {"key": {"text": "Name", "bbox": [45, 62, 63, 66]}, "value": {"text": "Robin Caldero", "bbox": [67, 61, 107, 66]}}, {"key": {"text": "Age", "bbox": [45, 71, 58, 76]}, "value": {"text": "68", "bbox": [62, 71, 69, 75]}}, {"key": {"text": "DOB", "bbox": [45, 80, 59, 84]}, "value": {"text": "06/06/1954", "bbox": [63, 80, 95, 84]}}]}