{"filename": "9894340694_04-16-1997-MRI_ABDOMEN_PELVIS_WWO_CONT-87318_15_000000-LIVER-PELVISHASTEAXIALP-65398_1-10.dcm", "annotation": [{"key": {"text": "Institution Name", "bbox": [137, 33, 186, 38]}, "value": {"text": "", "bbox": [0, 0, 0, 0]}}, {"key": {"text": "Study Date", "bbox": [137, 42, 170, 48]}, "value": {"text": "2023 Mar 01", "bbox": [174, 43, 210, 47]}}, {"key": {"text": "Patient ID", "bbox": [137, 51, 167, 56]}, "value": {"text": "9894340694", "bbox": [171, 52, 206, 56]}}, {"key": {"text": "Name", "bbox": [137, 61, 155, 65]}, "value": {"text": "Ruben Thamphia", "bbox": [159, 60, 206, 66]}}, {"key": {"text": "Age", "bbox": [137, 70, 150, 75]}, "value": {"text": "36", "bbox": [154, 70, 161, 74]}}, {"key": {"text": "DOB", "bbox": [137, 79, 151, 83]}, "value": {"text": "05/02/1986", "bbox": [155, 79, 187, 83]}}]}