{"filename": "9894340694_04-16-1997-MRI_ABDOMEN_PELVIS_WWO_CONT-87318_16_000000-LIVER-PELVISHASTESAGPOS-74838_1-16.dcm", "annotation": [{"key": {"text": "Institution Name", "bbox": [35, 35, 84, 40]}, "value": {"text": "", "bbox": [0, 0, 0, 0]}}, {"key": {"text": "Study Date", "bbox": [35, 44, 68, 50]}, "value": {"text": "2023 Jan 04", "bbox": [72, 45, 106, 50]}}, {"key": {"text": "Patient ID", "bbox": [35, 53, 65, 58]}, "value": {"text": "9894340694", "bbox": [69, 54, 104, 58]}}, {"key": {"text": "Name", "bbox": [35, 63, 53, 67]}, "value": {"text": "Natalya Mccurtain", "bbox": [57, 62, 109, 68]}}, {"key": {"text": "Age", "bbox": [35, 72, 48, 77]}, "value": {"text": "57", "bbox": [52, 72, 59, 76]}}, {"key": {"text": "DOB", "bbox": [35, 81, 49, 85]}, "value": {"text": "07/31/1965", "bbox": [53, 81, 85, 85]}}]}