{"filename": "9894340694_04-16-1997-MRI_ABDOMEN_PELVIS_WWO_CONT-87318_6_000000-LIVER-KIDNEYTIFL2DAXIAL-30038_1-09.dcm", "annotation": [{"key": {"text": "Institution Name", "bbox": [36, 14, 85, 19]}, "value": {"text": "", "bbox": [0, 0, 0, 0]}}, {"key": {"text": "Study Date", "bbox": [36, 23, 69, 29]}, "value": {"text": "2023 Jun 16", "bbox": [73, 24, 107, 29]}}, {"key": {"text": "Patient ID", "bbox": [36, 32, 66, 37]}, "value": {"text": "9894340694", "bbox": [70, 33, 105, 37]}}, {"key": {"text": "Name", "bbox": [36, 42, 54, 46]}, "value": {"text": "DULCIE AKI", "bbox": [58, 42, 90, 46]}}, {"key": {"text": "Age", "bbox": [36, 51, 49, 56]}, "value": {"text": "82", "bbox": [53, 51, 60, 55]}}, {"key": {"text": "DOB", "bbox": [36, 60, 50, 64]}, "value": {"text": "08/21/1940", "bbox": [54, 60, 86, 64]}}]}