{"filename": "9894340694_04-16-1997-MRI_ABDOMEN_PELVIS_WWO_CONT-87318_15_000000-LIVER-PELVISHASTEAXIALP-65398_1-22.dcm", "annotation": [{"key": {"text": "Study Date"}, "value": {"text": "2023 Jul 04", "bbox": [153, 198, 185, 204]}}, {"key": {"text": "Name"}, "value": {"text": "Aletha Banaszak", "bbox": [189, 198, 236, 203]}}, {"key": {"text": "Patient Sex"}, "value": {"text": "F", "bbox": [240, 199, 243, 203]}}, {"key": {"text": "DOB", "bbox": [153, 208, 167, 212]}, "value": {"text": "03/04/1969", "bbox": [171, 208, 203, 212]}}]}