{"filename": "9894340694_04-16-1997-MRI_ABDOMEN_PELVIS_WWO_CONT-87318_15_000000-LIVER-PELVISHASTEAXIALP-65398_1-04.dcm", "annotation": [{"key": {"text": "Institution Name", "bbox": [28, 211, 77, 216]}, "value": {"text": "", "bbox": [0, 0, 0, 0]}}, {"key": {"text": "Study Date", "bbox": [28, 220, 61, 226]}, "value": {"text": "2023 Sep 20", "bbox": [65, 221, 100, 226]}}, {"key": {"text": "Patient ID", "bbox": [28, 229, 58, 234]}, "value": {"text": "9894340694", "bbox": [62, 230, 97, 234]}}, {"key": {"text": "Name", "bbox": [28, 239, 46, 243]}, "value": {"text": "LARRY QUIROZ", "bbox": [50, 239, 92, 244]}}, {"key": {"text": "Age", "bbox": [28, 248, 41, 253]}, "value": {"text": "80", "bbox": [45, 248, 52, 252]}}]}