{"filename": "9894340694_04-16-1997-MRI_ABDOMEN_PELVIS_WWO_CONT-87318_6_000000-LIVER-KIDNEYTIFL2DAXIAL-30038_1-04.dcm", "annotation": [{"key": {"text": "Study Date"}, "value": {"text": "2023 Mar 30", "bbox": [33, 22, 69, 26]}}, {"key": {"text": "Name"}, "value": {"text": "AMADO MARRINGTON", "bbox": [73, 22, 134, 26]}}, {"key": {"text": "Patient Sex"}, "value": {"text": "F", "bbox": [138, 22, 141, 26]}}, {"key": {"text": "DOB", "bbox": [33, 31, 47, 35]}, "value": {"text": "12/11/1996", "bbox": [51, 31, 83, 35]}}]}