{"filename": "9894340694_04-16-1997-MRI_ABDOMEN_PELVIS_WWO_CONT-87318_16_000000-LIVER-PELVISHASTESAGPOS-74838_1-15.dcm", "annotation": [{"key": {"text": "Study Date"}, "value": {"text": "2023 Aug 17", "bbox": [139, 193, 175, 198]}}, {"key": {"text": "Name"}, "value": {"text": "ROXY KERTELS", "bbox": [179, 193, 221, 197]}}, {"key": {"text": "Patient Sex"}, "value": {"text": "F", "bbox": [225, 193, 228, 197]}}, {"key": {"text": "DOB", "bbox": [139, 202, 153, 206]}, "value": {"text": "11/19/1964", "bbox": [157, 202, 189, 206]}}]}