{"filename": "9894340694_04-16-1997-MRI_ABDOMEN_PELVIS_WWO_CONT-87318_15_000000-LIVER-PELVISHASTEAXIALP-65398_1-09.dcm", "annotation": [{"key": {"text": "Institution Name", "bbox": [143, 217, 192, 222]}, "value": {"text": "", "bbox": [0, 0, 0, 0]}}, {"key": {"text": "Study Date", "bbox": [143, 226, 176, 232]}, "value": {"text": "2023 Sep 29", "bbox": [180, 227, 215, 232]}}, {"key": {"text": "Patient ID", "bbox": [143, 235, 173, 240]}, "value": {"text": "9894340694", "bbox": [177, 236, 212, 240]}}, {"key": {"text": "Name", "bbox": [143, 245, 161, 249]}, "value": {"text": "Bettina Hemken", "bbox": [165, 244, 211, 249]}}]}