{"filename": "9894340694_04-16-1997-MRI_ABDOMEN_PELVIS_WWO_CONT-87318_6_000000-LIVER-KIDNEYTIFL2DAXIAL-30038_1-03.dcm", "annotation": [{"key": {"text": "Institution Name", "bbox": [133, 217, 182, 222]}, "value": {"text": "", "bbox": [0, 0, 0, 0]}}, {"key": {"text": "Study Date", "bbox": [133, 226, 166, 232]}, "value": {"text": "2023 Jun 24", "bbox": [170, 227, 204, 232]}}, {"key": {"text": "Patient ID", "bbox": [133, 235, 163, 240]}, "value": {"text": "9894340694", "bbox": [167, 236, 202, 240]}}, {"key": {"text": "Name", "bbox": [133, 245, 151, 249]}, "value": {"text": "Vergie Aul", "bbox": [155, 244, 184, 250]}}]}