{"filename": "9894340694_04-16-1997-MRI_ABDOMEN_PELVIS_WWO_CONT-87318_16_000000-LIVER-PELVISHASTESAGPOS-74838_1-21.dcm", "annotation": [{"key": {"text": "Study Date"}, "value": {"text": "2023 Nov 06", "bbox": [31, 19, 67, 23]}}, {"key": {"text": "Name"}, "value": {"text": "Dreama Whitelaw", "bbox": [71, 18, 121, 23]}}, {"key": {"text": "Patient Sex"}, "value": {"text": "M", "bbox": [125, 19, 130, 23]}}, {"key": {"text": "DOB", "bbox": [31, 28, 45, 32]}, "value": {"text": "07/29/1968", "bbox": [49, 28, 81, 32]}}]}