{"filename": "9894340694_04-16-1997-MRI_ABDOMEN_PELVIS_WWO_CONT-87318_6_000000-LIVER-KIDNEYTIFL2DAXIAL-30038_1-15.dcm", "annotation": [{"key": {"text": "Institution Name", "bbox": [149, 214, 198, 219]}, "value": {"text": "", "bbox": [0, 0, 0, 0]}}, {"key": {"text": "Study Date", "bbox": [149, 223, 182, 229]}, "value": {"text": "2023 Jun 05", "bbox": [186, 224, 220, 229]}}, {"key": {"text": "Patient ID", "bbox": [149, 232, 179, 237]}, "value": {"text": "9894340694", "bbox": [183, 233, 218, 237]}}, {"key": {"text": "Name", "bbox": [149, 242, 167, 246]}, "value": {"text": "KOURTNEY MARSINGILL", "bbox": [171, 242, 238, 246]}}]}