{"filename": "9894340694_04-16-1997-MRI_ABDOMEN_PELVIS_WWO_CONT-87318_6_000000-LIVER-KIDNEYTIFL2DAXIAL-30038_1-06.dcm", "annotation": [{"key": {"text": "Institution Name", "bbox": [145, 34, 194, 39]}, "value": {"text": "", "bbox": [0, 0, 0, 0]}}, {"key": {"text": "Study Date", "bbox": [145, 43, 178, 49]}, "value": {"text": "2023 Aug 11", "bbox": [182, 44, 218, 49]}}, {"key": {"text": "Patient ID", "bbox": [145, 52, 175, 57]}, "value": {"text": "9894340694", "bbox": [179, 53, 214, 57]}}, {"key": {"text": "Name", "bbox": [145, 62, 163, 66]}, "value": {"text": "SHANELL HALVORSEN", "bbox": [167, 62, 228, 66]}}, {"key": {"text": "Age", "bbox": [145, 71, 158, 76]}, "value": {"text": "44", "bbox": [162, 71, 169, 75]}}, {"key": {"text": "DOB", "bbox": [145, 80, 159, 84]}, "value": {"text": "07/10/1979", "bbox": [163, 80, 195, 84]}}]}