{"filename": "9894340694_04-16-1997-MRI_ABDOMEN_PELVIS_WWO_CONT-87318_16_000000-LIVER-PELVISHASTESAGPOS-74838_1-08.dcm", "annotation": [{"key": {"text": "Study Date"}, "value": {"text": "2023 Mar 29", "bbox": [33, 36, 69, 40]}}, {"key": {"text": "Name"}, "value": {"text": "Marvella Stindt", "bbox": [73, 35, 117, 40]}}, {"key": {"text": "Patient Sex"}, "value": {"text": "F", "bbox": [121, 36, 124, 40]}}, {"key": {"text": "DOB", "bbox": [33, 45, 47, 49]}, "value": {"text": "04/04/1968", "bbox": [51, 45, 83, 49]}}]}