{"filename": "9894340694_04-16-1997-MRI_ABDOMEN_PELVIS_WWO_CONT-87318_16_000000-LIVER-PELVISHASTESAGPOS-74838_1-13.dcm", "annotation": [{"key": {"text": "Institution Name", "bbox": [129, 31, 178, 36]}, "value": {"text": "", "bbox": [0, 0, 0, 0]}}, {"key": {"text": "Study Date", "bbox": [129, 40, 162, 46]}, "value": {"text": "2023 Jun 08", "bbox": [166, 41, 200, 46]}}, {"key": {"text": "Patient ID", "bbox": [129, 49, 159, 54]}, "value": {"text": "9894340694", "bbox": [163, 50, 198, 54]}}, {"key": {"text": "Name", "bbox": [129, 59, 147, 63]}, "value": {"text": "SHAUNTA MCKERLIE", "bbox": [151, 59, 208, 63]}}, {"key": {"text": "Age", "bbox": [129, 68, 142, 73]}, "value": {"text": "45", "bbox": [146, 68, 153, 72]}}, {"key": {"text": "DOB", "bbox": [129, 77, 143, 81]}, "value": {"text": "01/06/1978", "bbox": [147, 77, 179, 81]}}]}