{"filename": "9894340694_04-16-1997-MRI_ABDOMEN_PELVIS_WWO_CONT-87318_16_000000-LIVER-PELVISHASTESAGPOS-74838_1-22.dcm", "annotation": [{"key": {"text": "Study Date"}, "value": {"text": "2023 Mar 20", "bbox": [140, 201, 176, 205]}}, {"key": {"text": "Name"}, "value": {"text": "CARLA ZYSETT", "bbox": [180, 201, 222, 205]}}, {"key": {"text": "Patient Sex"}, "value": {"text": "M", "bbox": [226, 201, 231, 205]}}, {"key": {"text": "DOB", "bbox": [140, 210, 154, 214]}, "value": {"text": "04/29/1956", "bbox": [158, 210, 190, 214]}}]}