{"filename": "9894340694_04-16-1997-MRI_ABDOMEN_PELVIS_WWO_CONT-87318_6_000000-LIVER-KIDNEYTIFL2DAXIAL-30038_1-17.dcm", "annotation": [{"key": {"text": "Institution Name", "bbox": [131, 32, 180, 37]}, "value": {"text": "", "bbox": [0, 0, 0, 0]}}, {"key": {"text": "Study Date", "bbox": [131, 41, 164, 47]}, "value": {"text": "2023 Mar 27", "bbox": [168, 42, 204, 46]}}, {"key": {"text": "Patient ID", "bbox": [131, 50, 161, 55]}, "value": {"text": "9894340694", "bbox": [165, 51, 200, 55]}}, {"key": {"text": "Name", "bbox": [131, 60, 149, 64]}, "value": {"text": "Renay Beechler", "bbox": [153, 59, 197, 65]}}, {"key": {"text": "Age", "bbox": [131, 69, 144, 74]}, "value": {"text": "59", "bbox": [148, 69, 155, 73]}}, {"key": {"text": "DOB", "bbox": [131, 78, 145, 82]}, "value": {"text": "03/09/1964", "bbox": [149, 78, 181, 82]}}]}