{"filename": "9894340694_04-16-1997-MRI_ABDOMEN_PELVIS_WWO_CONT-87318_6_000000-LIVER-KIDNEYTIFL2DAXIAL-30038_1-12.dcm", "annotation": [{"key": {"text": "Institution Name", "bbox": [49, 212, 98, 217]}, "value": {"text": "", "bbox": [0, 0, 0, 0]}}, {"key": {"text": "Study Date", "bbox": [49, 221, 82, 227]}, "value": {"text": "2023 Dec 03", "bbox": [86, 222, 121, 226]}}, {"key": {"text": "Patient ID", "bbox": [49, 230, 79, 235]}, "value": {"text": "9894340694", "bbox": [83, 231, 118, 235]}}, {"key": {"text": "Name", "bbox": [49, 240, 67, 244]}, "value": {"text": "HARRIETTE MCVEIGH", "bbox": [71, 240, 130, 244]}}, {"key": {"text": "Age", "bbox": [49, 249, 62, 254]}, "value": {"text": "73", "bbox": [66, 249, 73, 253]}}]}