{"filename": "9894340694_04-16-1997-MRI_ABDOMEN_PELVIS_WWO_CONT-87318_15_000000-LIVER-PELVISHASTEAXIALP-65398_1-17.dcm", "annotation": [{"key": {"text": "Study Date"}, "value": {"text": "2023 Jul 22", "bbox": [42, 194, 74, 200]}}, {"key": {"text": "Name"}, "value": {"text": "Cristi Ostrosky", "bbox": [78, 194, 120, 200]}}, {"key": {"text": "Patient Sex"}, "value": {"text": "F", "bbox": [124, 195, 127, 199]}}, {"key": {"text": "DOB", "bbox": [42, 204, 56, 208]}, "value": {"text": "10/03/1975", "bbox": [60, 204, 92, 208]}}]}