{"filename": "9894340694_04-16-1997-MRI_ABDOMEN_PELVIS_WWO_CONT-87318_15_000000-LIVER-PELVISHASTEAXIALP-65398_1-16.dcm", "annotation": [{"key": {"text": "Institution Name", "bbox": [153, 17, 202, 22]}, "value": {"text": "", "bbox": [0, 0, 0, 0]}}, {"key": {"text": "Study Date", "bbox": [153, 26, 186, 32]}, "value": {"text": "2023 May 18", "bbox": [190, 27, 226, 32]}}, {"key": {"text": "Patient ID", "bbox": [153, 35, 183, 40]}, "value": {"text": "9894340694", "bbox": [187, 36, 222, 40]}}, {"key": {"text": "Name", "bbox": [153, 45, 171, 49]}, "value": {"text": "SEPTEMBER HASPER", "bbox": [175, 45, 233, 49]}}, {"key": {"text": "Age", "bbox": [153, 54, 166, 59]}, "value": {"text": "34", "bbox": [170, 54, 177, 58]}}, {"key": {"text": "DOB", "bbox": [153, 63, 167, 67]}, "value": {"text": "01/10/1989", "bbox": [171, 63, 203, 67]}}]}