{"filename": "9894340694_04-16-1997-MRI_ABDOMEN_PELVIS_WWO_CONT-87318_16_000000-LIVER-PELVISHASTESAGPOS-74838_1-09.dcm", "annotation": [{"key": {"text": "Institution Name", "bbox": [39, 30, 88, 35]}, "value": {"text": "", "bbox": [0, 0, 0, 0]}}, {"key": {"text": "Study Date", "bbox": [39, 39, 72, 45]}, "value": {"text": "2023 Jul 16", "bbox": [76, 39, 108, 45]}}, {"key": {"text": "Patient ID", "bbox": [39, 48, 69, 53]}, "value": {"text": "9894340694", "bbox": [73, 49, 108, 53]}}, {"key": {"text": "Name", "bbox": [39, 58, 57, 62]}, "value": {"text": "LAWERENCE LISH", "bbox": [61, 58, 110, 62]}}, {"key": {"text": "Age", "bbox": [39, 67, 52, 72]}, "value": {"text": "76", "bbox": [56, 67, 63, 71]}}, {"key": {"text": "DOB", "bbox": [39, 76, 53, 80]}, "value": {"text": "06/13/1947", "bbox": [57, 76, 89, 80]}}]}