{"filename": "9894340694_04-16-1997-MRI_ABDOMEN_PELVIS_WWO_CONT-87318_6_000000-LIVER-KIDNEYTIFL2DAXIAL-30038_1-14.dcm", "annotation": [{"key": {"text": "Institution Name", "bbox": [138, 21, 187, 26]}, "value": {"text": "", "bbox": [0, 0, 0, 0]}}, {"key": {"text": "Study Date", "bbox": [138, 30, 171, 36]}, "value": {"text": "2023 Jul 29", "bbox": [175, 30, 207, 36]}}, {"key": {"text": "Patient ID", "bbox": [138, 39, 168, 44]}, "value": {"text": "9894340694", "bbox": [172, 40, 207, 44]}}, {"key": {"text": "Name", "bbox": [138, 49, 156, 53]}, "value": {"text": "ELLIOTT FALSO", "bbox": [160, 49, 202, 53]}}, {"key": {"text": "Age", "bbox": [138, 58, 151, 63]}, "value": {"text": "60", "bbox": [155, 58, 162, 62]}}, {"key": {"text": "DOB", "bbox": [138, 67, 152, 71]}, "value": {"text": "04/25/1963", "bbox": [156, 67, 188, 71]}}]}