{"filename": "9894340694_04-16-1997-MRI_ABDOMEN_PELVIS_WWO_CONT-87318_16_000000-LIVER-PELVISHASTESAGPOS-74838_1-14.dcm", "annotation": [{"key": {"text": "Institution Name", "bbox": [49, 33, 98, 38]}, "value": {"text": "", "bbox": [0, 0, 0, 0]}}, {"key": {"text": "Study Date", "bbox": [49, 42, 82, 48]}, "value": {"text": "2023 Jan 08", "bbox": [86, 43, 120, 48]}}, {"key": {"text": "Patient ID", "bbox": [49, 51, 79, 56]}, "value": {"text": "9894340694", "bbox": [83, 52, 118, 56]}}, {"key": {"text": "Name", "bbox": [49, 61, 67, 65]}, "value": {"text": "MEGAN SAVEN", "bbox": [71, 61, 112, 65]}}, {"key": {"text": "Age", "bbox": [49, 70, 62, 75]}, "value": {"text": "28", "bbox": [66, 70, 73, 74]}}, {"key": {"text": "DOB", "bbox": [49, 79, 63, 83]}, "value": {"text": "09/13/1994", "bbox": [67, 79, 99, 83]}}]}