{"filename": "9894340694_04-16-1997-MRI_ABDOMEN_PELVIS_WWO_CONT-87318_16_000000-LIVER-PELVISHASTESAGPOS-74838_1-06.dcm", "annotation": [{"key": {"text": "Institution Name", "bbox": [33, 16, 82, 21]}, "value": {"text": "", "bbox": [0, 0, 0, 0]}}, {"key": {"text": "Study Date", "bbox": [33, 25, 66, 31]}, "value": {"text": "2023 Aug 01", "bbox": [70, 26, 106, 31]}}, {"key": {"text": "Patient ID", "bbox": [33, 34, 63, 39]}, "value": {"text": "9894340694", "bbox": [67, 35, 102, 39]}}, {"key": {"text": "Name", "bbox": [33, 44, 51, 48]}, "value": {"text": "DEANGELO KANARIS", "bbox": [55, 44, 113, 48]}}, {"key": {"text": "Age", "bbox": [33, 53, 46, 58]}, "value": {"text": "73", "bbox": [50, 53, 57, 57]}}, {"key": {"text": "DOB", "bbox": [33, 62, 47, 66]}, "value": {"text": "06/17/1950", "bbox": [51, 62, 83, 66]}}]}