{"filename": "9894340694_04-16-1997-MRI_ABDOMEN_PELVIS_WWO_CONT-87318_15_000000-LIVER-PELVISHASTEAXIALP-65398_1-11.dcm", "annotation": [{"key": {"text": "Institution Name", "bbox": [39, 35, 88, 40]}, "value": {"text": "", "bbox": [0, 0, 0, 0]}}, {"key": {"text": "Study Date", "bbox": [39, 44, 72, 50]}, "value": {"text": "2023 May 24", "bbox": [76, 45, 112, 50]}}, {"key": {"text": "Patient ID", "bbox": [39, 53, 69, 58]}, "value": {"text": "9894340694", "bbox": [73, 54, 108, 58]}}, {"key": {"text": "Name", "bbox": [39, 63, 57, 67]}, "value": {"text": "Gavin Enix", "bbox": [61, 62, 91, 67]}}, {"key": {"text": "Age", "bbox": [39, 72, 52, 77]}, "value": {"text": "35", "bbox": [56, 72, 63, 76]}}, {"key": {"text": "DOB", "bbox": [39, 81, 53, 85]}, "value": {"text": "01/10/1988", "bbox": [57, 81, 89, 85]}}]}