{"filename": "9894340694_04-16-1997-MRI_ABDOMEN_PELVIS_WWO_CONT-87318_15_000000-LIVER-PELVISHASTEAXIALP-65398_1-18.dcm", "annotation": [{"key": {"text": "Institution Name", "bbox": [47, 16, 96, 21]}, "value": {"text": "", "bbox": [0, 0, 0, 0]}}, {"key": {"text": "Study Date", "bbox": [47, 25, 80, 31]}, "value": {"text": "2023 Sep 12", "bbox": [84, 26, 119, 31]}}, {"key": {"text": "Patient ID", "bbox": [47, 34, 77, 39]}, "value": {"text": "9894340694", "bbox": [81, 35, 116, 39]}}, {"key": {"text": "Name", "bbox": [47, 44, 65, 48]}, "value": {"text": "CALANDRA LADWIG", "bbox": [69, 44, 124, 48]}}, {"key": {"text": "Age", "bbox": [47, 53, 60, 58]}, "value": {"text": "28", "bbox": [64, 53, 71, 57]}}, {"key": {"text": "DOB", "bbox": [47, 62, 61, 66]}, "value": {"text": "10/28/1994", "bbox": [65, 62, 97, 66]}}]}