{"filename": "9894340694_04-16-1997-MRI_ABDOMEN_PELVIS_WWO_CONT-87318_15_000000-LIVER-PELVISHASTEAXIALP-65398_1-21.dcm", "annotation": [{"key": {"text": "Institution Name", "bbox": [148, 30, 197, 35]}, "value": {"text": "", "bbox": [0, 0, 0, 0]}}, {"key": {"text": "Study Date", "bbox": [148, 39, 181, 45]}, "value": {"text": "2023 Dec 24", "bbox": [185, 40, 220, 44]}}, {"key": {"text": "Patient ID", "bbox": [148, 48, 178, 53]}, "value": {"text": "9894340694", "bbox": [182, 49, 217, 53]}}, {"key": {"text": "Name", "bbox": [148, 58, 166, 62]}, "value": {"text": "MARA VANCHERI", "bbox": [170, 58, 217, 62]}}, {"key": {"text": "Age", "bbox": [148, 67, 161, 72]}, "value": {"text": "15", "bbox": [165, 67, 172, 71]}}, {"key": {"text": "DOB", "bbox": [148, 76, 162, 80]}, "value": {"text": "03/04/2008", "bbox": [166, 76, 198, 80]}}]}