{"filename": "9894340694_04-16-1997-MRI_ABDOMEN_PELVIS_WWO_CONT-87318_16_000000-LIVER-PELVISHASTESAGPOS-74838_1-12.dcm", "annotation": [{"key": {"text": "Study Date"}, "value": {"text": "2023 Jun 08", "bbox": [38, 27, 72, 32]}}, {"key": {"text": "Name"}, "value": {"text": "Mimi Ballance", "bbox": [76, 26, 116, 31]}}, {"key": {"text": "Patient Sex"}, "value": {"text": "M", "bbox": [120, 27, 125, 31]}}, {"key": {"text": "DOB", "bbox": [38, 36, 52, 40]}, "value": {"text": "01/17/1978", "bbox": [56, 36, 88, 40]}}]}