{"filename": "9894340694_04-16-1997-MRI_ABDOMEN_PELVIS_WWO_CONT-87318_15_000000-LIVER-PELVISHASTEAXIALP-65398_1-15.dcm", "annotation": [{"key": {"text": "Institution Name", "bbox": [135, 23, 184, 28]}, "value": {"text": "", "bbox": [0, 0, 0, 0]}}, {"key": {"text": "Study Date", "bbox": [135, 32, 168, 38]}, "value": {"text": "2023 Apr 27", "bbox": [172, 33, 207, 38]}}, {"key": {"text": "Patient ID", "bbox": [135, 41, 165, 46]}, "value": {"text": "9894340694", "bbox": [169, 42, 204, 46]}}, {"key": {"text": "Name", "bbox": [135, 51, 153, 55]}, "value": {"text": "Gabriela Aslam", "bbox": [157, 50, 200, 55]}}, {"key": {"text": "Age", "bbox": [135, 60, 148, 65]}, "value": {"text": "58", "bbox": [152, 60, 159, 64]}}, {"key": {"text": "DOB", "bbox": [135, 69, 149, 73]}, "value": {"text": "04/17/1965", "bbox": [153, 69, 185, 73]}}]}