{"filename": "9894340694_04-16-1997-MRI_ABDOMEN_PELVIS_WWO_CONT-87318_15_000000-LIVER-PELVISHASTEAXIALP-65398_1-02.dcm", "annotation": [{"key": {"text": "Institution Name", "bbox": [38, 215, 87, 220]}, "value": {"text": "", "bbox": [0, 0, 0, 0]}}, {"key": {"text": "Study Date", "bbox": [38, 224, 71, 230]}, "value": {"text": "2023 May 14", "bbox": [75, 225, 111, 230]}}, {"key": {"text": "Patient ID", "bbox": [38, 233, 68, 238]}, "value": {"text": "9894340694", "bbox": [72, 234, 107, 238]}}, {"key": {"text": "Name", "bbox": [38, 243, 56, 247]}, "value": {"text": "MALORIE HUNTSMAN", "bbox": [60, 243, 119, 247]}}]}