{"filename": "9894340694_04-16-1997-MRI_ABDOMEN_PELVIS_WWO_CONT-87318_15_000000-LIVER-PELVISHASTEAXIALP-65398_1-23.dcm", "annotation": [{"key": {"text": "Institution Name", "bbox": [149, 35, 198, 40]}, "value": {"text": "", "bbox": [0, 0, 0, 0]}}, {"key": {"text": "Study Date", "bbox": [149, 44, 182, 50]}, "value": {"text": "2023 Jan 20", "bbox": [186, 45, 220, 50]}}, {"key": {"text": "Patient ID", "bbox": [149, 53, 179, 58]}, "value": {"text": "9894340694", "bbox": [183, 54, 218, 58]}}, {"key": {"text": "Name", "bbox": [149, 63, 167, 67]}, "value": {"text": "THELMA EDLIN", "bbox": [171, 63, 213, 67]}}, {"key": {"text": "Age", "bbox": [149, 72, 162, 77]}, "value": {"text": "43", "bbox": [166, 72, 173, 76]}}, {"key": {"text": "DOB", "bbox": [149, 81, 163, 85]}, "value": {"text": "01/19/1980", "bbox": [167, 81, 199, 85]}}]}