{"filename": "9894340694_04-16-1997-MRI_ABDOMEN_PELVIS_WWO_CONT-87318_6_000000-LIVER-KIDNEYTIFL2DAXIAL-30038_1-13.dcm", "annotation": [{"key": {"text": "Institution Name", "bbox": [152, 30, 201, 35]}, "value": {"text": "", "bbox": [0, 0, 0, 0]}}, {"key": {"text": "Study Date", "bbox": [152, 39, 185, 45]}, "value": {"text": "2023 Jun 15", "bbox": [189, 40, 223, 45]}}, {"key": {"text": "Patient ID", "bbox": [152, 48, 182, 53]}, "value": {"text": "9894340694", "bbox": [186, 49, 221, 53]}}, {"key": {"text": "Name", "bbox": [152, 58, 170, 62]}, "value": {"text": "YOULANDA PALIN", "bbox": [173, 58, 223, 62]}}, {"key": {"text": "Age", "bbox": [152, 67, 165, 72]}, "value": {"text": "65", "bbox": [169, 67, 176, 71]}}, {"key": {"text": "DOB", "bbox": [152, 76, 166, 80]}, "value": {"text": "02/22/1958", "bbox": [170, 76, 202, 80]}}]}