{"filename": "9894340694_04-16-1997-MRI_ABDOMEN_PELVIS_WWO_CONT-87318_6_000000-LIVER-KIDNEYTIFL2DAXIAL-30038_1-19.dcm", "annotation": [{"key": {"text": "Institution Name", "bbox": [46, 216, 95, 221]}, "value": {"text": "", "bbox": [0, 0, 0, 0]}}, {"key": {"text": "Study Date", "bbox": [46, 225, 79, 231]}, "value": {"text": "2023 Nov 01", "bbox": [83, 226, 119, 230]}}, {"key": {"text": "Patient ID", "bbox": [46, 234, 76, 239]}, "value": {"text": "9894340694", "bbox": [80, 235, 115, 239]}}, {"key": {"text": "Name", "bbox": [46, 244, 64, 248]}, "value": {"text": "LOUIE FAIOLA", "bbox": [68, 244, 106, 248]}}]}