{"filename": "9894340694_04-16-1997-MRI_ABDOMEN_PELVIS_WWO_CONT-87318_6_000000-LIVER-KIDNEYTIFL2DAXIAL-30038_1-05.dcm", "annotation": [{"key": {"text": "Study Date"}, "value": {"text": "2023 Mar 23", "bbox": [150, 25, 186, 29]}}, {"key": {"text": "Name"}, "value": {"text": "Jerlene Weikel", "bbox": [189, 24, 231, 30]}}, {"key": {"text": "Patient Sex"}, "value": {"text": "M", "bbox": [235, 25, 240, 29]}}, {"key": {"text": "DOB", "bbox": [150, 34, 164, 38]}, "value": {"text": "10/24/1996", "bbox": [168, 34, 200, 38]}}]}