{"filename": "9894340694_04-16-1997-MRI_ABDOMEN_PELVIS_WWO_CONT-87318_16_000000-LIVER-PELVISHASTESAGPOS-74838_1-07.dcm", "annotation": [{"key": {"text": "Institution Name", "bbox": [149, 38, 198, 43]}, "value": {"text": "", "bbox": [0, 0, 0, 0]}}, {"key": {"text": "Study Date", "bbox": [149, 47, 182, 53]}, "value": {"text": "2023 May 20", "bbox": [186, 48, 222, 53]}}, {"key": {"text": "Patient ID", "bbox": [149, 56, 179, 61]}, "value": {"text": "9894340694", "bbox": [183, 57, 218, 61]}}, {"key": {"text": "Name", "bbox": [149, 66, 167, 70]}, "value": {"text": "ALVIN SCHNACKEL", "bbox": [171, 66, 224, 70]}}, {"key": {"text": "Age", "bbox": [149, 75, 162, 80]}, "value": {"text": "65", "bbox": [166, 75, 173, 79]}}, {"key": {"text": "DOB", "bbox": [149, 84, 163, 88]}, "value": {"text": "10/24/1957", "bbox": [167, 84, 199, 88]}}]}