{"filename": "9894340694_04-16-1997-MRI_ABDOMEN_PELVIS_WWO_CONT-87318_16_000000-LIVER-PELVISHASTESAGPOS-74838_1-18.dcm", "annotation": [{"key": {"text": "Study Date"}, "value": {"text": "2023 Dec 23", "bbox": [129, 212, 164, 216]}}, {"key": {"text": "Name"}, "value": {"text": "Rosena Gumz", "bbox": [168, 212, 206, 216]}}, {"key": {"text": "Patient Sex"}, "value": {"text": "F", "bbox": [210, 212, 213, 216]}}, {"key": {"text": "DOB", "bbox": [129, 221, 143, 225]}, "value": {"text": "01/25/1997", "bbox": [147, 221, 179, 225]}}]}