{"filename": "9894340694_04-16-1997-MRI_ABDOMEN_PELVIS_WWO_CONT-87318_16_000000-LIVER-PELVISHASTESAGPOS-74838_1-04.dcm", "annotation": [{"key": {"text": "Institution Name", "bbox": [35, 17, 84, 22]}, "value": {"text": "", "bbox": [0, 0, 0, 0]}}, {"key": {"text": "Study Date", "bbox": [35, 26, 68, 32]}, "value": {"text": "2023 Jun 06", "bbox": [72, 27, 106, 32]}}, {"key": {"text": "Patient ID", "bbox": [35, 35, 65, 40]}, "value": {"text": "9894340694", "bbox": [69, 36, 104, 40]}}, {"key": {"text": "Name", "bbox": [35, 45, 53, 49]}, "value": {"text": "RIMA BOGGS", "bbox": [57, 45, 94, 49]}}, {"key": {"text": "Age", "bbox": [35, 54, 48, 59]}, "value": {"text": "57", "bbox": [52, 54, 59, 58]}}, {"key": {"text": "DOB", "bbox": [35, 63, 49, 67]}, "value": {"text": "09/25/1965", "bbox": [53, 63, 85, 67]}}]}