{"filename": "9894340694_04-16-1997-MRI_ABDOMEN_PELVIS_WWO_CONT-87318_15_000000-LIVER-PELVISHASTEAXIALP-65398_1-19.dcm", "annotation": [{"key": {"text": "Institution Name", "bbox": [135, 38, 184, 43]}, "value": {"text": "", "bbox": [0, 0, 0, 0]}}, {"key": {"text": "Study Date", "bbox": [135, 47, 168, 53]}, "value": {"text": "2023 Jan 19", "bbox": [172, 48, 206, 53]}}, {"key": {"text": "Patient ID", "bbox": [135, 56, 165, 61]}, "value": {"text": "9894340694", "bbox": [169, 57, 204, 61]}}, {"key": {"text": "Name", "bbox": [135, 66, 153, 70]}, "value": {"text": "KELSEY BARJENBRUCH", "bbox": [157, 66, 220, 71]}}, {"key": {"text": "Age", "bbox": [135, 75, 148, 80]}, "value": {"text": "47", "bbox": [152, 75, 159, 79]}}, {"key": {"text": "DOB", "bbox": [135, 84, 149, 88]}, "value": {"text": "03/02/1975", "bbox": [153, 84, 185, 88]}}]}