{"filename": "9894340694_04-16-1997-MRI_ABDOMEN_PELVIS_WWO_CONT-87318_16_000000-LIVER-PELVISHASTESAGPOS-74838_1-24.dcm", "annotation": [{"key": {"text": "Institution Name", "bbox": [30, 16, 79, 21]}, "value": {"text": "", "bbox": [0, 0, 0, 0]}}, {"key": {"text": "Study Date", "bbox": [30, 25, 63, 31]}, "value": {"text": "2023 Jun 29", "bbox": [67, 26, 101, 31]}}, {"key": {"text": "Patient ID", "bbox": [30, 34, 60, 39]}, "value": {"text": "9894340694", "bbox": [64, 35, 99, 39]}}, {"key": {"text": "Name", "bbox": [30, 44, 48, 48]}, "value": {"text": "Melisa Penix", "bbox": [52, 43, 88, 48]}}, {"key": {"text": "Age", "bbox": [30, 53, 43, 58]}, "value": {"text": "63", "bbox": [47, 53, 54, 57]}}, {"key": {"text": "DOB", "bbox": [30, 62, 44, 66]}, "value": {"text": "10/14/1959", "bbox": [48, 62, 80, 66]}}]}