{"filename": "9894340694_04-16-1997-MRI_ABDOMEN_PELVIS_WWO_CONT-87318_16_000000-LIVER-PELVISHASTESAGPOS-74838_1-01.dcm", "annotation": [{"key": {"text": "Institution Name", "bbox": [139, 20, 188, 25]}, "value": {"text": "", "bbox": [0, 0, 0, 0]}}, {"key": {"text": "Study Date", "bbox": [139, 29, 172, 35]}, "value": {"text": "2023 Mar 04", "bbox": [176, 30, 212, 34]}}, {"key": {"text": "Patient ID", "bbox": [139, 38, 169, 43]}, "value": {"text": "9894340694", "bbox": [173, 39, 208, 43]}}, {"key": {"text": "Name", "bbox": [139, 48, 157, 52]}, "value": {"text": "KIM ZANNINI", "bbox": [161, 48, 197, 52]}}, {"key": {"text": "Age", "bbox": [139, 57, 152, 62]}, "value": {"text": "24", "bbox": [156, 57, 163, 61]}}, {"key": {"text": "DOB", "bbox": [139, 66, 153, 70]}, "value": {"text": "02/03/1999", "bbox": [157, 66, 189, 70]}}]}