{"filename": "9894340694_04-16-1997-MRI_ABDOMEN_PELVIS_WWO_CONT-87318_16_000000-LIVER-PELVISHASTESAGPOS-74838_1-05.dcm", "annotation": [{"key": {"text": "Institution Name", "bbox": [41, 201, 90, 206]}, "value": {"text": "", "bbox": [0, 0, 0, 0]}}, {"key": {"text": "Study Date", "bbox": [41, 210, 74, 216]}, "value": {"text": "2023 Feb 14", "bbox": [78, 210, 113, 215]}}, {"key": {"text": "Patient ID", "bbox": [41, 219, 71, 224]}, "value": {"text": "9894340694", "bbox": [75, 220, 110, 224]}}, {"key": {"text": "Name", "bbox": [41, 229, 59, 233]}, "value": {"text": "LAURAN LOTSPEICH", "bbox": [63, 229, 119, 233]}}, {"key": {"text": "Age", "bbox": [41, 238, 54, 243]}, "value": {"text": "54", "bbox": [58, 238, 65, 242]}}, {"key": {"text": "DOB", "bbox": [41, 247, 55, 251]}, "value": {"text": "09/01/1968", "bbox": [59, 247, 91, 251]}}]}