{"filename": "9894340694_04-16-1997-MRI_ABDOMEN_PELVIS_WWO_CONT-87318_6_000000-LIVER-KIDNEYTIFL2DAXIAL-30038_1-07.dcm", "annotation": [{"key": {"text": "Study Date"}, "value": {"text": "2023 Apr 09", "bbox": [143, 202, 178, 207]}}, {"key": {"text": "Name"}, "value": {"text": "Pablo Sonner", "bbox": [182, 201, 220, 206]}}, {"key": {"text": "Patient Sex"}, "value": {"text": "M", "bbox": [224, 202, 229, 206]}}, {"key": {"text": "DOB", "bbox": [143, 211, 157, 215]}, "value": {"text": "08/12/1967", "bbox": [161, 211, 193, 215]}}]}