{"filename": "9894340694_04-16-1997-MRI_ABDOMEN_PELVIS_WWO_CONT-87318_6_000000-LIVER-KIDNEYTIFL2DAXIAL-30038_1-11.dcm", "annotation": [{"key": {"text": "Institution Name", "bbox": [43, 30, 92, 35]}, "value": {"text": "", "bbox": [0, 0, 0, 0]}}, {"key": {"text": "Study Date", "bbox": [43, 39, 76, 45]}, "value": {"text": "2023 Aug 01", "bbox": [80, 40, 116, 45]}}, {"key": {"text": "Patient ID", "bbox": [43, 48, 73, 53]}, "value": {"text": "9894340694", "bbox": [77, 49, 112, 53]}}, {"key": {"text": "Name", "bbox": [43, 58, 61, 62]}, "value": {"text": "DIONNA CARSE", "bbox": [65, 58, 108, 62]}}, {"key": {"text": "Age", "bbox": [43, 67, 56, 72]}, "value": {"text": "81", "bbox": [60, 67, 67, 71]}}, {"key": {"text": "DOB", "bbox": [43, 76, 57, 80]}, "value": {"text": "08/02/1941", "bbox": [61, 76, 93, 80]}}]}