{"filename": "9894340694_04-16-1997-MRI_ABDOMEN_PELVIS_WWO_CONT-87318_15_000000-LIVER-PELVISHASTEAXIALP-65398_1-20.dcm", "annotation": [{"key": {"text": "Institution Name", "bbox": [151, 18, 200, 23]}, "value": {"text": "", "bbox": [0, 0, 0, 0]}}, {"key": {"text": "Study Date", "bbox": [151, 27, 184, 33]}, "value": {"text": "2023 Aug 08", "bbox": [188, 28, 224, 33]}}, {"key": {"text": "Patient ID", "bbox": [151, 36, 181, 41]}, "value": {"text": "9894340694", "bbox": [185, 37, 220, 41]}}, {"key": {"text": "Name", "bbox": [151, 46, 169, 50]}, "value": {"text": "JUDY HAYMOND", "bbox": [172, 46, 217, 51]}}, {"key": {"text": "Age", "bbox": [151, 55, 164, 60]}, "value": {"text": "37", "bbox": [168, 55, 175, 59]}}, {"key": {"text": "DOB", "bbox": [151, 64, 165, 68]}, "value": {"text": "12/15/1985", "bbox": [169, 64, 201, 68]}}]}