{"filename": "9894340694_04-16-1997-MRI_ABDOMEN_PELVIS_WWO_CONT-87318_16_000000-LIVER-PELVISHASTESAGPOS-74838_1-02.dcm", "annotation": [{"key": {"text": "Institution Name", "bbox": [143, 35, 192, 40]}, "value": {"text": "", "bbox": [0, 0, 0, 0]}}, {"key": {"text": "Study Date", "bbox": [143, 44, 176, 50]}, "value": {"text": "2023 Nov 30", "bbox": [180, 45, 216, 49]}}, {"key": {"text": "Patient ID", "bbox": [143, 53, 173, 58]}, "value": {"text": "9894340694", "bbox": [177, 54, 212, 58]}}, {"key": {"text": "Name", "bbox": [143, 63, 161, 67]}, "value": {"text": "Lucien Luvianos", "bbox": [165, 62, 210, 67]}}, {"key": {"text": "Age", "bbox": [143, 72, 156, 77]}, "value": {"text": "20", "bbox": [160, 72, 167, 76]}}, {"key": {"text": "DOB", "bbox": [143, 81, 157, 85]}, "value": {"text": "11/11/2003", "bbox": [161, 81, 193, 85]}}]}