{"filename": "9894340694_04-16-1997-MRI_ABDOMEN_PELVIS_WWO_CONT-87318_16_000000-LIVER-PELVISHASTESAGPOS-74838_1-26.dcm", "annotation": [{"key": {"text": "Institution Name", "bbox": [40, 29, 89, 34]}, "value": {"text": "", "bbox": [0, 0, 0, 0]}}, {"key": {"text": "Study Date", "bbox": [40, 38, 73, 44]}, "value": {"text": "2023 Mar 03", "bbox": [77, 39, 113, 43]}}, {"key": {"text": "Patient ID", "bbox": [40, 47, 70, 52]}, "value": {"text": "9894340694", "bbox": [74, 48, 109, 52]}}, {"key": {"text": "Name", "bbox": [40, 57, 58, 61]}, "value": {"text": "Reba Casimiro", "bbox": [62, 56, 103, 61]}}, {"key": {"text": "Age", "bbox": [40, 66, 53, 71]}, "value": {"text": "81", "bbox": [57, 66, 64, 70]}}, {"key": {"text": "DOB", "bbox": [40, 75, 54, 79]}, "value": {"text": "01/20/1942", "bbox": [58, 75, 90, 79]}}]}