{"filename": "9894340694_04-16-1997-MRI_ABDOMEN_PELVIS_WWO_CONT-87318_15_000000-LIVER-PELVISHASTEAXIALP-65398_1-12.dcm", "annotation": [{"key": {"text": "Institution Name", "bbox": [135, 217, 184, 222]}, "value": {"text": "", "bbox": [0, 0, 0, 0]}}, {"key": {"text": "Study Date", "bbox": [135, 226, 168, 232]}, "value": {"text": "2023 Mar 21", "bbox": [172, 227, 208, 231]}}, {"key": {"text": "Patient ID", "bbox": [135, 235, 165, 240]}, "value": {"text": "9894340694", "bbox": [169, 236, 204, 240]}}, {"key": {"text": "Name", "bbox": [135, 245, 153, 249]}, "value": {"text": "TARSHA JANOUSEK", "bbox": [157, 245, 211, 250]}}]}