{"filename": "9894340694_04-16-1997-MRI_ABDOMEN_PELVIS_WWO_CONT-87318_6_000000-LIVER-KIDNEYTIFL2DAXIAL-30038_1-18.dcm", "annotation": [{"key": {"text": "Institution Name", "bbox": [133, 32, 182, 37]}, "value": {"text": "", "bbox": [0, 0, 0, 0]}}, {"key": {"text": "Study Date", "bbox": [133, 41, 166, 47]}, "value": {"text": "2023 Oct 27", "bbox": [170, 42, 205, 46]}}, {"key": {"text": "Patient ID", "bbox": [133, 50, 163, 55]}, "value": {"text": "9894340694", "bbox": [167, 51, 202, 55]}}, {"key": {"text": "Name", "bbox": [133, 60, 151, 64]}, "value": {"text": "ETTIE LEV", "bbox": [155, 60, 183, 64]}}, {"key": {"text": "Age", "bbox": [133, 69, 146, 74]}, "value": {"text": "30", "bbox": [150, 69, 157, 73]}}, {"key": {"text": "DOB", "bbox": [133, 78, 147, 82]}, "value": {"text": "03/06/1993", "bbox": [151, 78, 183, 82]}}]}