{"filename": "9894340694_04-16-1997-MRI_ABDOMEN_PELVIS_WWO_CONT-87318_16_000000-LIVER-PELVISHASTESAGPOS-74838_1-11.dcm", "annotation": [{"key": {"text": "Institution Name", "bbox": [133, 199, 182, 204]}, "value": {"text": "", "bbox": [0, 0, 0, 0]}}, {"key": {"text": "Study Date", "bbox": [133, 208, 166, 214]}, "value": {"text": "2023 May 28", "bbox": [170, 209, 206, 214]}}, {"key": {"text": "Patient ID", "bbox": [133, 217, 163, 222]}, "value": {"text": "9894340694", "bbox": [167, 218, 202, 222]}}, {"key": {"text": "Name", "bbox": [133, 227, 151, 231]}, "value": {"text": "SHENNA PAVEGLIO", "bbox": [155, 227, 208, 231]}}, {"key": {"text": "Age", "bbox": [133, 236, 146, 241]}, "value": {"text": "63", "bbox": [150, 236, 157, 240]}}, {"key": {"text": "DOB", "bbox": [133, 245, 147, 249]}, "value": {"text": "10/27/1959", "bbox": [151, 245, 183, 249]}}]}