{"filename": "9894340694_04-16-1997-MRI_ABDOMEN_PELVIS_WWO_CONT-87318_15_000000-LIVER-PELVISHASTEAXIALP-65398_1-03.dcm", "annotation": [{"key": {"text": "Institution Name", "bbox": [46, 16, 95, 21]}, "value": {"text": "", "bbox": [0, 0, 0, 0]}}, {"key": {"text": "Study Date", "bbox": [46, 25, 79, 31]}, "value": {"text": "2023 May 28", "bbox": [83, 26, 119, 31]}}, {"key": {"text": "Patient ID", "bbox": [46, 34, 76, 39]}, "value": {"text": "9894340694", "bbox": [80, 35, 115, 39]}}, {"key": {"text": "Name", "bbox": [46, 44, 64, 48]}, "value": {"text": "Neely Deyarmin", "bbox": [68, 43, 113, 49]}}, {"key": {"text": "Age", "bbox": [46, 53, 59, 58]}, "value": {"text": "75", "bbox": [63, 53, 70, 57]}}, {"key": {"text": "DOB", "bbox": [46, 62, 60, 66]}, "value": {"text": "12/05/1947", "bbox": [64, 62, 96, 66]}}]}