{"filename": "9894340694_04-16-1997-MRI_ABDOMEN_PELVIS_WWO_CONT-87318_15_000000-LIVER-PELVISHASTEAXIALP-65398_1-07.dcm", "annotation": [{"key": {"text": "Institution Name", "bbox": [32, 32, 81, 37]}, "value": {"text": "", "bbox": [0, 0, 0, 0]}}, {"key": {"text": "Study Date", "bbox": [32, 41, 65, 47]}, "value": {"text": "2023 Dec 10", "bbox": [69, 42, 104, 46]}}, {"key": {"text": "Patient ID", "bbox": [32, 50, 62, 55]}, "value": {"text": "9894340694", "bbox": [66, 51, 101, 55]}}, {"key": {"text": "Name", "bbox": [32, 60, 50, 64]}, "value": {"text": "Frank Andrus", "bbox": [54, 59, 92, 64]}}, {"key": {"text": "Age", "bbox": [32, 69, 45, 74]}, "value": {"text": "64", "bbox": [49, 69, 56, 73]}}, {"key": {"text": "DOB", "bbox": [32, 78, 46, 82]}, "value": {"text": "05/29/1959", "bbox": [50, 78, 82, 82]}}]}