{"filename": "9894340694_04-16-1997-MRI_ABDOMEN_PELVIS_WWO_CONT-87318_15_000000-LIVER-PELVISHASTEAXIALP-65398_1-24.dcm", "annotation": [{"key": {"text": "Study Date"}, "value": {"text": "2023 Mar 02", "bbox": [40, 24, 76, 28]}}, {"key": {"text": "Name"}, "value": {"text": "LAKESHA POLLO", "bbox": [80, 24, 126, 28]}}, {"key": {"text": "Patient Sex"}, "value": {"text": "F", "bbox": [130, 24, 133, 28]}}, {"key": {"text": "DOB", "bbox": [40, 33, 54, 37]}, "value": {"text": "12/18/2008", "bbox": [58, 33, 90, 37]}}]}