{"filename": "9894340694_04-16-1997-MRI_ABDOMEN_PELVIS_WWO_CONT-87318_15_000000-LIVER-PELVISHASTEAXIALP-65398_1-14.dcm", "annotation": [{"key": {"text": "Study Date"}, "value": {"text": "2023 Jul 18", "bbox": [151, 18, 183, 24]}}, {"key": {"text": "Name"}, "value": {"text": "Tanesha Lyew", "bbox": [187, 18, 226, 24]}}, {"key": {"text": "Patient Sex"}, "value": {"text": "F", "bbox": [230, 19, 233, 23]}}, {"key": {"text": "DOB", "bbox": [151, 28, 165, 32]}, "value": {"text": "06/20/2004", "bbox": [169, 28, 201, 32]}}]}