{"filename": "9894340694_04-16-1997-MRI_ABDOMEN_PELVIS_WWO_CONT-87318_6_000000-LIVER-KIDNEYTIFL2DAXIAL-30038_1-08.dcm", "annotation": [{"key": {"text": "Institution Name", "bbox": [46, 203, 95, 208]}, "value": {"text": "", "bbox": [0, 0, 0, 0]}}, {"key": {"text": "Study Date", "bbox": [46, 212, 79, 218]}, "value": {"text": "2023 Feb 21", "bbox": [83, 212, 118, 217]}}, {"key": {"text": "Patient ID", "bbox": [46, 221, 76, 226]}, "value": {"text": "9894340694", "bbox": [80, 222, 115, 226]}}, {"key": {"text": "Name", "bbox": [46, 231, 64, 235]}, "value": {"text": "LANA POFAHL", "bbox": [68, 231, 108, 235]}}, {"key": {"text": "Age", "bbox": [46, 240, 59, 245]}, "value": {"text": "80", "bbox": [63, 240, 70, 244]}}, {"key": {"text": "DOB", "bbox": [46, 249, 60, 253]}, "value": {"text": "05/24/1942", "bbox": [64, 249, 96, 253]}}]}