{"filename": "9894340694_04-16-1997-MRI_ABDOMEN_PELVIS_WWO_CONT-87318_16_000000-LIVER-PELVISHASTESAGPOS-74838_1-20.dcm", "annotation": [{"key": {"text": "Institution Name", "bbox": [45, 33, 94, 38]}, "value": {"text": "", "bbox": [0, 0, 0, 0]}}, {"key": {"text": "Study Date", "bbox": [45, 42, 78, 48]}, "value": {"text": "2023 Jun 14", "bbox": [82, 43, 116, 48]}}, {"key": {"text": "Patient ID", "bbox": [45, 51, 75, 56]}, "value": {"text": "9894340694", "bbox": [79, 52, 114, 56]}}, {"key": {"text": "Name", "bbox": [45, 61, 63, 65]}, "value": {"text": "Jordon Akpan", "bbox": [66, 60, 105, 66]}}, {"key": {"text": "Age", "bbox": [45, 70, 58, 75]}, "value": {"text": "43", "bbox": [62, 70, 69, 74]}}, {"key": {"text": "DOB", "bbox": [45, 79, 59, 83]}, "value": {"text": "01/27/1980", "bbox": [63, 79, 95, 83]}}]}